node_id,q,s_p,s_t,s_s
0,1e-06,0.0,0.0,0.0
1,1e-06,0.0,0.0,0.0
2,1e-06,0.0,0.0,0.0
3,1e-06,0.0,0.0,0.0
4,1e-06,0.0,0.0,0.0
5,1e-06,0.0,0.0,0.0
6,1e-06,0.0,0.0,0.0
7,1e-06,0.0,0.0,0.0
8,1e-06,0.0,0.0,0.0
9,1e-06,0.0,0.0,0.0
10,1e-06,0.0,0.0,0.0
11,1e-06,0.0,0.0,0.0
12,1e-06,0.0,0.0,0.0
13,1e-06,0.0,0.0,0.0
14,1e-06,0.0,0.0,0.0
15,1e-06,0.0,0.0,0.0
16,1e-06,0.0,0.0,0.0
17,1e-06,0.0,0.0,0.0
18,1e-06,0.0,0.0,0.0
19,1e-06,0.0,0.0,0.0
20,1e-06,0.0,0.0,0.0
21,1e-06,0.0,0.0,0.0
22,1e-06,0.0,0.0,0.0
23,1e-06,0.0,0.0,0.0
24,1e-06,0.0,0.0,0.0
25,1e-06,0.0,0.0,0.0
26,1e-06,0.0,0.0,0.0
27,1e-06,0.0,0.0,0.0
28,1e-06,0.0,0.0,0.0
29,1e-06,0.0,0.0,0.0
30,1e-06,0.0,0.0,0.0
31,1e-06,0.0,0.0,0.0
32,1e-06,0.0,0.0,0.0
33,1e-06,0.0,0.0,0.0
34,1e-06,0.0,0.0,0.0
35,1e-06,0.0,0.0,0.0
36,1e-06,0.0,0.0,0.0
37,1e-06,0.0,0.0,0.0
38,1e-06,0.0,0.0,0.0
39,1e-06,0.0,0.0,0.0
40,1e-06,0.0,0.0,0.0
41,1e-06,0.0,0.0,0.0
42,1e-06,0.0,0.0,0.0
43,1e-06,0.0,0.0,0.0
44,1e-06,0.0,0.0,0.0
45,1e-06,0.0,0.0,0.0
46,1e-06,0.0,0.0,0.0
47,1e-06,0.0,0.0,0.0
48,1e-06,0.0,0.0,0.0
49,1e-06,0.0,0.0,0.0
50,1e-06,0.0,0.0,0.0
51,1e-06,0.0,0.0,0.0
52,1e-06,0.0,0.0,0.0
53,1e-06,0.0,0.0,0.0
54,1e-06,0.0,0.0,0.0
55,1e-06,0.0,0.0,0.0
56,1e-06,0.0,0.0,0.0
57,1e-06,0.0,0.0,0.0
58,1e-06,0.0,0.0,0.0
59,1e-06,0.0,0.0,0.0
60,1e-06,0.0,0.0,0.0
61,1e-06,0.0,0.0,0.0
62,1e-06,0.0,0.0,0.0
63,1e-06,0.0,0.0,0.0
64,1e-06,0.0,0.0,0.0
65,1e-06,0.0,0.0,0.0
66,1e-06,0.0,0.0,0.0
67,1e-06,0.0,0.0,0.0
68,1e-06,0.0,0.0,0.0
69,1e-06,0.0,0.0,0.0
70,1e-06,0.0,0.0,0.0
71,1e-06,0.0,0.0,0.0
72,1e-06,0.0,0.0,0.0
73,1e-06,0.0,0.0,0.0
74,1e-06,0.0,0.0,0.0
75,1e-06,0.0,0.0,0.0
76,1e-06,0.0,0.0,0.0
77,1e-06,0.0,0.0,0.0
78,1e-06,0.0,0.0,0.0
79,1e-06,0.0,0.0,0.0
80,1e-06,0.0,0.0,0.0
81,1e-06,0.0,0.0,0.0
82,1e-06,0.0,0.0,0.0
83,1e-06,0.0,0.0,0.0
84,1e-06,0.0,0.0,0.0
85,1e-06,0.0,0.0,0.0
86,1e-06,0.0,0.0,0.0
87,1e-06,0.0,0.0,0.0
88,1e-06,0.0,0.0,0.0
89,1e-06,0.0,0.0,0.0
90,1e-06,0.0,0.0,0.0
91,1e-06,0.0,0.0,0.0
92,1e-06,0.0,0.0,0.0
93,1e-06,0.0,0.0,0.0
94,1e-06,0.0,0.0,0.0
95,1e-06,0.0,0.0,0.0
96,1e-06,0.0,0.0,0.0
97,1e-06,0.0,0.0,0.0
98,1e-06,0.0,0.0,0.0
99,1e-06,0.0,0.0,0.0
100,1e-06,0.0,0.0,0.0
101,1e-06,0.0,0.0,0.0
102,1e-06,0.0,0.0,0.0
103,1e-06,0.0,0.0,0.0
104,1e-06,0.0,0.0,0.0
105,1e-06,0.0,0.0,0.0
106,1e-06,0.0,0.0,0.0
107,1e-06,0.0,0.0,0.0
108,1e-06,0.0,0.0,0.0
109,1e-06,0.0,0.0,0.0
110,1e-06,0.0,0.0,0.0
111,1e-06,0.0,0.0,0.0
112,1e-06,0.0,0.0,0.0
113,1e-06,0.0,0.0,0.0
114,1e-06,0.0,0.0,0.0
115,1e-06,0.0,0.0,0.0
116,1e-06,0.0,0.0,0.0
117,1e-06,0.0,0.0,0.0
118,1e-06,0.0,0.0,0.0
119,1e-06,0.0,0.0,0.0
120,1e-06,0.0,0.0,0.0
121,1e-06,0.0,0.0,0.0
122,1e-06,0.0,0.0,0.0
123,1e-06,0.0,0.0,0.0
124,1e-06,0.0,0.0,0.0
125,1e-06,0.0,0.0,0.0
126,1e-06,0.0,0.0,0.0
127,1e-06,0.0,0.0,0.0
128,1e-06,0.0,0.0,0.0
129,1e-06,0.0,0.0,0.0
130,1e-06,0.0,0.0,0.0
131,1e-06,0.0,0.0,0.0
132,1e-06,0.0,0.0,0.0
133,1e-06,0.0,0.0,0.0
134,1e-06,0.0,0.0,0.0
135,1e-06,0.0,0.0,0.0
136,1e-06,0.0,0.0,0.0
137,1e-06,0.0,0.0,0.0
138,1e-06,0.0,0.0,0.0
139,1e-06,0.0,0.0,0.0
140,1e-06,0.0,0.0,0.0
141,1e-06,0.0,0.0,0.0
142,1e-06,0.0,0.0,0.0
143,1e-06,0.0,0.0,0.0
144,1e-06,0.0,0.0,0.0
145,1e-06,0.0,0.0,0.0
146,1e-06,0.0,0.0,0.0
147,1e-06,0.0,0.0,0.0
148,1e-06,0.0,0.0,0.0
149,1e-06,0.0,0.0,0.0
150,1e-06,0.0,0.0,0.0
151,1e-06,0.0,0.0,0.0
152,1e-06,0.0,0.0,0.0
153,1e-06,0.0,0.0,0.0
154,1e-06,0.0,0.0,0.0
155,1e-06,0.0,0.0,0.0
156,1e-06,0.0,0.0,0.0
157,1e-06,0.0,0.0,0.0
158,1e-06,0.0,0.0,0.0
159,1e-06,0.0,0.0,0.0
160,1e-06,0.0,0.0,0.0
161,1e-06,0.0,0.0,0.0
162,1e-06,0.0,0.0,0.0
163,1e-06,0.0,0.0,0.0
164,1e-06,0.0,0.0,0.0
165,1e-06,0.0,0.0,0.0
166,1e-06,0.0,0.0,0.0
167,1e-06,0.0,0.0,0.0
168,1e-06,0.0,0.0,0.0
169,1e-06,0.0,0.0,0.0
170,1e-06,0.0,0.0,0.0
171,1e-06,0.0,0.0,0.0
172,1e-06,0.0,0.0,0.0
173,1e-06,0.0,0.0,0.0
174,1e-06,0.0,0.0,0.0
175,1e-06,0.0,0.0,0.0
176,1e-06,0.0,0.0,0.0
177,1e-06,0.0,0.0,0.0
178,1e-06,0.0,0.0,0.0
179,1e-06,0.0,0.0,0.0
180,1e-06,0.0,0.0,0.0
181,1e-06,0.0,0.0,0.0
182,1e-06,0.0,0.0,0.0
183,1e-06,0.0,0.0,0.0
184,1e-06,0.0,0.0,0.0
185,1e-06,0.0,0.0,0.0
186,1e-06,0.0,0.0,0.0
187,1e-06,0.0,0.0,0.0
188,1e-06,0.0,0.0,0.0
189,1e-06,0.0,0.0,0.0
190,1e-06,0.0,0.0,0.0
191,1e-06,0.0,0.0,0.0
192,1e-06,0.0,0.0,0.0
193,1e-06,0.0,0.0,0.0
194,1e-06,0.0,0.0,0.0
195,1e-06,0.0,0.0,0.0
196,1e-06,0.0,0.0,0.0
197,1e-06,0.0,0.0,0.0
198,1e-06,0.0,0.0,0.0
199,1e-06,0.0,0.0,0.0
200,1e-06,0.0,0.0,0.0
201,1e-06,0.0,0.0,0.0
202,1e-06,0.0,0.0,0.0
203,1e-06,0.0,0.0,0.0
204,1e-06,0.0,0.0,0.0
205,1e-06,0.0,0.0,0.0
206,1e-06,0.0,0.0,0.0
207,1e-06,0.0,0.0,0.0
208,1e-06,0.0,0.0,0.0
209,1e-06,0.0,0.0,0.0
210,1e-06,0.0,0.0,0.0
211,1e-06,0.0,0.0,0.0
212,1e-06,0.0,0.0,0.0
213,1e-06,0.0,0.0,0.0
214,1e-06,0.0,0.0,0.0
215,1e-06,0.0,0.0,0.0
216,1e-06,0.0,0.0,0.0
217,1e-06,0.0,0.0,0.0
218,1e-06,0.0,0.0,0.0
219,1e-06,0.0,0.0,0.0
220,1e-06,0.0,0.0,0.0
221,1e-06,0.0,0.0,0.0
222,1e-06,0.0,0.0,0.0
223,1e-06,0.0,0.0,0.0
224,1e-06,0.0,0.0,0.0
225,1e-06,0.0,0.0,0.0
226,1e-06,0.0,0.0,0.0
227,1e-06,0.0,0.0,0.0
228,1e-06,0.0,0.0,0.0
229,1e-06,0.0,0.0,0.0
230,1e-06,0.0,0.0,0.0
231,1e-06,0.0,0.0,0.0
232,1e-06,0.0,0.0,0.0
233,1e-06,0.0,0.0,0.0
234,1e-06,0.0,0.0,0.0
235,1e-06,0.0,0.0,0.0
236,1e-06,0.0,0.0,0.0
237,1e-06,0.0,0.0,0.0
238,1e-06,0.0,0.0,0.0
239,1e-06,0.0,0.0,0.0
240,1e-06,0.0,0.0,0.0
241,1e-06,0.0,0.0,0.0
242,1e-06,0.0,0.0,0.0
243,1e-06,0.0,0.0,0.0
244,1e-06,0.0,0.0,0.0
245,1e-06,0.0,0.0,0.0
246,1e-06,0.0,0.0,0.0
247,1e-06,0.0,0.0,0.0
248,1e-06,0.0,0.0,0.0
249,1e-06,0.0,0.0,0.0
250,1e-06,0.0,0.0,0.0
251,1e-06,0.0,0.0,0.0
252,1e-06,0.0,0.0,0.0
253,1e-06,0.0,0.0,0.0
254,1e-06,0.0,0.0,0.0
255,1e-06,0.0,0.0,0.0
256,1e-06,0.0,0.0,0.0
257,1e-06,0.0,0.0,0.0
258,1e-06,0.0,0.0,0.0
259,1e-06,0.0,0.0,0.0
260,1e-06,0.0,0.0,0.0
261,1e-06,0.0,0.0,0.0
262,1e-06,0.0,0.0,0.0
263,1e-06,0.0,0.0,0.0
264,1e-06,0.0,0.0,0.0
265,1e-06,0.0,0.0,0.0
266,1e-06,0.0,0.0,0.0
267,1e-06,0.0,0.0,0.0
268,1e-06,0.0,0.0,0.0
269,1e-06,0.0,0.0,0.0
270,1e-06,0.0,0.0,0.0
271,1e-06,0.0,0.0,0.0
272,1e-06,0.0,0.0,0.0
273,1e-06,0.0,0.0,0.0
274,1e-06,0.0,0.0,0.0
275,1e-06,0.0,0.0,0.0
276,1e-06,0.0,0.0,0.0
277,1e-06,0.0,0.0,0.0
278,1e-06,0.0,0.0,0.0
279,1e-06,0.0,0.0,0.0
280,1e-06,0.0,0.0,0.0
281,1e-06,0.0,0.0,0.0
282,1e-06,0.0,0.0,0.0
283,1e-06,0.0,0.0,0.0
284,1e-06,0.0,0.0,0.0
285,1e-06,0.0,0.0,0.0
286,1e-06,0.0,0.0,0.0
287,1e-06,0.0,0.0,0.0
288,1e-06,0.0,0.0,0.0
289,1e-06,0.0,0.0,0.0
290,1e-06,0.0,0.0,0.0
291,1e-06,0.0,0.0,0.0
292,1e-06,0.0,0.0,0.0
293,1e-06,0.0,0.0,0.0
294,1e-06,0.0,0.0,0.0
295,1e-06,0.0,0.0,0.0
296,1e-06,0.0,0.0,0.0
297,1e-06,0.0,0.0,0.0
298,1e-06,0.0,0.0,0.0
299,1e-06,0.0,0.0,0.0
300,1e-06,0.0,0.0,0.0
301,1e-06,0.0,0.0,0.0
302,1e-06,0.0,0.0,0.0
303,1e-06,0.0,0.0,0.0
304,1e-06,0.0,0.0,0.0
305,1e-06,0.0,0.0,0.0
306,1e-06,0.0,0.0,0.0
307,1e-06,0.0,0.0,0.0
308,1e-06,0.0,0.0,0.0
309,1e-06,0.0,0.0,0.0
310,1e-06,0.0,0.0,0.0
311,1e-06,0.0,0.0,0.0
312,1e-06,0.0,0.0,0.0
313,1e-06,0.0,0.0,0.0
314,1e-06,0.0,0.0,0.0
315,1e-06,0.0,0.0,0.0
316,1e-06,0.0,0.0,0.0
317,1e-06,0.0,0.0,0.0
318,1e-06,0.0,0.0,0.0
319,1e-06,0.0,0.0,0.0
320,1e-06,0.0,0.0,0.0
321,1e-06,0.0,0.0,0.0
322,1e-06,0.0,0.0,0.0
323,1e-06,0.0,0.0,0.0
324,1e-06,0.0,0.0,0.0
325,1e-06,0.0,0.0,0.0
326,1e-06,0.0,0.0,0.0
327,1e-06,0.0,0.0,0.0
328,1e-06,0.0,0.0,0.0
329,1e-06,0.0,0.0,0.0
330,1e-06,0.0,0.0,0.0
331,1e-06,0.0,0.0,0.0
332,1e-06,0.0,0.0,0.0
333,1e-06,0.0,0.0,0.0
334,1e-06,0.0,0.0,0.0
335,1e-06,0.0,0.0,0.0
336,1e-06,0.0,0.0,0.0
337,1e-06,0.0,0.0,0.0
338,1e-06,0.0,0.0,0.0
339,1e-06,0.0,0.0,0.0
340,1e-06,0.0,0.0,0.0
341,1e-06,0.0,0.0,0.0
342,1e-06,0.0,0.0,0.0
343,1e-06,0.0,0.0,0.0
344,1e-06,0.0,0.0,0.0
345,1e-06,0.0,0.0,0.0
346,1e-06,0.0,0.0,0.0
347,1e-06,0.0,0.0,0.0
348,1e-06,0.0,0.0,0.0
349,1e-06,0.0,0.0,0.0
350,1e-06,0.0,0.0,0.0
351,1e-06,0.0,0.0,0.0
352,1e-06,0.0,0.0,0.0
353,1e-06,0.0,0.0,0.0
354,1e-06,0.0,0.0,0.0
355,1e-06,0.0,0.0,0.0
356,1e-06,0.0,0.0,0.0
357,1e-06,0.0,0.0,0.0
358,1e-06,0.0,0.0,0.0
359,1e-06,0.0,0.0,0.0
360,1e-06,0.0,0.0,0.0
361,1e-06,0.0,0.0,0.0
362,1e-06,0.0,0.0,0.0
363,1e-06,0.0,0.0,0.0
364,1e-06,0.0,0.0,0.0
365,1e-06,0.0,0.0,0.0
366,1e-06,0.0,0.0,0.0
367,1e-06,0.0,0.0,0.0
368,1e-06,0.0,0.0,0.0
369,1e-06,0.0,0.0,0.0
370,1e-06,0.0,0.0,0.0
371,1e-06,0.0,0.0,0.0
372,1e-06,0.0,0.0,0.0
373,1e-06,0.0,0.0,0.0
374,1e-06,0.0,0.0,0.0
375,1e-06,0.0,0.0,0.0
376,1e-06,0.0,0.0,0.0
377,1e-06,0.0,0.0,0.0
378,1e-06,0.0,0.0,0.0
379,1e-06,0.0,0.0,0.0
380,1e-06,0.0,0.0,0.0
381,1e-06,0.0,0.0,0.0
382,1e-06,0.0,0.0,0.0
383,1e-06,0.0,0.0,0.0
384,1e-06,0.0,0.0,0.0
385,1e-06,0.0,0.0,0.0
386,1e-06,0.0,0.0,0.0
387,1e-06,0.0,0.0,0.0
388,1e-06,0.0,0.0,0.0
389,1e-06,0.0,0.0,0.0
390,1e-06,0.0,0.0,0.0
391,1e-06,0.0,0.0,0.0
392,1e-06,0.0,0.0,0.0
393,1e-06,0.0,0.0,0.0
394,1e-06,0.0,0.0,0.0
395,1e-06,0.0,0.0,0.0
396,1e-06,0.0,0.0,0.0
397,1e-06,0.0,0.0,0.0
398,1e-06,0.0,0.0,0.0
399,1e-06,0.0,0.0,0.0
400,1e-06,0.0,0.0,0.0
401,1e-06,0.0,0.0,0.0
402,1e-06,0.0,0.0,0.0
403,1e-06,0.0,0.0,0.0
404,1e-06,0.0,0.0,0.0
405,1e-06,0.0,0.0,0.0
406,1e-06,0.0,0.0,0.0
407,1e-06,0.0,0.0,0.0
408,1e-06,0.0,0.0,0.0
409,1e-06,0.0,0.0,0.0
410,1e-06,0.0,0.0,0.0
411,1e-06,0.0,0.0,0.0
412,1e-06,0.0,0.0,0.0
413,1e-06,0.0,0.0,0.0
414,1e-06,0.0,0.0,0.0
415,1e-06,0.0,0.0,0.0
416,1e-06,0.0,0.0,0.0
417,1e-06,0.0,0.0,0.0
418,1e-06,0.0,0.0,0.0
419,1e-06,0.0,0.0,0.0
420,1e-06,0.0,0.0,0.0
421,1e-06,0.0,0.0,0.0
422,1e-06,0.0,0.0,0.0
423,1e-06,0.0,0.0,0.0
424,1e-06,0.0,0.0,0.0
425,1e-06,0.0,0.0,0.0
426,1e-06,0.0,0.0,0.0
427,1e-06,0.0,0.0,0.0
428,1e-06,0.0,0.0,0.0
429,1e-06,0.0,0.0,0.0
430,1e-06,0.0,0.0,0.0
431,1e-06,0.0,0.0,0.0
432,1e-06,0.0,0.0,0.0
433,1e-06,0.0,0.0,0.0
434,1e-06,0.0,0.0,0.0
435,1e-06,0.0,0.0,0.0
436,1e-06,0.0,0.0,0.0
437,1e-06,0.0,0.0,0.0
438,1e-06,0.0,0.0,0.0
439,1e-06,0.0,0.0,0.0
440,1e-06,0.0,0.0,0.0
441,1e-06,0.0,0.0,0.0
442,1e-06,0.0,0.0,0.0
443,1e-06,0.0,0.0,0.0
444,1e-06,0.0,0.0,0.0
445,1e-06,0.0,0.0,0.0
446,1e-06,0.0,0.0,0.0
447,1e-06,0.0,0.0,0.0
448,1e-06,0.0,0.0,0.0
449,1e-06,0.0,0.0,0.0
450,1e-06,0.0,0.0,0.0
451,1e-06,0.0,0.0,0.0
452,1e-06,0.0,0.0,0.0
453,1e-06,0.0,0.0,0.0
454,1e-06,0.0,0.0,0.0
455,1e-06,0.0,0.0,0.0
456,1e-06,0.0,0.0,0.0
457,1e-06,0.0,0.0,0.0
458,1e-06,0.0,0.0,0.0
459,1e-06,0.0,0.0,0.0
460,1e-06,0.0,0.0,0.0
461,1e-06,0.0,0.0,0.0
462,1e-06,0.0,0.0,0.0
463,1e-06,0.0,0.0,0.0
464,1e-06,0.0,0.0,0.0
465,1e-06,0.0,0.0,0.0
466,1e-06,0.0,0.0,0.0
467,1e-06,0.0,0.0,0.0
468,1e-06,0.0,0.0,0.0
469,1e-06,0.0,0.0,0.0
470,1e-06,0.0,0.0,0.0
471,1e-06,0.0,0.0,0.0
472,1e-06,0.0,0.0,0.0
473,1e-06,0.0,0.0,0.0
474,1e-06,0.0,0.0,0.0
475,1e-06,0.0,0.0,0.0
476,1e-06,0.0,0.0,0.0
477,1e-06,0.0,0.0,0.0
478,1e-06,0.0,0.0,0.0
479,1e-06,0.0,0.0,0.0
480,1e-06,0.0,0.0,0.0
481,1e-06,0.0,0.0,0.0
482,1e-06,0.0,0.0,0.0
483,1e-06,0.0,0.0,0.0
484,1e-06,0.0,0.0,0.0
485,1e-06,0.0,0.0,0.0
486,1e-06,0.0,0.0,0.0
487,1e-06,0.0,0.0,0.0
488,1e-06,0.0,0.0,0.0
489,1e-06,0.0,0.0,0.0
490,1e-06,0.0,0.0,0.0
491,1e-06,0.0,0.0,0.0
492,1e-06,0.0,0.0,0.0
493,1e-06,0.0,0.0,0.0
494,1e-06,0.0,0.0,0.0
495,1e-06,0.0,0.0,0.0
496,1e-06,0.0,0.0,0.0
497,1e-06,0.0,0.0,0.0
498,1e-06,0.0,0.0,0.0
499,1e-06,0.0,0.0,0.0
500,1e-06,0.0,0.0,0.0
501,1e-06,0.0,0.0,0.0
502,1e-06,0.0,0.0,0.0
503,1e-06,0.0,0.0,0.0
504,1e-06,0.0,0.0,0.0
505,1e-06,0.0,0.0,0.0
506,1e-06,0.0,0.0,0.0
507,1e-06,0.0,0.0,0.0
508,1e-06,0.0,0.0,0.0
509,1e-06,0.0,0.0,0.0
510,1e-06,0.0,0.0,0.0
511,1e-06,0.0,0.0,0.0
512,1e-06,0.0,0.0,0.0
513,1e-06,0.0,0.0,0.0
514,1e-06,0.0,0.0,0.0
515,1e-06,0.0,0.0,0.0
516,1e-06,0.0,0.0,0.0
517,1e-06,0.0,0.0,0.0
518,1e-06,0.0,0.0,0.0
519,1e-06,0.0,0.0,0.0
520,1e-06,0.0,0.0,0.0
521,1e-06,0.0,0.0,0.0
522,1e-06,0.0,0.0,0.0
523,1e-06,0.0,0.0,0.0
524,1e-06,0.0,0.0,0.0
525,1e-06,0.0,0.0,0.0
526,1e-06,0.0,0.0,0.0
527,1e-06,0.0,0.0,0.0
528,1e-06,0.0,0.0,0.0
529,1e-06,0.0,0.0,0.0
530,1e-06,0.0,0.0,0.0
531,1e-06,0.0,0.0,0.0
532,1e-06,0.0,0.0,0.0
533,1e-06,0.0,0.0,0.0
534,1e-06,0.0,0.0,0.0
535,1e-06,0.0,0.0,0.0
536,1e-06,0.0,0.0,0.0
537,1e-06,0.0,0.0,0.0
538,1e-06,0.0,0.0,0.0
539,1e-06,0.0,0.0,0.0
540,1e-06,0.0,0.0,0.0
541,1e-06,0.0,0.0,0.0
542,1e-06,0.0,0.0,0.0
543,1e-06,0.0,0.0,0.0
544,1e-06,0.0,0.0,0.0
545,1e-06,0.0,0.0,0.0
546,1e-06,0.0,0.0,0.0
547,1e-06,0.0,0.0,0.0
548,1e-06,0.0,0.0,0.0
549,1e-06,0.0,0.0,0.0
550,1e-06,0.0,0.0,0.0
551,1e-06,0.0,0.0,0.0
552,1e-06,0.0,0.0,0.0
553,1e-06,0.0,0.0,0.0
554,1e-06,0.0,0.0,0.0
555,1e-06,0.0,0.0,0.0
556,1e-06,0.0,0.0,0.0
557,1e-06,0.0,0.0,0.0
558,1e-06,0.0,0.0,0.0
559,1e-06,0.0,0.0,0.0
560,1e-06,0.0,0.0,0.0
561,1e-06,0.0,0.0,0.0
562,1e-06,0.0,0.0,0.0
563,1e-06,0.0,0.0,0.0
564,1e-06,0.0,0.0,0.0
565,1e-06,0.0,0.0,0.0
566,1e-06,0.0,0.0,0.0
567,1e-06,0.0,0.0,0.0
568,1e-06,0.0,0.0,0.0
569,1e-06,0.0,0.0,0.0
570,1e-06,0.0,0.0,0.0
571,1e-06,0.0,0.0,0.0
572,1e-06,0.0,0.0,0.0
573,1e-06,0.0,0.0,0.0
574,1e-06,0.0,0.0,0.0
575,1e-06,0.0,0.0,0.0
576,1e-06,0.0,0.0,0.0
577,1e-06,0.0,0.0,0.0
578,1e-06,0.0,0.0,0.0
579,1e-06,0.0,0.0,0.0
580,1e-06,0.0,0.0,0.0
581,1e-06,0.0,0.0,0.0
582,1e-06,0.0,0.0,0.0
583,1e-06,0.0,0.0,0.0
584,1e-06,0.0,0.0,0.0
585,1e-06,0.0,0.0,0.0
586,1e-06,0.0,0.0,0.0
587,1e-06,0.0,0.0,0.0
588,1e-06,0.0,0.0,0.0
589,1e-06,0.0,0.0,0.0
590,1e-06,0.0,0.0,0.0
591,1e-06,0.0,0.0,0.0
592,1e-06,0.0,0.0,0.0
593,1e-06,0.0,0.0,0.0
594,1e-06,0.0,0.0,0.0
595,1e-06,0.0,0.0,0.0
596,1e-06,0.0,0.0,0.0
597,1e-06,0.0,0.0,0.0
598,1e-06,0.0,0.0,0.0
599,1e-06,0.0,0.0,0.0
600,1e-06,0.0,0.0,0.0
601,1e-06,0.0,0.0,0.0
602,1e-06,0.0,0.0,0.0
603,1e-06,0.0,0.0,0.0
604,1e-06,0.0,0.0,0.0
605,1e-06,0.0,0.0,0.0
606,1e-06,0.0,0.0,0.0
607,1e-06,0.0,0.0,0.0
608,1e-06,0.0,0.0,0.0
609,1e-06,0.0,0.0,0.0
610,1e-06,0.0,0.0,0.0
611,1e-06,0.0,0.0,0.0
612,1e-06,0.0,0.0,0.0
613,1e-06,0.0,0.0,0.0
614,1e-06,0.0,0.0,0.0
615,1e-06,0.0,0.0,0.0
616,1e-06,0.0,0.0,0.0
617,1e-06,0.0,0.0,0.0
618,1e-06,0.0,0.0,0.0
619,1e-06,0.0,0.0,0.0
620,1e-06,0.0,0.0,0.0
621,1e-06,0.0,0.0,0.0
622,1e-06,0.0,0.0,0.0
623,1e-06,0.0,0.0,0.0
624,1e-06,0.0,0.0,0.0
625,1e-06,0.0,0.0,0.0
626,1e-06,0.0,0.0,0.0
627,1e-06,0.0,0.0,0.0
628,1e-06,0.0,0.0,0.0
629,1e-06,0.0,0.0,0.0
630,1e-06,0.0,0.0,0.0
631,1e-06,0.0,0.0,0.0
632,1e-06,0.0,0.0,0.0
633,1e-06,0.0,0.0,0.0
634,1e-06,0.0,0.0,0.0
635,1e-06,0.0,0.0,0.0
636,1e-06,0.0,0.0,0.0
637,1e-06,0.0,0.0,0.0
638,1e-06,0.0,0.0,0.0
639,1e-06,0.0,0.0,0.0
640,1e-06,0.0,0.0,0.0
641,1e-06,0.0,0.0,0.0
642,1e-06,0.0,0.0,0.0
643,1e-06,0.0,0.0,0.0
644,1e-06,0.0,0.0,0.0
645,1e-06,0.0,0.0,0.0
646,1e-06,0.0,0.0,0.0
647,1e-06,0.0,0.0,0.0
648,1e-06,0.0,0.0,0.0
649,1e-06,0.0,0.0,0.0
650,1e-06,0.0,0.0,0.0
651,1e-06,0.0,0.0,0.0
652,1e-06,0.0,0.0,0.0
653,1e-06,0.0,0.0,0.0
654,1e-06,0.0,0.0,0.0
655,1e-06,0.0,0.0,0.0
656,1e-06,0.0,0.0,0.0
657,1e-06,0.0,0.0,0.0
658,1e-06,0.0,0.0,0.0
659,1e-06,0.0,0.0,0.0
660,1e-06,0.0,0.0,0.0
661,1e-06,0.0,0.0,0.0
662,1e-06,0.0,0.0,0.0
663,1e-06,0.0,0.0,0.0
664,1e-06,0.0,0.0,0.0
665,1e-06,0.0,0.0,0.0
666,1e-06,0.0,0.0,0.0
667,1e-06,0.0,0.0,0.0
668,1e-06,0.0,0.0,0.0
669,1e-06,0.0,0.0,0.0
670,1e-06,0.0,0.0,0.0
671,1e-06,0.0,0.0,0.0
672,1e-06,0.0,0.0,0.0
673,1e-06,0.0,0.0,0.0
674,1e-06,0.0,0.0,0.0
675,1e-06,0.0,0.0,0.0
676,1e-06,0.0,0.0,0.0
677,1e-06,0.0,0.0,0.0
678,1e-06,0.0,0.0,0.0
679,1e-06,0.0,0.0,0.0
680,1e-06,0.0,0.0,0.0
681,1e-06,0.0,0.0,0.0
682,1e-06,0.0,0.0,0.0
683,1e-06,0.0,0.0,0.0
684,1e-06,0.0,0.0,0.0
685,1e-06,0.0,0.0,0.0
686,1e-06,0.0,0.0,0.0
687,1e-06,0.0,0.0,0.0
688,1e-06,0.0,0.0,0.0
689,1e-06,0.0,0.0,0.0
690,1e-06,0.0,0.0,0.0
691,1e-06,0.0,0.0,0.0
692,1e-06,0.0,0.0,0.0
693,1e-06,0.0,0.0,0.0
694,1e-06,0.0,0.0,0.0
695,1e-06,0.0,0.0,0.0
696,1e-06,0.0,0.0,0.0
697,1e-06,0.0,0.0,0.0
698,1e-06,0.0,0.0,0.0
699,1e-06,0.0,0.0,0.0
700,1e-06,0.0,0.0,0.0
701,1e-06,0.0,0.0,0.0
702,1e-06,0.0,0.0,0.0
703,1e-06,0.0,0.0,0.0
704,1e-06,0.0,0.0,0.0
705,1e-06,0.0,0.0,0.0
706,1e-06,0.0,0.0,0.0
707,1e-06,0.0,0.0,0.0
708,1e-06,0.0,0.0,0.0
709,1e-06,0.0,0.0,0.0
710,1e-06,0.0,0.0,0.0
711,1e-06,0.0,0.0,0.0
712,1e-06,0.0,0.0,0.0
713,1e-06,0.0,0.0,0.0
714,1e-06,0.0,0.0,0.0
715,1e-06,0.0,0.0,0.0
716,1e-06,0.0,0.0,0.0
717,1e-06,0.0,0.0,0.0
718,1e-06,0.0,0.0,0.0
719,1e-06,0.0,0.0,0.0
720,1e-06,0.0,0.0,0.0
721,1e-06,0.0,0.0,0.0
722,1e-06,0.0,0.0,0.0
723,1e-06,0.0,0.0,0.0
724,1e-06,0.0,0.0,0.0
725,1e-06,0.0,0.0,0.0
726,1e-06,0.0,0.0,0.0
727,1e-06,0.0,0.0,0.0
728,1e-06,0.0,0.0,0.0
729,1e-06,0.0,0.0,0.0
730,1e-06,0.0,0.0,0.0
731,1e-06,0.0,0.0,0.0
732,1e-06,0.0,0.0,0.0
733,1e-06,0.0,0.0,0.0
734,1e-06,0.0,0.0,0.0
735,1e-06,0.0,0.0,0.0
736,1e-06,0.0,0.0,0.0
737,1e-06,0.0,0.0,0.0
738,1e-06,0.0,0.0,0.0
739,1e-06,0.0,0.0,0.0
740,1e-06,0.0,0.0,0.0
741,1e-06,0.0,0.0,0.0
742,1e-06,0.0,0.0,0.0
743,1e-06,0.0,0.0,0.0
744,1e-06,0.0,0.0,0.0
745,1e-06,0.0,0.0,0.0
746,1e-06,0.0,0.0,0.0
747,1e-06,0.0,0.0,0.0
748,1e-06,0.0,0.0,0.0
749,1e-06,0.0,0.0,0.0
750,1e-06,0.0,0.0,0.0
751,1e-06,0.0,0.0,0.0
752,1e-06,0.0,0.0,0.0
753,1e-06,0.0,0.0,0.0
754,1e-06,0.0,0.0,0.0
755,1e-06,0.0,0.0,0.0
756,1e-06,0.0,0.0,0.0
757,1e-06,0.0,0.0,0.0
758,1e-06,0.0,0.0,0.0
759,1e-06,0.0,0.0,0.0
760,1e-06,0.0,0.0,0.0
761,1e-06,0.0,0.0,0.0
762,1e-06,0.0,0.0,0.0
763,1e-06,0.0,0.0,0.0
764,1e-06,0.0,0.0,0.0
765,1e-06,0.0,0.0,0.0
766,1e-06,0.0,0.0,0.0
767,1e-06,0.0,0.0,0.0
768,1e-06,0.0,0.0,0.0
769,1e-06,0.0,0.0,0.0
770,1e-06,0.0,0.0,0.0
771,1e-06,0.0,0.0,0.0
772,1e-06,0.0,0.0,0.0
773,1e-06,0.0,0.0,0.0
774,1e-06,0.0,0.0,0.0
775,1e-06,0.0,0.0,0.0
776,1e-06,0.0,0.0,0.0
777,1e-06,0.0,0.0,0.0
778,1e-06,0.0,0.0,0.0
779,1e-06,0.0,0.0,0.0
780,1e-06,0.0,0.0,0.0
781,1e-06,0.0,0.0,0.0
782,1e-06,0.0,0.0,0.0
783,1e-06,0.0,0.0,0.0
784,1e-06,0.0,0.0,0.0
785,1e-06,0.0,0.0,0.0
786,1e-06,0.0,0.0,0.0
787,1e-06,0.0,0.0,0.0
788,1e-06,0.0,0.0,0.0
789,1e-06,0.0,0.0,0.0
790,1e-06,0.0,0.0,0.0
791,1e-06,0.0,0.0,0.0
792,1e-06,0.0,0.0,0.0
793,1e-06,0.0,0.0,0.0
794,1e-06,0.0,0.0,0.0
795,1e-06,0.0,0.0,0.0
796,1e-06,0.0,0.0,0.0
797,1e-06,0.0,0.0,0.0
798,1e-06,0.0,0.0,0.0
799,1e-06,0.0,0.0,0.0
800,1e-06,0.0,0.0,0.0
801,1e-06,0.0,0.0,0.0
802,1e-06,0.0,0.0,0.0
803,1e-06,0.0,0.0,0.0
804,1e-06,0.0,0.0,0.0
805,1e-06,0.0,0.0,0.0
806,1e-06,0.0,0.0,0.0
807,1e-06,0.0,0.0,0.0
808,1e-06,0.0,0.0,0.0
809,1e-06,0.0,0.0,0.0
810,1e-06,0.0,0.0,0.0
811,1e-06,0.0,0.0,0.0
812,1e-06,0.0,0.0,0.0
813,1e-06,0.0,0.0,0.0
814,1e-06,0.0,0.0,0.0
815,1e-06,0.0,0.0,0.0
816,1e-06,0.0,0.0,0.0
817,1e-06,0.0,0.0,0.0
818,1e-06,0.0,0.0,0.0
819,1e-06,0.0,0.0,0.0
820,1e-06,0.0,0.0,0.0
821,1e-06,0.0,0.0,0.0
822,1e-06,0.0,0.0,0.0
823,1e-06,0.0,0.0,0.0
824,1e-06,0.0,0.0,0.0
825,1e-06,0.0,0.0,0.0
826,1e-06,0.0,0.0,0.0
827,1e-06,0.0,0.0,0.0
828,1e-06,0.0,0.0,0.0
829,1e-06,0.0,0.0,0.0
830,1e-06,0.0,0.0,0.0
831,1e-06,0.0,0.0,0.0
832,1e-06,0.0,0.0,0.0
833,1e-06,0.0,0.0,0.0
834,1e-06,0.0,0.0,0.0
835,1e-06,0.0,0.0,0.0
836,1e-06,0.0,0.0,0.0
837,1e-06,0.0,0.0,0.0
838,1e-06,0.0,0.0,0.0
839,1e-06,0.0,0.0,0.0
840,1e-06,0.0,0.0,0.0
841,1e-06,0.0,0.0,0.0
842,1e-06,0.0,0.0,0.0
843,1e-06,0.0,0.0,0.0
844,1e-06,0.0,0.0,0.0
845,1e-06,0.0,0.0,0.0
846,1e-06,0.0,0.0,0.0
847,1e-06,0.0,0.0,0.0
848,1e-06,0.0,0.0,0.0
849,1e-06,0.0,0.0,0.0
850,1e-06,0.0,0.0,0.0
851,1e-06,0.0,0.0,0.0
852,1e-06,0.0,0.0,0.0
853,1e-06,0.0,0.0,0.0
854,1e-06,0.0,0.0,0.0
855,1e-06,0.0,0.0,0.0
856,1e-06,0.0,0.0,0.0
857,1e-06,0.0,0.0,0.0
858,1e-06,0.0,0.0,0.0
859,1e-06,0.0,0.0,0.0
860,1e-06,0.0,0.0,0.0
861,1e-06,0.0,0.0,0.0
862,1e-06,0.0,0.0,0.0
863,1e-06,0.0,0.0,0.0
864,1e-06,0.0,0.0,0.0
865,1e-06,0.0,0.0,0.0
866,1e-06,0.0,0.0,0.0
867,1e-06,0.0,0.0,0.0
868,1e-06,0.0,0.0,0.0
869,1e-06,0.0,0.0,0.0
870,1e-06,0.0,0.0,0.0
871,1e-06,0.0,0.0,0.0
872,1e-06,0.0,0.0,0.0
873,1e-06,0.0,0.0,0.0
874,1e-06,0.0,0.0,0.0
875,1e-06,0.0,0.0,0.0
876,1e-06,0.0,0.0,0.0
877,1e-06,0.0,0.0,0.0
878,1e-06,0.0,0.0,0.0
879,1e-06,0.0,0.0,0.0
880,1e-06,0.0,0.0,0.0
881,1e-06,0.0,0.0,0.0
882,1e-06,0.0,0.0,0.0
883,1e-06,0.0,0.0,0.0
884,1e-06,0.0,0.0,0.0
885,1e-06,0.0,0.0,0.0
886,1e-06,0.0,0.0,0.0
887,1e-06,0.0,0.0,0.0
888,1e-06,0.0,0.0,0.0
889,1e-06,0.0,0.0,0.0
890,1e-06,0.0,0.0,0.0
891,1e-06,0.0,0.0,0.0
892,1e-06,0.0,0.0,0.0
893,1e-06,0.0,0.0,0.0
894,1e-06,0.0,0.0,0.0
895,1e-06,0.0,0.0,0.0
896,1e-06,0.0,0.0,0.0
897,1e-06,0.0,0.0,0.0
898,1e-06,0.0,0.0,0.0
899,1e-06,0.0,0.0,0.0
900,1e-06,0.0,0.0,0.0
901,1e-06,0.0,0.0,0.0
902,1e-06,0.0,0.0,0.0
903,1e-06,0.0,0.0,0.0
904,1e-06,0.0,0.0,0.0
905,1e-06,0.0,0.0,0.0
906,1e-06,0.0,0.0,0.0
907,1e-06,0.0,0.0,0.0
908,1e-06,0.0,0.0,0.0
909,1e-06,0.0,0.0,0.0
910,1e-06,0.0,0.0,0.0
911,1e-06,0.0,0.0,0.0
912,1e-06,0.0,0.0,0.0
913,1e-06,0.0,0.0,0.0
914,1e-06,0.0,0.0,0.0
915,1e-06,0.0,0.0,0.0
916,1e-06,0.0,0.0,0.0
917,1e-06,0.0,0.0,0.0
918,1e-06,0.0,0.0,0.0
919,1e-06,0.0,0.0,0.0
920,1e-06,0.0,0.0,0.0
921,1e-06,0.0,0.0,0.0
922,1e-06,0.0,0.0,0.0
923,1e-06,0.0,0.0,0.0
924,1e-06,0.0,0.0,0.0
925,1e-06,0.0,0.0,0.0
926,1e-06,0.0,0.0,0.0
927,1e-06,0.0,0.0,0.0
928,1e-06,0.0,0.0,0.0
929,1e-06,0.0,0.0,0.0
930,1e-06,0.0,0.0,0.0
931,1e-06,0.0,0.0,0.0
932,1e-06,0.0,0.0,0.0
933,1e-06,0.0,0.0,0.0
934,1e-06,0.0,0.0,0.0
935,1e-06,0.0,0.0,0.0
936,1e-06,0.0,0.0,0.0
937,1e-06,0.0,0.0,0.0
938,1e-06,0.0,0.0,0.0
939,1e-06,0.0,0.0,0.0
940,1e-06,0.0,0.0,0.0
941,1e-06,0.0,0.0,0.0
942,1e-06,0.0,0.0,0.0
943,1e-06,0.0,0.0,0.0
944,1e-06,0.0,0.0,0.0
945,1e-06,0.0,0.0,0.0
946,1e-06,0.0,0.0,0.0
947,1e-06,0.0,0.0,0.0
948,1e-06,0.0,0.0,0.0
949,1e-06,0.0,0.0,0.0
950,1e-06,0.0,0.0,0.0
951,1e-06,0.0,0.0,0.0
952,1e-06,0.0,0.0,0.0
953,1e-06,0.0,0.0,0.0
954,1e-06,0.0,0.0,0.0
955,1e-06,0.0,0.0,0.0
956,1e-06,0.0,0.0,0.0
957,1e-06,0.0,0.0,0.0
958,1e-06,0.0,0.0,0.0
959,1e-06,0.0,0.0,0.0
960,1e-06,0.0,0.0,0.0
961,1e-06,0.0,0.0,0.0
962,1e-06,0.0,0.0,0.0
963,1e-06,0.0,0.0,0.0
964,1e-06,0.0,0.0,0.0
965,1e-06,0.0,0.0,0.0
966,1e-06,0.0,0.0,0.0
967,1e-06,0.0,0.0,0.0
968,1e-06,0.0,0.0,0.0
969,1e-06,0.0,0.0,0.0
970,1e-06,0.0,0.0,0.0
971,1e-06,0.0,0.0,0.0
972,1e-06,0.0,0.0,0.0
973,1e-06,0.0,0.0,0.0
974,1e-06,0.0,0.0,0.0
975,1e-06,0.0,0.0,0.0
976,1e-06,0.0,0.0,0.0
977,1e-06,0.0,0.0,0.0
978,1e-06,0.0,0.0,0.0
979,1e-06,0.0,0.0,0.0
980,1e-06,0.0,0.0,0.0
981,1e-06,0.0,0.0,0.0
982,1e-06,0.0,0.0,0.0
983,1e-06,0.0,0.0,0.0
984,1e-06,0.0,0.0,0.0
985,1e-06,0.0,0.0,0.0
986,1e-06,0.0,0.0,0.0
987,1e-06,0.0,0.0,0.0
988,1e-06,0.0,0.0,0.0
989,1e-06,0.0,0.0,0.0
990,1e-06,0.0,0.0,0.0
991,1e-06,0.0,0.0,0.0
992,1e-06,0.0,0.0,0.0
993,1e-06,0.0,0.0,0.0
994,1e-06,0.0,0.0,0.0
995,1e-06,0.0,0.0,0.0
996,1e-06,0.0,0.0,0.0
997,1e-06,0.0,0.0,0.0
998,1e-06,0.0,0.0,0.0
999,1e-06,0.0,0.0,0.0
1000,1e-06,0.0,0.0,0.0
1001,1e-06,0.0,0.0,0.0
1002,1e-06,0.0,0.0,0.0
1003,1e-06,0.0,0.0,0.0
1004,1e-06,0.0,0.0,0.0
1005,1e-06,0.0,0.0,0.0
1006,1e-06,0.0,0.0,0.0
1007,1e-06,0.0,0.0,0.0
1008,1e-06,0.0,0.0,0.0
1009,1e-06,0.0,0.0,0.0
1010,1e-06,0.0,0.0,0.0
1011,1e-06,0.0,0.0,0.0
1012,1e-06,0.0,0.0,0.0
1013,1e-06,0.0,0.0,0.0
1014,1e-06,0.0,0.0,0.0
1015,1e-06,0.0,0.0,0.0
1016,1e-06,0.0,0.0,0.0
1017,1e-06,0.0,0.0,0.0
1018,1e-06,0.0,0.0,0.0
1019,1e-06,0.0,0.0,0.0
1020,1e-06,0.0,0.0,0.0
1021,1e-06,0.0,0.0,0.0
1022,1e-06,0.0,0.0,0.0
1023,1e-06,0.0,0.0,0.0
1024,1e-06,0.0,0.0,0.0
1025,1e-06,0.0,0.0,0.0
1026,1e-06,0.0,0.0,0.0
1027,1e-06,0.0,0.0,0.0
1028,1e-06,0.0,0.0,0.0
1029,1e-06,0.0,0.0,0.0
1030,1e-06,0.0,0.0,0.0
1031,1e-06,0.0,0.0,0.0
1032,1e-06,0.0,0.0,0.0
1033,1e-06,0.0,0.0,0.0
1034,1e-06,0.0,0.0,0.0
1035,1e-06,0.0,0.0,0.0
1036,1e-06,0.0,0.0,0.0
1037,1e-06,0.0,0.0,0.0
1038,1e-06,0.0,0.0,0.0
1039,1e-06,0.0,0.0,0.0
1040,1e-06,0.0,0.0,0.0
1041,1e-06,0.0,0.0,0.0
1042,1e-06,0.0,0.0,0.0
1043,1e-06,0.0,0.0,0.0
1044,1e-06,0.0,0.0,0.0
1045,1e-06,0.0,0.0,0.0
1046,1e-06,0.0,0.0,0.0
1047,1e-06,0.0,0.0,0.0
1048,1e-06,0.0,0.0,0.0
1049,1e-06,0.0,0.0,0.0
1050,1e-06,0.0,0.0,0.0
1051,1e-06,0.0,0.0,0.0
1052,1e-06,0.0,0.0,0.0
1053,1e-06,0.0,0.0,0.0
1054,1e-06,0.0,0.0,0.0
1055,1e-06,0.0,0.0,0.0
1056,1e-06,0.0,0.0,0.0
1057,1e-06,0.0,0.0,0.0
1058,1e-06,0.0,0.0,0.0
1059,1e-06,0.0,0.0,0.0
1060,1e-06,0.0,0.0,0.0
1061,1e-06,0.0,0.0,0.0
1062,1e-06,0.0,0.0,0.0
1063,1e-06,0.0,0.0,0.0
1064,1e-06,0.0,0.0,0.0
1065,1e-06,0.0,0.0,0.0
1066,1e-06,0.0,0.0,0.0
1067,1e-06,0.0,0.0,0.0
1068,1e-06,0.0,0.0,0.0
1069,1e-06,0.0,0.0,0.0
1070,1e-06,0.0,0.0,0.0
1071,1e-06,0.0,0.0,0.0
1072,1e-06,0.0,0.0,0.0
1073,1e-06,0.0,0.0,0.0
1074,1e-06,0.0,0.0,0.0
1075,1e-06,0.0,0.0,0.0
1076,1e-06,0.0,0.0,0.0
1077,1e-06,0.0,0.0,0.0
1078,1e-06,0.0,0.0,0.0
1079,1e-06,0.0,0.0,0.0
1080,1e-06,0.0,0.0,0.0
1081,1e-06,0.0,0.0,0.0
1082,1e-06,0.0,0.0,0.0
1083,1e-06,0.0,0.0,0.0
1084,1e-06,0.0,0.0,0.0
1085,1e-06,0.0,0.0,0.0
1086,1e-06,0.0,0.0,0.0
1087,1e-06,0.0,0.0,0.0
1088,1e-06,0.0,0.0,0.0
1089,1e-06,0.0,0.0,0.0
1090,1e-06,0.0,0.0,0.0
1091,1e-06,0.0,0.0,0.0
1092,1e-06,0.0,0.0,0.0
1093,1e-06,0.0,0.0,0.0
1094,1e-06,0.0,0.0,0.0
1095,1e-06,0.0,0.0,0.0
1096,1e-06,0.0,0.0,0.0
1097,1e-06,0.0,0.0,0.0
1098,1e-06,0.0,0.0,0.0
1099,1e-06,0.0,0.0,0.0
1100,1e-06,0.0,0.0,0.0
1101,1e-06,0.0,0.0,0.0
1102,1e-06,0.0,0.0,0.0
1103,1e-06,0.0,0.0,0.0
1104,1e-06,0.0,0.0,0.0
1105,1e-06,0.0,0.0,0.0
1106,1e-06,0.0,0.0,0.0
1107,1e-06,0.0,0.0,0.0
1108,1e-06,0.0,0.0,0.0
1109,1e-06,0.0,0.0,0.0
1110,1e-06,0.0,0.0,0.0
1111,1e-06,0.0,0.0,0.0
1112,1e-06,0.0,0.0,0.0
1113,1e-06,0.0,0.0,0.0
1114,1e-06,0.0,0.0,0.0
1115,1e-06,0.0,0.0,0.0
1116,1e-06,0.0,0.0,0.0
1117,1e-06,0.0,0.0,0.0
1118,1e-06,0.0,0.0,0.0
1119,1e-06,0.0,0.0,0.0
1120,1e-06,0.0,0.0,0.0
1121,1e-06,0.0,0.0,0.0
1122,1e-06,0.0,0.0,0.0
1123,1e-06,0.0,0.0,0.0
1124,1e-06,0.0,0.0,0.0
1125,1e-06,0.0,0.0,0.0
1126,1e-06,0.0,0.0,0.0
1127,1e-06,0.0,0.0,0.0
1128,1e-06,0.0,0.0,0.0
1129,1e-06,0.0,0.0,0.0
1130,1e-06,0.0,0.0,0.0
1131,1e-06,0.0,0.0,0.0
1132,1e-06,0.0,0.0,0.0
1133,1e-06,0.0,0.0,0.0
1134,1e-06,0.0,0.0,0.0
1135,1e-06,0.0,0.0,0.0
1136,1e-06,0.0,0.0,0.0
1137,1e-06,0.0,0.0,0.0
1138,1e-06,0.0,0.0,0.0
1139,1e-06,0.0,0.0,0.0
1140,1e-06,0.0,0.0,0.0
1141,1e-06,0.0,0.0,0.0
1142,1e-06,0.0,0.0,0.0
1143,1e-06,0.0,0.0,0.0
1144,1e-06,0.0,0.0,0.0
1145,1e-06,0.0,0.0,0.0
1146,1e-06,0.0,0.0,0.0
1147,1e-06,0.0,0.0,0.0
1148,1e-06,0.0,0.0,0.0
1149,1e-06,0.0,0.0,0.0
1150,1e-06,0.0,0.0,0.0
1151,1e-06,0.0,0.0,0.0
1152,1e-06,0.0,0.0,0.0
1153,1e-06,0.0,0.0,0.0
1154,1e-06,0.0,0.0,0.0
1155,1e-06,0.0,0.0,0.0
1156,1e-06,0.0,0.0,0.0
1157,1e-06,0.0,0.0,0.0
1158,1e-06,0.0,0.0,0.0
1159,1e-06,0.0,0.0,0.0
1160,1e-06,0.0,0.0,0.0
1161,1e-06,0.0,0.0,0.0
1162,1e-06,0.0,0.0,0.0
1163,1e-06,0.0,0.0,0.0
1164,1e-06,0.0,0.0,0.0
1165,1e-06,0.0,0.0,0.0
1166,1e-06,0.0,0.0,0.0
1167,1e-06,0.0,0.0,0.0
1168,1e-06,0.0,0.0,0.0
1169,1e-06,0.0,0.0,0.0
1170,1e-06,0.0,0.0,0.0
1171,1e-06,0.0,0.0,0.0
1172,1e-06,0.0,0.0,0.0
1173,1e-06,0.0,0.0,0.0
1174,1e-06,0.0,0.0,0.0
1175,1e-06,0.0,0.0,0.0
1176,1e-06,0.0,0.0,0.0
1177,1e-06,0.0,0.0,0.0
1178,1e-06,0.0,0.0,0.0
1179,1e-06,0.0,0.0,0.0
1180,1e-06,0.0,0.0,0.0
1181,1e-06,0.0,0.0,0.0
1182,1e-06,0.0,0.0,0.0
1183,1e-06,0.0,0.0,0.0
1184,1e-06,0.0,0.0,0.0
1185,1e-06,0.0,0.0,0.0
1186,1e-06,0.0,0.0,0.0
1187,1e-06,0.0,0.0,0.0
1188,1e-06,0.0,0.0,0.0
1189,1e-06,0.0,0.0,0.0
1190,1e-06,0.0,0.0,0.0
1191,1e-06,0.0,0.0,0.0
1192,1e-06,0.0,0.0,0.0
1193,1e-06,0.0,0.0,0.0
1194,1e-06,0.0,0.0,0.0
1195,1e-06,0.0,0.0,0.0
1196,1e-06,0.0,0.0,0.0
1197,1e-06,0.0,0.0,0.0
1198,1e-06,0.0,0.0,0.0
1199,1e-06,0.0,0.0,0.0
1200,1e-06,0.0,0.0,0.0
1201,1e-06,0.0,0.0,0.0
1202,1e-06,0.0,0.0,0.0
1203,1e-06,0.0,0.0,0.0
1204,1e-06,0.0,0.0,0.0
1205,1e-06,0.0,0.0,0.0
1206,1e-06,0.0,0.0,0.0
1207,1e-06,0.0,0.0,0.0
1208,1e-06,0.0,0.0,0.0
1209,1e-06,0.0,0.0,0.0
1210,1e-06,0.0,0.0,0.0
1211,1e-06,0.0,0.0,0.0
1212,1e-06,0.0,0.0,0.0
1213,1e-06,0.0,0.0,0.0
1214,1e-06,0.0,0.0,0.0
1215,1e-06,0.0,0.0,0.0
1216,1e-06,0.0,0.0,0.0
1217,1e-06,0.0,0.0,0.0
1218,1e-06,0.0,0.0,0.0
1219,1e-06,0.0,0.0,0.0
1220,1e-06,0.0,0.0,0.0
1221,1e-06,0.0,0.0,0.0
1222,1e-06,0.0,0.0,0.0
1223,1e-06,0.0,0.0,0.0
1224,1e-06,0.0,0.0,0.0
1225,1e-06,0.0,0.0,0.0
1226,1e-06,0.0,0.0,0.0
1227,1e-06,0.0,0.0,0.0
1228,1e-06,0.0,0.0,0.0
1229,1e-06,0.0,0.0,0.0
1230,1e-06,0.0,0.0,0.0
1231,1e-06,0.0,0.0,0.0
1232,1e-06,0.0,0.0,0.0
1233,1e-06,0.0,0.0,0.0
1234,1e-06,0.0,0.0,0.0
1235,1e-06,0.0,0.0,0.0
1236,1e-06,0.0,0.0,0.0
1237,1e-06,0.0,0.0,0.0
1238,1e-06,0.0,0.0,0.0
1239,1e-06,0.0,0.0,0.0
1240,1e-06,0.0,0.0,0.0
1241,1e-06,0.0,0.0,0.0
1242,1e-06,0.0,0.0,0.0
1243,1e-06,0.0,0.0,0.0
1244,1e-06,0.0,0.0,0.0
1245,1e-06,0.0,0.0,0.0
1246,1e-06,0.0,0.0,0.0
1247,1e-06,0.0,0.0,0.0
1248,1e-06,0.0,0.0,0.0
1249,1e-06,0.0,0.0,0.0
1250,1e-06,0.0,0.0,0.0
1251,1e-06,0.0,0.0,0.0
1252,1e-06,0.0,0.0,0.0
1253,1e-06,0.0,0.0,0.0
1254,1e-06,0.0,0.0,0.0
1255,1e-06,0.0,0.0,0.0
1256,1e-06,0.0,0.0,0.0
1257,1e-06,0.0,0.0,0.0
1258,1e-06,0.0,0.0,0.0
1259,1e-06,0.0,0.0,0.0
1260,1e-06,0.0,0.0,0.0
1261,1e-06,0.0,0.0,0.0
1262,1e-06,0.0,0.0,0.0
1263,1e-06,0.0,0.0,0.0
1264,1e-06,0.0,0.0,0.0
1265,1e-06,0.0,0.0,0.0
1266,1e-06,0.0,0.0,0.0
1267,1e-06,0.0,0.0,0.0
1268,1e-06,0.0,0.0,0.0
1269,1e-06,0.0,0.0,0.0
1270,1e-06,0.0,0.0,0.0
1271,1e-06,0.0,0.0,0.0
1272,1e-06,0.0,0.0,0.0
1273,1e-06,0.0,0.0,0.0
1274,1e-06,0.0,0.0,0.0
1275,1e-06,0.0,0.0,0.0
1276,1e-06,0.0,0.0,0.0
1277,1e-06,0.0,0.0,0.0
1278,1e-06,0.0,0.0,0.0
1279,1e-06,0.0,0.0,0.0
1280,1e-06,0.0,0.0,0.0
1281,1e-06,0.0,0.0,0.0
1282,1e-06,0.0,0.0,0.0
1283,1e-06,0.0,0.0,0.0
1284,1e-06,0.0,0.0,0.0
1285,1e-06,0.0,0.0,0.0
1286,1e-06,0.0,0.0,0.0
1287,1e-06,0.0,0.0,0.0
1288,1e-06,0.0,0.0,0.0
1289,1e-06,0.0,0.0,0.0
1290,1e-06,0.0,0.0,0.0
1291,1e-06,0.0,0.0,0.0
1292,1e-06,0.0,0.0,0.0
1293,1e-06,0.0,0.0,0.0
1294,1e-06,0.0,0.0,0.0
1295,1e-06,0.0,0.0,0.0
1296,1e-06,0.0,0.0,0.0
1297,1e-06,0.0,0.0,0.0
1298,1e-06,0.0,0.0,0.0
1299,1e-06,0.0,0.0,0.0
1300,1e-06,0.0,0.0,0.0
1301,1e-06,0.0,0.0,0.0
1302,1e-06,0.0,0.0,0.0
1303,1e-06,0.0,0.0,0.0
1304,1e-06,0.0,0.0,0.0
1305,1e-06,0.0,0.0,0.0
1306,1e-06,0.0,0.0,0.0
1307,1e-06,0.0,0.0,0.0
1308,1e-06,0.0,0.0,0.0
1309,1e-06,0.0,0.0,0.0
1310,1e-06,0.0,0.0,0.0
1311,1e-06,0.0,0.0,0.0
1312,1e-06,0.0,0.0,0.0
1313,1e-06,0.0,0.0,0.0
1314,1e-06,0.0,0.0,0.0
1315,1e-06,0.0,0.0,0.0
1316,1e-06,0.0,0.0,0.0
1317,1e-06,0.0,0.0,0.0
1318,1e-06,0.0,0.0,0.0
1319,1e-06,0.0,0.0,0.0
1320,1e-06,0.0,0.0,0.0
1321,1e-06,0.0,0.0,0.0
1322,1e-06,0.0,0.0,0.0
1323,1e-06,0.0,0.0,0.0
1324,1e-06,0.0,0.0,0.0
1325,1e-06,0.0,0.0,0.0
1326,1e-06,0.0,0.0,0.0
1327,1e-06,0.0,0.0,0.0
1328,1e-06,0.0,0.0,0.0
1329,1e-06,0.0,0.0,0.0
1330,1e-06,0.0,0.0,0.0
1331,1e-06,0.0,0.0,0.0
1332,1e-06,0.0,0.0,0.0
1333,1e-06,0.0,0.0,0.0
1334,1e-06,0.0,0.0,0.0
1335,1e-06,0.0,0.0,0.0
1336,1e-06,0.0,0.0,0.0
1337,1e-06,0.0,0.0,0.0
1338,1e-06,0.0,0.0,0.0
1339,1e-06,0.0,0.0,0.0
1340,1e-06,0.0,0.0,0.0
1341,1e-06,0.0,0.0,0.0
1342,1e-06,0.0,0.0,0.0
1343,1e-06,0.0,0.0,0.0
1344,1e-06,0.0,0.0,0.0
1345,1e-06,0.0,0.0,0.0
1346,1e-06,0.0,0.0,0.0
1347,1e-06,0.0,0.0,0.0
1348,1e-06,0.0,0.0,0.0
1349,1e-06,0.0,0.0,0.0
1350,1e-06,0.0,0.0,0.0
1351,1e-06,0.0,0.0,0.0
1352,1e-06,0.0,0.0,0.0
1353,1e-06,0.0,0.0,0.0
1354,1e-06,0.0,0.0,0.0
1355,1e-06,0.0,0.0,0.0
1356,1e-06,0.0,0.0,0.0
1357,1e-06,0.0,0.0,0.0
1358,1e-06,0.0,0.0,0.0
1359,1e-06,0.0,0.0,0.0
1360,1e-06,0.0,0.0,0.0
1361,1e-06,0.0,0.0,0.0
1362,1e-06,0.0,0.0,0.0
1363,1e-06,0.0,0.0,0.0
1364,1e-06,0.0,0.0,0.0
1365,1e-06,0.0,0.0,0.0
1366,1e-06,0.0,0.0,0.0
1367,1e-06,0.0,0.0,0.0
1368,1e-06,0.0,0.0,0.0
1369,1e-06,0.0,0.0,0.0
1370,1e-06,0.0,0.0,0.0
1371,1e-06,0.0,0.0,0.0
1372,1e-06,0.0,0.0,0.0
1373,1e-06,0.0,0.0,0.0
1374,1e-06,0.0,0.0,0.0
1375,1e-06,0.0,0.0,0.0
1376,1e-06,0.0,0.0,0.0
1377,1e-06,0.0,0.0,0.0
1378,1e-06,0.0,0.0,0.0
1379,1e-06,0.0,0.0,0.0
1380,1e-06,0.0,0.0,0.0
1381,1e-06,0.0,0.0,0.0
1382,1e-06,0.0,0.0,0.0
1383,1e-06,0.0,0.0,0.0
1384,1e-06,0.0,0.0,0.0
1385,1e-06,0.0,0.0,0.0
1386,1e-06,0.0,0.0,0.0
1387,1e-06,0.0,0.0,0.0
1388,1e-06,0.0,0.0,0.0
1389,1e-06,0.0,0.0,0.0
1390,1e-06,0.0,0.0,0.0
1391,1e-06,0.0,0.0,0.0
1392,1e-06,0.0,0.0,0.0
1393,1e-06,0.0,0.0,0.0
1394,1e-06,0.0,0.0,0.0
1395,1e-06,0.0,0.0,0.0
1396,1e-06,0.0,0.0,0.0
1397,1e-06,0.0,0.0,0.0
1398,1e-06,0.0,0.0,0.0
1399,1e-06,0.0,0.0,0.0
1400,1e-06,0.0,0.0,0.0
1401,1e-06,0.0,0.0,0.0
1402,1e-06,0.0,0.0,0.0
1403,1e-06,0.0,0.0,0.0
1404,1e-06,0.0,0.0,0.0
1405,1e-06,0.0,0.0,0.0
1406,1e-06,0.0,0.0,0.0
1407,1e-06,0.0,0.0,0.0
1408,1e-06,0.0,0.0,0.0
1409,1e-06,0.0,0.0,0.0
1410,1e-06,0.0,0.0,0.0
1411,1e-06,0.0,0.0,0.0
1412,1e-06,0.0,0.0,0.0
1413,1e-06,0.0,0.0,0.0
1414,1e-06,0.0,0.0,0.0
1415,1e-06,0.0,0.0,0.0
1416,1e-06,0.0,0.0,0.0
1417,1e-06,0.0,0.0,0.0
1418,1e-06,0.0,0.0,0.0
1419,1e-06,0.0,0.0,0.0
1420,1e-06,0.0,0.0,0.0
1421,1e-06,0.0,0.0,0.0
1422,1e-06,0.0,0.0,0.0
1423,1e-06,0.0,0.0,0.0
1424,1e-06,0.0,0.0,0.0
1425,1e-06,0.0,0.0,0.0
1426,1e-06,0.0,0.0,0.0
1427,1e-06,0.0,0.0,0.0
1428,1e-06,0.0,0.0,0.0
1429,1e-06,0.0,0.0,0.0
1430,1e-06,0.0,0.0,0.0
1431,1e-06,0.0,0.0,0.0
1432,1e-06,0.0,0.0,0.0
1433,1e-06,0.0,0.0,0.0
1434,1e-06,0.0,0.0,0.0
1435,1e-06,0.0,0.0,0.0
1436,1e-06,0.0,0.0,0.0
1437,1e-06,0.0,0.0,0.0
1438,1e-06,0.0,0.0,0.0
1439,1e-06,0.0,0.0,0.0
1440,1e-06,0.0,0.0,0.0
1441,1e-06,0.0,0.0,0.0
1442,1e-06,0.0,0.0,0.0
1443,1e-06,0.0,0.0,0.0
1444,1e-06,0.0,0.0,0.0
1445,1e-06,0.0,0.0,0.0
1446,1e-06,0.0,0.0,0.0
1447,1e-06,0.0,0.0,0.0
1448,1e-06,0.0,0.0,0.0
1449,1e-06,0.0,0.0,0.0
1450,1e-06,0.0,0.0,0.0
1451,1e-06,0.0,0.0,0.0
1452,1e-06,0.0,0.0,0.0
1453,1e-06,0.0,0.0,0.0
1454,1e-06,0.0,0.0,0.0
1455,1e-06,0.0,0.0,0.0
1456,1e-06,0.0,0.0,0.0
1457,1e-06,0.0,0.0,0.0
1458,1e-06,0.0,0.0,0.0
1459,1e-06,0.0,0.0,0.0
1460,1e-06,0.0,0.0,0.0
1461,1e-06,0.0,0.0,0.0
1462,1e-06,0.0,0.0,0.0
1463,1e-06,0.0,0.0,0.0
1464,1e-06,0.0,0.0,0.0
1465,1e-06,0.0,0.0,0.0
1466,1e-06,0.0,0.0,0.0
1467,1e-06,0.0,0.0,0.0
1468,1e-06,0.0,0.0,0.0
1469,1e-06,0.0,0.0,0.0
1470,1e-06,0.0,0.0,0.0
1471,1e-06,0.0,0.0,0.0
1472,1e-06,0.0,0.0,0.0
1473,1e-06,0.0,0.0,0.0
1474,1e-06,0.0,0.0,0.0
1475,1e-06,0.0,0.0,0.0
1476,1e-06,0.0,0.0,0.0
1477,1e-06,0.0,0.0,0.0
1478,1e-06,0.0,0.0,0.0
1479,1e-06,0.0,0.0,0.0
1480,1e-06,0.0,0.0,0.0
1481,1e-06,0.0,0.0,0.0
1482,1e-06,0.0,0.0,0.0
1483,1e-06,0.0,0.0,0.0
1484,1e-06,0.0,0.0,0.0
1485,1e-06,0.0,0.0,0.0
1486,1e-06,0.0,0.0,0.0
1487,1e-06,0.0,0.0,0.0
1488,1e-06,0.0,0.0,0.0
1489,1e-06,0.0,0.0,0.0
1490,1e-06,0.0,0.0,0.0
1491,1e-06,0.0,0.0,0.0
1492,1e-06,0.0,0.0,0.0
1493,1e-06,0.0,0.0,0.0
1494,1e-06,0.0,0.0,0.0
1495,1e-06,0.0,0.0,0.0
1496,1e-06,0.0,0.0,0.0
1497,1e-06,0.0,0.0,0.0
1498,1e-06,0.0,0.0,0.0
1499,1e-06,0.0,0.0,0.0
1500,1e-06,0.0,0.0,0.0
1501,1e-06,0.0,0.0,0.0
1502,1e-06,0.0,0.0,0.0
1503,1e-06,0.0,0.0,0.0
1504,1e-06,0.0,0.0,0.0
1505,1e-06,0.0,0.0,0.0
1506,1e-06,0.0,0.0,0.0
1507,1e-06,0.0,0.0,0.0
1508,1e-06,0.0,0.0,0.0
1509,1e-06,0.0,0.0,0.0
1510,1e-06,0.0,0.0,0.0
1511,1e-06,0.0,0.0,0.0
1512,1e-06,0.0,0.0,0.0
1513,1e-06,0.0,0.0,0.0
1514,1e-06,0.0,0.0,0.0
1515,1e-06,0.0,0.0,0.0
1516,1e-06,0.0,0.0,0.0
1517,1e-06,0.0,0.0,0.0
1518,1e-06,0.0,0.0,0.0
1519,1e-06,0.0,0.0,0.0
1520,1e-06,0.0,0.0,0.0
1521,1e-06,0.0,0.0,0.0
1522,1e-06,0.0,0.0,0.0
1523,1e-06,0.0,0.0,0.0
1524,1e-06,0.0,0.0,0.0
1525,1e-06,0.0,0.0,0.0
1526,1e-06,0.0,0.0,0.0
1527,1e-06,0.0,0.0,0.0
1528,1e-06,0.0,0.0,0.0
1529,1e-06,0.0,0.0,0.0
1530,1e-06,0.0,0.0,0.0
1531,1e-06,0.0,0.0,0.0
1532,1e-06,0.0,0.0,0.0
1533,1e-06,0.0,0.0,0.0
1534,1e-06,0.0,0.0,0.0
1535,1e-06,0.0,0.0,0.0
1536,1e-06,0.0,0.0,0.0
1537,1e-06,0.0,0.0,0.0
1538,1e-06,0.0,0.0,0.0
1539,1e-06,0.0,0.0,0.0
1540,1e-06,0.0,0.0,0.0
1541,1e-06,0.0,0.0,0.0
1542,1e-06,0.0,0.0,0.0
1543,1e-06,0.0,0.0,0.0
1544,1e-06,0.0,0.0,0.0
1545,1e-06,0.0,0.0,0.0
1546,1e-06,0.0,0.0,0.0
1547,1e-06,0.0,0.0,0.0
1548,1e-06,0.0,0.0,0.0
1549,1e-06,0.0,0.0,0.0
1550,1e-06,0.0,0.0,0.0
1551,1e-06,0.0,0.0,0.0
1552,1e-06,0.0,0.0,0.0
1553,1e-06,0.0,0.0,0.0
1554,1e-06,0.0,0.0,0.0
1555,1e-06,0.0,0.0,0.0
1556,1e-06,0.0,0.0,0.0
1557,1e-06,0.0,0.0,0.0
1558,1e-06,0.0,0.0,0.0
1559,1e-06,0.0,0.0,0.0
1560,1e-06,0.0,0.0,0.0
1561,1e-06,0.0,0.0,0.0
1562,1e-06,0.0,0.0,0.0
1563,1e-06,0.0,0.0,0.0
1564,1e-06,0.0,0.0,0.0
1565,1e-06,0.0,0.0,0.0
1566,1e-06,0.0,0.0,0.0
1567,1e-06,0.0,0.0,0.0
1568,1e-06,0.0,0.0,0.0
1569,1e-06,0.0,0.0,0.0
1570,1e-06,0.0,0.0,0.0
1571,1e-06,0.0,0.0,0.0
1572,1e-06,0.0,0.0,0.0
1573,1e-06,0.0,0.0,0.0
1574,1e-06,0.0,0.0,0.0
1575,1e-06,0.0,0.0,0.0
1576,1e-06,0.0,0.0,0.0
1577,1e-06,0.0,0.0,0.0
1578,1e-06,0.0,0.0,0.0
1579,1e-06,0.0,0.0,0.0
1580,1e-06,0.0,0.0,0.0
1581,1e-06,0.0,0.0,0.0
1582,1e-06,0.0,0.0,0.0
1583,1e-06,0.0,0.0,0.0
1584,1e-06,0.0,0.0,0.0
1585,1e-06,0.0,0.0,0.0
1586,1e-06,0.0,0.0,0.0
1587,1e-06,0.0,0.0,0.0
1588,1e-06,0.0,0.0,0.0
1589,1e-06,0.0,0.0,0.0
1590,1e-06,0.0,0.0,0.0
1591,1e-06,0.0,0.0,0.0
1592,1e-06,0.0,0.0,0.0
1593,1e-06,0.0,0.0,0.0
1594,1e-06,0.0,0.0,0.0
1595,1e-06,0.0,0.0,0.0
1596,1e-06,0.0,0.0,0.0
1597,1e-06,0.0,0.0,0.0
1598,1e-06,0.0,0.0,0.0
1599,1e-06,0.0,0.0,0.0
1600,1e-06,0.0,0.0,0.0
1601,1e-06,0.0,0.0,0.0
1602,1e-06,0.0,0.0,0.0
1603,1e-06,0.0,0.0,0.0
1604,1e-06,0.0,0.0,0.0
1605,1e-06,0.0,0.0,0.0
1606,1e-06,0.0,0.0,0.0
1607,1e-06,0.0,0.0,0.0
1608,1e-06,0.0,0.0,0.0
1609,1e-06,0.0,0.0,0.0
1610,1e-06,0.0,0.0,0.0
1611,1e-06,0.0,0.0,0.0
1612,1e-06,0.0,0.0,0.0
1613,1e-06,0.0,0.0,0.0
1614,1e-06,0.0,0.0,0.0
1615,1e-06,0.0,0.0,0.0
1616,1e-06,0.0,0.0,0.0
1617,1e-06,0.0,0.0,0.0
1618,1e-06,0.0,0.0,0.0
1619,1e-06,0.0,0.0,0.0
1620,1e-06,0.0,0.0,0.0
1621,1e-06,0.0,0.0,0.0
1622,1e-06,0.0,0.0,0.0
1623,1e-06,0.0,0.0,0.0
1624,1e-06,0.0,0.0,0.0
1625,1e-06,0.0,0.0,0.0
1626,1e-06,0.0,0.0,0.0
1627,1e-06,0.0,0.0,0.0
1628,1e-06,0.0,0.0,0.0
1629,1e-06,0.0,0.0,0.0
1630,1e-06,0.0,0.0,0.0
1631,1e-06,0.0,0.0,0.0
1632,1e-06,0.0,0.0,0.0
1633,1e-06,0.0,0.0,0.0
1634,1e-06,0.0,0.0,0.0
1635,1e-06,0.0,0.0,0.0
1636,1e-06,0.0,0.0,0.0
1637,1e-06,0.0,0.0,0.0
1638,1e-06,0.0,0.0,0.0
1639,1e-06,0.0,0.0,0.0
1640,1e-06,0.0,0.0,0.0
1641,1e-06,0.0,0.0,0.0
1642,1e-06,0.0,0.0,0.0
1643,1e-06,0.0,0.0,0.0
1644,1e-06,0.0,0.0,0.0
1645,1e-06,0.0,0.0,0.0
1646,1e-06,0.0,0.0,0.0
1647,1e-06,0.0,0.0,0.0
1648,1e-06,0.0,0.0,0.0
1649,1e-06,0.0,0.0,0.0
1650,1e-06,0.0,0.0,0.0
1651,1e-06,0.0,0.0,0.0
1652,1e-06,0.0,0.0,0.0
1653,1e-06,0.0,0.0,0.0
1654,1e-06,0.0,0.0,0.0
1655,1e-06,0.0,0.0,0.0
1656,1e-06,0.0,0.0,0.0
1657,1e-06,0.0,0.0,0.0
1658,1e-06,0.0,0.0,0.0
1659,1e-06,0.0,0.0,0.0
1660,1e-06,0.0,0.0,0.0
1661,1e-06,0.0,0.0,0.0
1662,1e-06,0.0,0.0,0.0
1663,1e-06,0.0,0.0,0.0
1664,1e-06,0.0,0.0,0.0
1665,1e-06,0.0,0.0,0.0
1666,1e-06,0.0,0.0,0.0
1667,1e-06,0.0,0.0,0.0
1668,1e-06,0.0,0.0,0.0
1669,1e-06,0.0,0.0,0.0
1670,1e-06,0.0,0.0,0.0
1671,1e-06,0.0,0.0,0.0
1672,1e-06,0.0,0.0,0.0
1673,1e-06,0.0,0.0,0.0
1674,1e-06,0.0,0.0,0.0
1675,1e-06,0.0,0.0,0.0
1676,1e-06,0.0,0.0,0.0
1677,1e-06,0.0,0.0,0.0
1678,1e-06,0.0,0.0,0.0
1679,1e-06,0.0,0.0,0.0
1680,1e-06,0.0,0.0,0.0
1681,1e-06,0.0,0.0,0.0
1682,1e-06,0.0,0.0,0.0
1683,1e-06,0.0,0.0,0.0
1684,1e-06,0.0,0.0,0.0
1685,1e-06,0.0,0.0,0.0
1686,1e-06,0.0,0.0,0.0
1687,1e-06,0.0,0.0,0.0
1688,1e-06,0.0,0.0,0.0
1689,1e-06,0.0,0.0,0.0
1690,1e-06,0.0,0.0,0.0
1691,1e-06,0.0,0.0,0.0
1692,1e-06,0.0,0.0,0.0
1693,1e-06,0.0,0.0,0.0
1694,1e-06,0.0,0.0,0.0
1695,1e-06,0.0,0.0,0.0
1696,1e-06,0.0,0.0,0.0
1697,1e-06,0.0,0.0,0.0
1698,1e-06,0.0,0.0,0.0
1699,1e-06,0.0,0.0,0.0
1700,1e-06,0.0,0.0,0.0
1701,1e-06,0.0,0.0,0.0
1702,1e-06,0.0,0.0,0.0
1703,1e-06,0.0,0.0,0.0
1704,1e-06,0.0,0.0,0.0
1705,1e-06,0.0,0.0,0.0
1706,1e-06,0.0,0.0,0.0
1707,1e-06,0.0,0.0,0.0
1708,1e-06,0.0,0.0,0.0
1709,1e-06,0.0,0.0,0.0
1710,1e-06,0.0,0.0,0.0
1711,1e-06,0.0,0.0,0.0
1712,1e-06,0.0,0.0,0.0
1713,1e-06,0.0,0.0,0.0
1714,1e-06,0.0,0.0,0.0
1715,1e-06,0.0,0.0,0.0
1716,1e-06,0.0,0.0,0.0
1717,1e-06,0.0,0.0,0.0
1718,1e-06,0.0,0.0,0.0
1719,1e-06,0.0,0.0,0.0
1720,1e-06,0.0,0.0,0.0
1721,1e-06,0.0,0.0,0.0
1722,1e-06,0.0,0.0,0.0
1723,1e-06,0.0,0.0,0.0
1724,1e-06,0.0,0.0,0.0
1725,1e-06,0.0,0.0,0.0
1726,1e-06,0.0,0.0,0.0
1727,1e-06,0.0,0.0,0.0
1728,1e-06,0.0,0.0,0.0
1729,1e-06,0.0,0.0,0.0
1730,1e-06,0.0,0.0,0.0
1731,1e-06,0.0,0.0,0.0
1732,1e-06,0.0,0.0,0.0
1733,1e-06,0.0,0.0,0.0
1734,1e-06,0.0,0.0,0.0
1735,1e-06,0.0,0.0,0.0
1736,1e-06,0.0,0.0,0.0
1737,1e-06,0.0,0.0,0.0
1738,1e-06,0.0,0.0,0.0
1739,1e-06,0.0,0.0,0.0
1740,1e-06,0.0,0.0,0.0
1741,1e-06,0.0,0.0,0.0
1742,1e-06,0.0,0.0,0.0
1743,1e-06,0.0,0.0,0.0
1744,1e-06,0.0,0.0,0.0
1745,1e-06,0.0,0.0,0.0
1746,1e-06,0.0,0.0,0.0
1747,1e-06,0.0,0.0,0.0
1748,1e-06,0.0,0.0,0.0
1749,1e-06,0.0,0.0,0.0
1750,1e-06,0.0,0.0,0.0
1751,1e-06,0.0,0.0,0.0
1752,1e-06,0.0,0.0,0.0
1753,1e-06,0.0,0.0,0.0
1754,1e-06,0.0,0.0,0.0
1755,1e-06,0.0,0.0,0.0
1756,1e-06,0.0,0.0,0.0
1757,1e-06,0.0,0.0,0.0
1758,1e-06,0.0,0.0,0.0
1759,1e-06,0.0,0.0,0.0
1760,1e-06,0.0,0.0,0.0
1761,1e-06,0.0,0.0,0.0
1762,1e-06,0.0,0.0,0.0
1763,1e-06,0.0,0.0,0.0
1764,1e-06,0.0,0.0,0.0
1765,1e-06,0.0,0.0,0.0
1766,1e-06,0.0,0.0,0.0
1767,1e-06,0.0,0.0,0.0
1768,1e-06,0.0,0.0,0.0
1769,1e-06,0.0,0.0,0.0
1770,1e-06,0.0,0.0,0.0
1771,1e-06,0.0,0.0,0.0
1772,1e-06,0.0,0.0,0.0
1773,1e-06,0.0,0.0,0.0
1774,1e-06,0.0,0.0,0.0
1775,1e-06,0.0,0.0,0.0
1776,1e-06,0.0,0.0,0.0
1777,1e-06,0.0,0.0,0.0
1778,1e-06,0.0,0.0,0.0
1779,1e-06,0.0,0.0,0.0
1780,1e-06,0.0,0.0,0.0
1781,1e-06,0.0,0.0,0.0
1782,1e-06,0.0,0.0,0.0
1783,1e-06,0.0,0.0,0.0
1784,1e-06,0.0,0.0,0.0
1785,1e-06,0.0,0.0,0.0
1786,1e-06,0.0,0.0,0.0
1787,1e-06,0.0,0.0,0.0
1788,1e-06,0.0,0.0,0.0
1789,1e-06,0.0,0.0,0.0
1790,1e-06,0.0,0.0,0.0
1791,1e-06,0.0,0.0,0.0
1792,1e-06,0.0,0.0,0.0
1793,1e-06,0.0,0.0,0.0
1794,1e-06,0.0,0.0,0.0
1795,1e-06,0.0,0.0,0.0
1796,1e-06,0.0,0.0,0.0
1797,1e-06,0.0,0.0,0.0
1798,1e-06,0.0,0.0,0.0
1799,1e-06,0.0,0.0,0.0
1800,1e-06,0.0,0.0,0.0
1801,1e-06,0.0,0.0,0.0
1802,1e-06,0.0,0.0,0.0
1803,1e-06,0.0,0.0,0.0
1804,1e-06,0.0,0.0,0.0
1805,1e-06,0.0,0.0,0.0
1806,1e-06,0.0,0.0,0.0
1807,1e-06,0.0,0.0,0.0
1808,1e-06,0.0,0.0,0.0
1809,1e-06,0.0,0.0,0.0
1810,1e-06,0.0,0.0,0.0
1811,1e-06,0.0,0.0,0.0
1812,1e-06,0.0,0.0,0.0
1813,1e-06,0.0,0.0,0.0
1814,1e-06,0.0,0.0,0.0
1815,1e-06,0.0,0.0,0.0
1816,1e-06,0.0,0.0,0.0
1817,1e-06,0.0,0.0,0.0
1818,1e-06,0.0,0.0,0.0
1819,1e-06,0.0,0.0,0.0
1820,1e-06,0.0,0.0,0.0
1821,1e-06,0.0,0.0,0.0
1822,1e-06,0.0,0.0,0.0
1823,1e-06,0.0,0.0,0.0
1824,1e-06,0.0,0.0,0.0
1825,1e-06,0.0,0.0,0.0
1826,1e-06,0.0,0.0,0.0
1827,1e-06,0.0,0.0,0.0
1828,1e-06,0.0,0.0,0.0
1829,1e-06,0.0,0.0,0.0
1830,1e-06,0.0,0.0,0.0
1831,1e-06,0.0,0.0,0.0
1832,1e-06,0.0,0.0,0.0
1833,1e-06,0.0,0.0,0.0
1834,1e-06,0.0,0.0,0.0
1835,1e-06,0.0,0.0,0.0
1836,1e-06,0.0,0.0,0.0
1837,1e-06,0.0,0.0,0.0
1838,1e-06,0.0,0.0,0.0
1839,1e-06,0.0,0.0,0.0
1840,1e-06,0.0,0.0,0.0
1841,1e-06,0.0,0.0,0.0
1842,1e-06,0.0,0.0,0.0
1843,1e-06,0.0,0.0,0.0
1844,1e-06,0.0,0.0,0.0
1845,1e-06,0.0,0.0,0.0
1846,1e-06,0.0,0.0,0.0
1847,1e-06,0.0,0.0,0.0
1848,1e-06,0.0,0.0,0.0
1849,1e-06,0.0,0.0,0.0
1850,1e-06,0.0,0.0,0.0
1851,1e-06,0.0,0.0,0.0
1852,1e-06,0.0,0.0,0.0
1853,1e-06,0.0,0.0,0.0
1854,1e-06,0.0,0.0,0.0
1855,1e-06,0.0,0.0,0.0
1856,1e-06,0.0,0.0,0.0
1857,1e-06,0.0,0.0,0.0
1858,1e-06,0.0,0.0,0.0
1859,1e-06,0.0,0.0,0.0
1860,1e-06,0.0,0.0,0.0
1861,1e-06,0.0,0.0,0.0
1862,1e-06,0.0,0.0,0.0
1863,1e-06,0.0,0.0,0.0
1864,1e-06,0.0,0.0,0.0
1865,1e-06,0.0,0.0,0.0
1866,1e-06,0.0,0.0,0.0
1867,1e-06,0.0,0.0,0.0
1868,1e-06,0.0,0.0,0.0
1869,1e-06,0.0,0.0,0.0
1870,1e-06,0.0,0.0,0.0
1871,1e-06,0.0,0.0,0.0
1872,1e-06,0.0,0.0,0.0
1873,1e-06,0.0,0.0,0.0
1874,1e-06,0.0,0.0,0.0
1875,1e-06,0.0,0.0,0.0
1876,1e-06,0.0,0.0,0.0
1877,1e-06,0.0,0.0,0.0
1878,1e-06,0.0,0.0,0.0
1879,1e-06,0.0,0.0,0.0
1880,1e-06,0.0,0.0,0.0
1881,1e-06,0.0,0.0,0.0
1882,1e-06,0.0,0.0,0.0
1883,1e-06,0.0,0.0,0.0
1884,1e-06,0.0,0.0,0.0
1885,1e-06,0.0,0.0,0.0
1886,1e-06,0.0,0.0,0.0
1887,1e-06,0.0,0.0,0.0
1888,1e-06,0.0,0.0,0.0
1889,1e-06,0.0,0.0,0.0
1890,1e-06,0.0,0.0,0.0
1891,1e-06,0.0,0.0,0.0
1892,1e-06,0.0,0.0,0.0
1893,1e-06,0.0,0.0,0.0
1894,1e-06,0.0,0.0,0.0
1895,1e-06,0.0,0.0,0.0
1896,1e-06,0.0,0.0,0.0
1897,1e-06,0.0,0.0,0.0
1898,1e-06,0.0,0.0,0.0
1899,1e-06,0.0,0.0,0.0
1900,1e-06,0.0,0.0,0.0
1901,1e-06,0.0,0.0,0.0
1902,1e-06,0.0,0.0,0.0
1903,1e-06,0.0,0.0,0.0
1904,1e-06,0.0,0.0,0.0
1905,1e-06,0.0,0.0,0.0
1906,1e-06,0.0,0.0,0.0
1907,1e-06,0.0,0.0,0.0
1908,1e-06,0.0,0.0,0.0
1909,1e-06,0.0,0.0,0.0
1910,1e-06,0.0,0.0,0.0
1911,1e-06,0.0,0.0,0.0
1912,1e-06,0.0,0.0,0.0
1913,1e-06,0.0,0.0,0.0
1914,1e-06,0.0,0.0,0.0
1915,1e-06,0.0,0.0,0.0
1916,1e-06,0.0,0.0,0.0
1917,1e-06,0.0,0.0,0.0
1918,1e-06,0.0,0.0,0.0
1919,1e-06,0.0,0.0,0.0
1920,1e-06,0.0,0.0,0.0
1921,1e-06,0.0,0.0,0.0
1922,1e-06,0.0,0.0,0.0
1923,1e-06,0.0,0.0,0.0
1924,1e-06,0.0,0.0,0.0
1925,1e-06,0.0,0.0,0.0
1926,1e-06,0.0,0.0,0.0
1927,1e-06,0.0,0.0,0.0
1928,1e-06,0.0,0.0,0.0
1929,1e-06,0.0,0.0,0.0
1930,1e-06,0.0,0.0,0.0
1931,1e-06,0.0,0.0,0.0
1932,1e-06,0.0,0.0,0.0
1933,1e-06,0.0,0.0,0.0
1934,1e-06,0.0,0.0,0.0
1935,1e-06,0.0,0.0,0.0
1936,1e-06,0.0,0.0,0.0
1937,1e-06,0.0,0.0,0.0
1938,1e-06,0.0,0.0,0.0
1939,1e-06,0.0,0.0,0.0
1940,1e-06,0.0,0.0,0.0
1941,1e-06,0.0,0.0,0.0
1942,1e-06,0.0,0.0,0.0
1943,1e-06,0.0,0.0,0.0
1944,1e-06,0.0,0.0,0.0
1945,1e-06,0.0,0.0,0.0
1946,1e-06,0.0,0.0,0.0
1947,1e-06,0.0,0.0,0.0
1948,1e-06,0.0,0.0,0.0
1949,1e-06,0.0,0.0,0.0
1950,1e-06,0.0,0.0,0.0
1951,1e-06,0.0,0.0,0.0
1952,1e-06,0.0,0.0,0.0
1953,1e-06,0.0,0.0,0.0
1954,1e-06,0.0,0.0,0.0
1955,1e-06,0.0,0.0,0.0
1956,1e-06,0.0,0.0,0.0
1957,1e-06,0.0,0.0,0.0
1958,1e-06,0.0,0.0,0.0
1959,1e-06,0.0,0.0,0.0
1960,1e-06,0.0,0.0,0.0
1961,1e-06,0.0,0.0,0.0
1962,1e-06,0.0,0.0,0.0
1963,1e-06,0.0,0.0,0.0
1964,1e-06,0.0,0.0,0.0
1965,1e-06,0.0,0.0,0.0
1966,1e-06,0.0,0.0,0.0
1967,1e-06,0.0,0.0,0.0
1968,1e-06,0.0,0.0,0.0
1969,1e-06,0.0,0.0,0.0
1970,1e-06,0.0,0.0,0.0
1971,1e-06,0.0,0.0,0.0
1972,1e-06,0.0,0.0,0.0
1973,1e-06,0.0,0.0,0.0
1974,1e-06,0.0,0.0,0.0
1975,1e-06,0.0,0.0,0.0
1976,1e-06,0.0,0.0,0.0
1977,1e-06,0.0,0.0,0.0
1978,1e-06,0.0,0.0,0.0
1979,1e-06,0.0,0.0,0.0
1980,1e-06,0.0,0.0,0.0
1981,1e-06,0.0,0.0,0.0
1982,1e-06,0.0,0.0,0.0
1983,1e-06,0.0,0.0,0.0
1984,1e-06,0.0,0.0,0.0
1985,1e-06,0.0,0.0,0.0
1986,1e-06,0.0,0.0,0.0
1987,1e-06,0.0,0.0,0.0
1988,1e-06,0.0,0.0,0.0
1989,1e-06,0.0,0.0,0.0
1990,1e-06,0.0,0.0,0.0
1991,1e-06,0.0,0.0,0.0
1992,1e-06,0.0,0.0,0.0
1993,1e-06,0.0,0.0,0.0
1994,1e-06,0.0,0.0,0.0
1995,1e-06,0.0,0.0,0.0
1996,1e-06,0.0,0.0,0.0
1997,1e-06,0.0,0.0,0.0
1998,1e-06,0.0,0.0,0.0
1999,1e-06,0.0,0.0,0.0
2000,1e-06,0.0,0.0,0.0
2001,1e-06,0.0,0.0,0.0
2002,1e-06,0.0,0.0,0.0
2003,1e-06,0.0,0.0,0.0
2004,1e-06,0.0,0.0,0.0
2005,1e-06,0.0,0.0,0.0
2006,1e-06,0.0,0.0,0.0
2007,1e-06,0.0,0.0,0.0
2008,1e-06,0.0,0.0,0.0
2009,1e-06,0.0,0.0,0.0
2010,1e-06,0.0,0.0,0.0
2011,1e-06,0.0,0.0,0.0
2012,1e-06,0.0,0.0,0.0
2013,1e-06,0.0,0.0,0.0
2014,1e-06,0.0,0.0,0.0
2015,1e-06,0.0,0.0,0.0
2016,1e-06,0.0,0.0,0.0
2017,1e-06,0.0,0.0,0.0
2018,1e-06,0.0,0.0,0.0
2019,1e-06,0.0,0.0,0.0
2020,1e-06,0.0,0.0,0.0
2021,1e-06,0.0,0.0,0.0
2022,1e-06,0.0,0.0,0.0
2023,1e-06,0.0,0.0,0.0
2024,1e-06,0.0,0.0,0.0
2025,1e-06,0.0,0.0,0.0
2026,1e-06,0.0,0.0,0.0
2027,1e-06,0.0,0.0,0.0
2028,1e-06,0.0,0.0,0.0
2029,1e-06,0.0,0.0,0.0
2030,1e-06,0.0,0.0,0.0
2031,1e-06,0.0,0.0,0.0
2032,1e-06,0.0,0.0,0.0
2033,1e-06,0.0,0.0,0.0
2034,1e-06,0.0,0.0,0.0
2035,1e-06,0.0,0.0,0.0
2036,1e-06,0.0,0.0,0.0
2037,1e-06,0.0,0.0,0.0
2038,1e-06,0.0,0.0,0.0
2039,1e-06,0.0,0.0,0.0
2040,1e-06,0.0,0.0,0.0
2041,1e-06,0.0,0.0,0.0
2042,1e-06,0.0,0.0,0.0
2043,1e-06,0.0,0.0,0.0
2044,1e-06,0.0,0.0,0.0
2045,1e-06,0.0,0.0,0.0
2046,1e-06,0.0,0.0,0.0
2047,1e-06,0.0,0.0,0.0
2048,1e-06,0.0,0.0,0.0
2049,1e-06,0.0,0.0,0.0
2050,1e-06,0.0,0.0,0.0
2051,1e-06,0.0,0.0,0.0
2052,1e-06,0.0,0.0,0.0
2053,1e-06,0.0,0.0,0.0
2054,1e-06,0.0,0.0,0.0
2055,1e-06,0.0,0.0,0.0
2056,1e-06,0.0,0.0,0.0
2057,1e-06,0.0,0.0,0.0
2058,1e-06,0.0,0.0,0.0
2059,1e-06,0.0,0.0,0.0
2060,1e-06,0.0,0.0,0.0
2061,1e-06,0.0,0.0,0.0
2062,1e-06,0.0,0.0,0.0
2063,1e-06,0.0,0.0,0.0
2064,1e-06,0.0,0.0,0.0
2065,1e-06,0.0,0.0,0.0
2066,1e-06,0.0,0.0,0.0
2067,1e-06,0.0,0.0,0.0
2068,1e-06,0.0,0.0,0.0
2069,1e-06,0.0,0.0,0.0
2070,1e-06,0.0,0.0,0.0
2071,1e-06,0.0,0.0,0.0
2072,1e-06,0.0,0.0,0.0
2073,1e-06,0.0,0.0,0.0
2074,1e-06,0.0,0.0,0.0
2075,1e-06,0.0,0.0,0.0
2076,1e-06,0.0,0.0,0.0
2077,1e-06,0.0,0.0,0.0
2078,1e-06,0.0,0.0,0.0
2079,1e-06,0.0,0.0,0.0
2080,1e-06,0.0,0.0,0.0
2081,1e-06,0.0,0.0,0.0
2082,1e-06,0.0,0.0,0.0
2083,1e-06,0.0,0.0,0.0
2084,1e-06,0.0,0.0,0.0
2085,1e-06,0.0,0.0,0.0
2086,1e-06,0.0,0.0,0.0
2087,1e-06,0.0,0.0,0.0
2088,1e-06,0.0,0.0,0.0
2089,1e-06,0.0,0.0,0.0
2090,1e-06,0.0,0.0,0.0
2091,1e-06,0.0,0.0,0.0
2092,1e-06,0.0,0.0,0.0
2093,1e-06,0.0,0.0,0.0
2094,1e-06,0.0,0.0,0.0
2095,1e-06,0.0,0.0,0.0
2096,1e-06,0.0,0.0,0.0
2097,1e-06,0.0,0.0,0.0
2098,1e-06,0.0,0.0,0.0
2099,1e-06,0.0,0.0,0.0
2100,1e-06,0.0,0.0,0.0
2101,1e-06,0.0,0.0,0.0
2102,1e-06,0.0,0.0,0.0
2103,1e-06,0.0,0.0,0.0
2104,1e-06,0.0,0.0,0.0
2105,1e-06,0.0,0.0,0.0
2106,1e-06,0.0,0.0,0.0
2107,1e-06,0.0,0.0,0.0
2108,1e-06,0.0,0.0,0.0
2109,1e-06,0.0,0.0,0.0
2110,1e-06,0.0,0.0,0.0
2111,1e-06,0.0,0.0,0.0
2112,1e-06,0.0,0.0,0.0
2113,1e-06,0.0,0.0,0.0
2114,1e-06,0.0,0.0,0.0
2115,1e-06,0.0,0.0,0.0
2116,1e-06,0.0,0.0,0.0
2117,1e-06,0.0,0.0,0.0
2118,1e-06,0.0,0.0,0.0
2119,1e-06,0.0,0.0,0.0
2120,1e-06,0.0,0.0,0.0
2121,1e-06,0.0,0.0,0.0
2122,1e-06,0.0,0.0,0.0
2123,1e-06,0.0,0.0,0.0
2124,1e-06,0.0,0.0,0.0
2125,1e-06,0.0,0.0,0.0
2126,1e-06,0.0,0.0,0.0
2127,1e-06,0.0,0.0,0.0
2128,1e-06,0.0,0.0,0.0
2129,1e-06,0.0,0.0,0.0
2130,1e-06,0.0,0.0,0.0
2131,1e-06,0.0,0.0,0.0
2132,1e-06,0.0,0.0,0.0
2133,1e-06,0.0,0.0,0.0
2134,1e-06,0.0,0.0,0.0
2135,1e-06,0.0,0.0,0.0
2136,1e-06,0.0,0.0,0.0
2137,1e-06,0.0,0.0,0.0
2138,1e-06,0.0,0.0,0.0
2139,1e-06,0.0,0.0,0.0
2140,1e-06,0.0,0.0,0.0
2141,1e-06,0.0,0.0,0.0
2142,1e-06,0.0,0.0,0.0
2143,1e-06,0.0,0.0,0.0
2144,1e-06,0.0,0.0,0.0
2145,1e-06,0.0,0.0,0.0
2146,1e-06,0.0,0.0,0.0
2147,1e-06,0.0,0.0,0.0
2148,1e-06,0.0,0.0,0.0
2149,1e-06,0.0,0.0,0.0
2150,1e-06,0.0,0.0,0.0
2151,1e-06,0.0,0.0,0.0
2152,1e-06,0.0,0.0,0.0
2153,1e-06,0.0,0.0,0.0
2154,1e-06,0.0,0.0,0.0
2155,1e-06,0.0,0.0,0.0
2156,1e-06,0.0,0.0,0.0
2157,1e-06,0.0,0.0,0.0
2158,1e-06,0.0,0.0,0.0
2159,1e-06,0.0,0.0,0.0
2160,1e-06,0.0,0.0,0.0
2161,1e-06,0.0,0.0,0.0
2162,1e-06,0.0,0.0,0.0
2163,1e-06,0.0,0.0,0.0
2164,1e-06,0.0,0.0,0.0
2165,1e-06,0.0,0.0,0.0
2166,1e-06,0.0,0.0,0.0
2167,1e-06,0.0,0.0,0.0
2168,1e-06,0.0,0.0,0.0
2169,1e-06,0.0,0.0,0.0
2170,1e-06,0.0,0.0,0.0
2171,1e-06,0.0,0.0,0.0
2172,1e-06,0.0,0.0,0.0
2173,1e-06,0.0,0.0,0.0
2174,1e-06,0.0,0.0,0.0
2175,1e-06,0.0,0.0,0.0
2176,1e-06,0.0,0.0,0.0
2177,1e-06,0.0,0.0,0.0
2178,1e-06,0.0,0.0,0.0
2179,1e-06,0.0,0.0,0.0
2180,1e-06,0.0,0.0,0.0
2181,1e-06,0.0,0.0,0.0
2182,1e-06,0.0,0.0,0.0
2183,1e-06,0.0,0.0,0.0
2184,1e-06,0.0,0.0,0.0
2185,1e-06,0.0,0.0,0.0
2186,1e-06,0.0,0.0,0.0
2187,1e-06,0.0,0.0,0.0
2188,1e-06,0.0,0.0,0.0
2189,1e-06,0.0,0.0,0.0
2190,1e-06,0.0,0.0,0.0
2191,1e-06,0.0,0.0,0.0
2192,1e-06,0.0,0.0,0.0
2193,1e-06,0.0,0.0,0.0
2194,1e-06,0.0,0.0,0.0
2195,1e-06,0.0,0.0,0.0
2196,1e-06,0.0,0.0,0.0
2197,1e-06,0.0,0.0,0.0
2198,1e-06,0.0,0.0,0.0
2199,1e-06,0.0,0.0,0.0
2200,1e-06,0.0,0.0,0.0
2201,1e-06,0.0,0.0,0.0
2202,1e-06,0.0,0.0,0.0
2203,1e-06,0.0,0.0,0.0
2204,1e-06,0.0,0.0,0.0
2205,1e-06,0.0,0.0,0.0
2206,1e-06,0.0,0.0,0.0
2207,1e-06,0.0,0.0,0.0
2208,1e-06,0.0,0.0,0.0
2209,1e-06,0.0,0.0,0.0
2210,1e-06,0.0,0.0,0.0
2211,1e-06,0.0,0.0,0.0
2212,1e-06,0.0,0.0,0.0
2213,1e-06,0.0,0.0,0.0
2214,1e-06,0.0,0.0,0.0
2215,1e-06,0.0,0.0,0.0
2216,1e-06,0.0,0.0,0.0
2217,1e-06,0.0,0.0,0.0
2218,1e-06,0.0,0.0,0.0
2219,1e-06,0.0,0.0,0.0
2220,1e-06,0.0,0.0,0.0
2221,1e-06,0.0,0.0,0.0
2222,1e-06,0.0,0.0,0.0
2223,1e-06,0.0,0.0,0.0
2224,1e-06,0.0,0.0,0.0
2225,1e-06,0.0,0.0,0.0
2226,1e-06,0.0,0.0,0.0
2227,1e-06,0.0,0.0,0.0
2228,1e-06,0.0,0.0,0.0
2229,1e-06,0.0,0.0,0.0
2230,1e-06,0.0,0.0,0.0
2231,1e-06,0.0,0.0,0.0
2232,1e-06,0.0,0.0,0.0
2233,1e-06,0.0,0.0,0.0
2234,1e-06,0.0,0.0,0.0
2235,1e-06,0.0,0.0,0.0
2236,1e-06,0.0,0.0,0.0
2237,1e-06,0.0,0.0,0.0
2238,1e-06,0.0,0.0,0.0
2239,1e-06,0.0,0.0,0.0
2240,1e-06,0.0,0.0,0.0
2241,1e-06,0.0,0.0,0.0
2242,1e-06,0.0,0.0,0.0
2243,1e-06,0.0,0.0,0.0
2244,1e-06,0.0,0.0,0.0
2245,1e-06,0.0,0.0,0.0
2246,1e-06,0.0,0.0,0.0
2247,1e-06,0.0,0.0,0.0
2248,1e-06,0.0,0.0,0.0
2249,1e-06,0.0,0.0,0.0
2250,1e-06,0.0,0.0,0.0
2251,1e-06,0.0,0.0,0.0
2252,1e-06,0.0,0.0,0.0
2253,1e-06,0.0,0.0,0.0
2254,1e-06,0.0,0.0,0.0
2255,1e-06,0.0,0.0,0.0
2256,1e-06,0.0,0.0,0.0
2257,1e-06,0.0,0.0,0.0
2258,1e-06,0.0,0.0,0.0
2259,1e-06,0.0,0.0,0.0
2260,1e-06,0.0,0.0,0.0
2261,1e-06,0.0,0.0,0.0
2262,1e-06,0.0,0.0,0.0
2263,1e-06,0.0,0.0,0.0
2264,1e-06,0.0,0.0,0.0
2265,1e-06,0.0,0.0,0.0
2266,1e-06,0.0,0.0,0.0
2267,1e-06,0.0,0.0,0.0
2268,1e-06,0.0,0.0,0.0
2269,1e-06,0.0,0.0,0.0
2270,1e-06,0.0,0.0,0.0
2271,1e-06,0.0,0.0,0.0
2272,1e-06,0.0,0.0,0.0
2273,1e-06,0.0,0.0,0.0
2274,1e-06,0.0,0.0,0.0
2275,1e-06,0.0,0.0,0.0
2276,1e-06,0.0,0.0,0.0
2277,1e-06,0.0,0.0,0.0
2278,1e-06,0.0,0.0,0.0
2279,1e-06,0.0,0.0,0.0
2280,1e-06,0.0,0.0,0.0
2281,1e-06,0.0,0.0,0.0
2282,1e-06,0.0,0.0,0.0
2283,1e-06,0.0,0.0,0.0
2284,1e-06,0.0,0.0,0.0
2285,1e-06,0.0,0.0,0.0
2286,1e-06,0.0,0.0,0.0
2287,1e-06,0.0,0.0,0.0
2288,1e-06,0.0,0.0,0.0
2289,1e-06,0.0,0.0,0.0
2290,1e-06,0.0,0.0,0.0
2291,1e-06,0.0,0.0,0.0
2292,1e-06,0.0,0.0,0.0
2293,1e-06,0.0,0.0,0.0
2294,1e-06,0.0,0.0,0.0
2295,1e-06,0.0,0.0,0.0
2296,1e-06,0.0,0.0,0.0
2297,1e-06,0.0,0.0,0.0
2298,1e-06,0.0,0.0,0.0
2299,1e-06,0.0,0.0,0.0
2300,1e-06,0.0,0.0,0.0
2301,1e-06,0.0,0.0,0.0
2302,1e-06,0.0,0.0,0.0
2303,1e-06,0.0,0.0,0.0
2304,1e-06,0.0,0.0,0.0
2305,1e-06,0.0,0.0,0.0
2306,1e-06,0.0,0.0,0.0
2307,1e-06,0.0,0.0,0.0
2308,1e-06,0.0,0.0,0.0
2309,1e-06,0.0,0.0,0.0
2310,1e-06,0.0,0.0,0.0
2311,1e-06,0.0,0.0,0.0
2312,1e-06,0.0,0.0,0.0
2313,1e-06,0.0,0.0,0.0
2314,1e-06,0.0,0.0,0.0
2315,1e-06,0.0,0.0,0.0
2316,1e-06,0.0,0.0,0.0
2317,1e-06,0.0,0.0,0.0
2318,1e-06,0.0,0.0,0.0
2319,1e-06,0.0,0.0,0.0
2320,1e-06,0.0,0.0,0.0
2321,1e-06,0.0,0.0,0.0
2322,1e-06,0.0,0.0,0.0
2323,1e-06,0.0,0.0,0.0
2324,1e-06,0.0,0.0,0.0
2325,1e-06,0.0,0.0,0.0
2326,1e-06,0.0,0.0,0.0
2327,1e-06,0.0,0.0,0.0
2328,1e-06,0.0,0.0,0.0
2329,1e-06,0.0,0.0,0.0
2330,1e-06,0.0,0.0,0.0
2331,1e-06,0.0,0.0,0.0
2332,1e-06,0.0,0.0,0.0
2333,1e-06,0.0,0.0,0.0
2334,1e-06,0.0,0.0,0.0
2335,1e-06,0.0,0.0,0.0
2336,1e-06,0.0,0.0,0.0
2337,1e-06,0.0,0.0,0.0
2338,1e-06,0.0,0.0,0.0
2339,1e-06,0.0,0.0,0.0
2340,1e-06,0.0,0.0,0.0
2341,1e-06,0.0,0.0,0.0
2342,1e-06,0.0,0.0,0.0
2343,1e-06,0.0,0.0,0.0
2344,1e-06,0.0,0.0,0.0
2345,1e-06,0.0,0.0,0.0
2346,1e-06,0.0,0.0,0.0
2347,1e-06,0.0,0.0,0.0
2348,1e-06,0.0,0.0,0.0
2349,1e-06,0.0,0.0,0.0
2350,1e-06,0.0,0.0,0.0
2351,1e-06,0.0,0.0,0.0
2352,1e-06,0.0,0.0,0.0
2353,1e-06,0.0,0.0,0.0
2354,1e-06,0.0,0.0,0.0
2355,1e-06,0.0,0.0,0.0
2356,1e-06,0.0,0.0,0.0
2357,1e-06,0.0,0.0,0.0
2358,1e-06,0.0,0.0,0.0
2359,1e-06,0.0,0.0,0.0
2360,1e-06,0.0,0.0,0.0
2361,1e-06,0.0,0.0,0.0
2362,1e-06,0.0,0.0,0.0
2363,1e-06,0.0,0.0,0.0
2364,1e-06,0.0,0.0,0.0
2365,1e-06,0.0,0.0,0.0
2366,1e-06,0.0,0.0,0.0
2367,1e-06,0.0,0.0,0.0
2368,1e-06,0.0,0.0,0.0
2369,1e-06,0.0,0.0,0.0
2370,1e-06,0.0,0.0,0.0
2371,1e-06,0.0,0.0,0.0
2372,1e-06,0.0,0.0,0.0
2373,1e-06,0.0,0.0,0.0
2374,1e-06,0.0,0.0,0.0
2375,1e-06,0.0,0.0,0.0
2376,1e-06,0.0,0.0,0.0
2377,1e-06,0.0,0.0,0.0
2378,1e-06,0.0,0.0,0.0
2379,1e-06,0.0,0.0,0.0
2380,1e-06,0.0,0.0,0.0
2381,1e-06,0.0,0.0,0.0
2382,1e-06,0.0,0.0,0.0
2383,1e-06,0.0,0.0,0.0
2384,1e-06,0.0,0.0,0.0
2385,1e-06,0.0,0.0,0.0
2386,1e-06,0.0,0.0,0.0
2387,1e-06,0.0,0.0,0.0
2388,1e-06,0.0,0.0,0.0
2389,1e-06,0.0,0.0,0.0
2390,1e-06,0.0,0.0,0.0
2391,1e-06,0.0,0.0,0.0
2392,1e-06,0.0,0.0,0.0
2393,1e-06,0.0,0.0,0.0
2394,1e-06,0.0,0.0,0.0
2395,1e-06,0.0,0.0,0.0
2396,1e-06,0.0,0.0,0.0
2397,1e-06,0.0,0.0,0.0
2398,1e-06,0.0,0.0,0.0
2399,1e-06,0.0,0.0,0.0
2400,1e-06,0.0,0.0,0.0
2401,1e-06,0.0,0.0,0.0
2402,1e-06,0.0,0.0,0.0
2403,1e-06,0.0,0.0,0.0
2404,1e-06,0.0,0.0,0.0
2405,1e-06,0.0,0.0,0.0
2406,1e-06,0.0,0.0,0.0
2407,1e-06,0.0,0.0,0.0
2408,1e-06,0.0,0.0,0.0
2409,1e-06,0.0,0.0,0.0
2410,1e-06,0.0,0.0,0.0
2411,1e-06,0.0,0.0,0.0
2412,1e-06,0.0,0.0,0.0
2413,1e-06,0.0,0.0,0.0
2414,1e-06,0.0,0.0,0.0
2415,1e-06,0.0,0.0,0.0
2416,1e-06,0.0,0.0,0.0
2417,1e-06,0.0,0.0,0.0
2418,1e-06,0.0,0.0,0.0
2419,1e-06,0.0,0.0,0.0
2420,1e-06,0.0,0.0,0.0
2421,1e-06,0.0,0.0,0.0
2422,1e-06,0.0,0.0,0.0
2423,1e-06,0.0,0.0,0.0
2424,1e-06,0.0,0.0,0.0
2425,1e-06,0.0,0.0,0.0
2426,1e-06,0.0,0.0,0.0
2427,1e-06,0.0,0.0,0.0
2428,1e-06,0.0,0.0,0.0
2429,1e-06,0.0,0.0,0.0
2430,1e-06,0.0,0.0,0.0
2431,1e-06,0.0,0.0,0.0
2432,1e-06,0.0,0.0,0.0
2433,1e-06,0.0,0.0,0.0
2434,1e-06,0.0,0.0,0.0
2435,1e-06,0.0,0.0,0.0
2436,1e-06,0.0,0.0,0.0
2437,1e-06,0.0,0.0,0.0
2438,1e-06,0.0,0.0,0.0
2439,1e-06,0.0,0.0,0.0
2440,1e-06,0.0,0.0,0.0
2441,1e-06,0.0,0.0,0.0
2442,1e-06,0.0,0.0,0.0
2443,1e-06,0.0,0.0,0.0
2444,1e-06,0.0,0.0,0.0
2445,1e-06,0.0,0.0,0.0
2446,1e-06,0.0,0.0,0.0
2447,1e-06,0.0,0.0,0.0
2448,1e-06,0.0,0.0,0.0
2449,1e-06,0.0,0.0,0.0
2450,1e-06,0.0,0.0,0.0
2451,1e-06,0.0,0.0,0.0
2452,1e-06,0.0,0.0,0.0
2453,1e-06,0.0,0.0,0.0
2454,1e-06,0.0,0.0,0.0
2455,1e-06,0.0,0.0,0.0
2456,1e-06,0.0,0.0,0.0
2457,1e-06,0.0,0.0,0.0
2458,1e-06,0.0,0.0,0.0
2459,1e-06,0.0,0.0,0.0
2460,1e-06,0.0,0.0,0.0
2461,1e-06,0.0,0.0,0.0
2462,1e-06,0.0,0.0,0.0
2463,1e-06,0.0,0.0,0.0
2464,1e-06,0.0,0.0,0.0
2465,1e-06,0.0,0.0,0.0
2466,1e-06,0.0,0.0,0.0
2467,1e-06,0.0,0.0,0.0
2468,1e-06,0.0,0.0,0.0
2469,1e-06,0.0,0.0,0.0
2470,1e-06,0.0,0.0,0.0
2471,1e-06,0.0,0.0,0.0
2472,1e-06,0.0,0.0,0.0
2473,1e-06,0.0,0.0,0.0
2474,1e-06,0.0,0.0,0.0
2475,1e-06,0.0,0.0,0.0
2476,1e-06,0.0,0.0,0.0
2477,1e-06,0.0,0.0,0.0
2478,1e-06,0.0,0.0,0.0
2479,1e-06,0.0,0.0,0.0
2480,1e-06,0.0,0.0,0.0
2481,1e-06,0.0,0.0,0.0
2482,1e-06,0.0,0.0,0.0
2483,1e-06,0.0,0.0,0.0
2484,1e-06,0.0,0.0,0.0
2485,1e-06,0.0,0.0,0.0
2486,1e-06,0.0,0.0,0.0
2487,1e-06,0.0,0.0,0.0
2488,1e-06,0.0,0.0,0.0
2489,1e-06,0.0,0.0,0.0
2490,1e-06,0.0,0.0,0.0
2491,1e-06,0.0,0.0,0.0
2492,1e-06,0.0,0.0,0.0
2493,1e-06,0.0,0.0,0.0
2494,1e-06,0.0,0.0,0.0
2495,1e-06,0.0,0.0,0.0
2496,1e-06,0.0,0.0,0.0
2497,1e-06,0.0,0.0,0.0
2498,1e-06,0.0,0.0,0.0
2499,1e-06,0.0,0.0,0.0
2500,1e-06,0.0,0.0,0.0
2501,1e-06,0.0,0.0,0.0
2502,1e-06,0.0,0.0,0.0
2503,1e-06,0.0,0.0,0.0
2504,1e-06,0.0,0.0,0.0
2505,1e-06,0.0,0.0,0.0
2506,1e-06,0.0,0.0,0.0
2507,1e-06,0.0,0.0,0.0
2508,1e-06,0.0,0.0,0.0
2509,1e-06,0.0,0.0,0.0
2510,1e-06,0.0,0.0,0.0
2511,1e-06,0.0,0.0,0.0
2512,1e-06,0.0,0.0,0.0
2513,1e-06,0.0,0.0,0.0
2514,1e-06,0.0,0.0,0.0
2515,1e-06,0.0,0.0,0.0
2516,1e-06,0.0,0.0,0.0
2517,1e-06,0.0,0.0,0.0
2518,1e-06,0.0,0.0,0.0
2519,1e-06,0.0,0.0,0.0
2520,1e-06,0.0,0.0,0.0
2521,1e-06,0.0,0.0,0.0
2522,1e-06,0.0,0.0,0.0
2523,1e-06,0.0,0.0,0.0
2524,1e-06,0.0,0.0,0.0
2525,1e-06,0.0,0.0,0.0
2526,1e-06,0.0,0.0,0.0
2527,1e-06,0.0,0.0,0.0
2528,1e-06,0.0,0.0,0.0
2529,1e-06,0.0,0.0,0.0
2530,1e-06,0.0,0.0,0.0
2531,1e-06,0.0,0.0,0.0
2532,1e-06,0.0,0.0,0.0
2533,1e-06,0.0,0.0,0.0
2534,1e-06,0.0,0.0,0.0
2535,1e-06,0.0,0.0,0.0
2536,1e-06,0.0,0.0,0.0
2537,1e-06,0.0,0.0,0.0
2538,1e-06,0.0,0.0,0.0
2539,1e-06,0.0,0.0,0.0
2540,1e-06,0.0,0.0,0.0
2541,1e-06,0.0,0.0,0.0
2542,1e-06,0.0,0.0,0.0
2543,1e-06,0.0,0.0,0.0
2544,1e-06,0.0,0.0,0.0
2545,1e-06,0.0,0.0,0.0
2546,1e-06,0.0,0.0,0.0
2547,1e-06,0.0,0.0,0.0
2548,1e-06,0.0,0.0,0.0
2549,1e-06,0.0,0.0,0.0
2550,1e-06,0.0,0.0,0.0
2551,1e-06,0.0,0.0,0.0
2552,1e-06,0.0,0.0,0.0
2553,1e-06,0.0,0.0,0.0
2554,1e-06,0.0,0.0,0.0
2555,1e-06,0.0,0.0,0.0
2556,1e-06,0.0,0.0,0.0
2557,1e-06,0.0,0.0,0.0
2558,1e-06,0.0,0.0,0.0
2559,1e-06,0.0,0.0,0.0
2560,1e-06,0.0,0.0,0.0
2561,1e-06,0.0,0.0,0.0
2562,1e-06,0.0,0.0,0.0
2563,1e-06,0.0,0.0,0.0
2564,1e-06,0.0,0.0,0.0
2565,1e-06,0.0,0.0,0.0
2566,1e-06,0.0,0.0,0.0
2567,1e-06,0.0,0.0,0.0
2568,1e-06,0.0,0.0,0.0
2569,1e-06,0.0,0.0,0.0
2570,1e-06,0.0,0.0,0.0
2571,1e-06,0.0,0.0,0.0
2572,1e-06,0.0,0.0,0.0
2573,1e-06,0.0,0.0,0.0
2574,1e-06,0.0,0.0,0.0
2575,1e-06,0.0,0.0,0.0
2576,1e-06,0.0,0.0,0.0
2577,1e-06,0.0,0.0,0.0
2578,1e-06,0.0,0.0,0.0
2579,1e-06,0.0,0.0,0.0
2580,1e-06,0.0,0.0,0.0
2581,1e-06,0.0,0.0,0.0
2582,1e-06,0.0,0.0,0.0
2583,1e-06,0.0,0.0,0.0
2584,1e-06,0.0,0.0,0.0
2585,1e-06,0.0,0.0,0.0
2586,1e-06,0.0,0.0,0.0
2587,1e-06,0.0,0.0,0.0
2588,1e-06,0.0,0.0,0.0
2589,1e-06,0.0,0.0,0.0
2590,1e-06,0.0,0.0,0.0
2591,1e-06,0.0,0.0,0.0
2592,1e-06,0.0,0.0,0.0
2593,1e-06,0.0,0.0,0.0
2594,1e-06,0.0,0.0,0.0
2595,1e-06,0.0,0.0,0.0
2596,1e-06,0.0,0.0,0.0
2597,1e-06,0.0,0.0,0.0
2598,1e-06,0.0,0.0,0.0
2599,1e-06,0.0,0.0,0.0
2600,1e-06,0.0,0.0,0.0
2601,1e-06,0.0,0.0,0.0
2602,1e-06,0.0,0.0,0.0
2603,1e-06,0.0,0.0,0.0
2604,1e-06,0.0,0.0,0.0
2605,1e-06,0.0,0.0,0.0
2606,1e-06,0.0,0.0,0.0
2607,1e-06,0.0,0.0,0.0
2608,1e-06,0.0,0.0,0.0
2609,1e-06,0.0,0.0,0.0
2610,1e-06,0.0,0.0,0.0
2611,1e-06,0.0,0.0,0.0
2612,1e-06,0.0,0.0,0.0
2613,1e-06,0.0,0.0,0.0
2614,1e-06,0.0,0.0,0.0
2615,1e-06,0.0,0.0,0.0
2616,1e-06,0.0,0.0,0.0
2617,1e-06,0.0,0.0,0.0
2618,1e-06,0.0,0.0,0.0
2619,1e-06,0.0,0.0,0.0
2620,1e-06,0.0,0.0,0.0
2621,1e-06,0.0,0.0,0.0
2622,1e-06,0.0,0.0,0.0
2623,1e-06,0.0,0.0,0.0
2624,1e-06,0.0,0.0,0.0
2625,1e-06,0.0,0.0,0.0
2626,1e-06,0.0,0.0,0.0
2627,1e-06,0.0,0.0,0.0
2628,1e-06,0.0,0.0,0.0
2629,1e-06,0.0,0.0,0.0
2630,1e-06,0.0,0.0,0.0
2631,1e-06,0.0,0.0,0.0
2632,1e-06,0.0,0.0,0.0
2633,1e-06,0.0,0.0,0.0
2634,1e-06,0.0,0.0,0.0
2635,1e-06,0.0,0.0,0.0
2636,1e-06,0.0,0.0,0.0
2637,1e-06,0.0,0.0,0.0
2638,1e-06,0.0,0.0,0.0
2639,1e-06,0.0,0.0,0.0
2640,1e-06,0.0,0.0,0.0
2641,1e-06,0.0,0.0,0.0
2642,1e-06,0.0,0.0,0.0
2643,1e-06,0.0,0.0,0.0
2644,1e-06,0.0,0.0,0.0
2645,1e-06,0.0,0.0,0.0
2646,1e-06,0.0,0.0,0.0
2647,1e-06,0.0,0.0,0.0
2648,1e-06,0.0,0.0,0.0
2649,1e-06,0.0,0.0,0.0
2650,1e-06,0.0,0.0,0.0
2651,1e-06,0.0,0.0,0.0
2652,1e-06,0.0,0.0,0.0
2653,1e-06,0.0,0.0,0.0
2654,1e-06,0.0,0.0,0.0
2655,1e-06,0.0,0.0,0.0
2656,1e-06,0.0,0.0,0.0
2657,1e-06,0.0,0.0,0.0
2658,1e-06,0.0,0.0,0.0
2659,1e-06,0.0,0.0,0.0
2660,1e-06,0.0,0.0,0.0
2661,1e-06,0.0,0.0,0.0
2662,1e-06,0.0,0.0,0.0
2663,1e-06,0.0,0.0,0.0
2664,1e-06,0.0,0.0,0.0
2665,1e-06,0.0,0.0,0.0
2666,1e-06,0.0,0.0,0.0
2667,1e-06,0.0,0.0,0.0
2668,1e-06,0.0,0.0,0.0
2669,1e-06,0.0,0.0,0.0
2670,1e-06,0.0,0.0,0.0
2671,1e-06,0.0,0.0,0.0
2672,1e-06,0.0,0.0,0.0
2673,1e-06,0.0,0.0,0.0
2674,1e-06,0.0,0.0,0.0
2675,1e-06,0.0,0.0,0.0
2676,1e-06,0.0,0.0,0.0
2677,1e-06,0.0,0.0,0.0
2678,1e-06,0.0,0.0,0.0
2679,1e-06,0.0,0.0,0.0
2680,1e-06,0.0,0.0,0.0
2681,1e-06,0.0,0.0,0.0
2682,1e-06,0.0,0.0,0.0
2683,1e-06,0.0,0.0,0.0
2684,1e-06,0.0,0.0,0.0
2685,1e-06,0.0,0.0,0.0
2686,1e-06,0.0,0.0,0.0
2687,1e-06,0.0,0.0,0.0
2688,1e-06,0.0,0.0,0.0
2689,1e-06,0.0,0.0,0.0
2690,1e-06,0.0,0.0,0.0
2691,1e-06,0.0,0.0,0.0
2692,1e-06,0.0,0.0,0.0
2693,1e-06,0.0,0.0,0.0
2694,1e-06,0.0,0.0,0.0
2695,1e-06,0.0,0.0,0.0
2696,1e-06,0.0,0.0,0.0
2697,1e-06,0.0,0.0,0.0
2698,1e-06,0.0,0.0,0.0
2699,1e-06,0.0,0.0,0.0
2700,1e-06,0.0,0.0,0.0
2701,1e-06,0.0,0.0,0.0
2702,1e-06,0.0,0.0,0.0
2703,1e-06,0.0,0.0,0.0
2704,1e-06,0.0,0.0,0.0
2705,1e-06,0.0,0.0,0.0
2706,1e-06,0.0,0.0,0.0
2707,1e-06,0.0,0.0,0.0
2708,1e-06,0.0,0.0,0.0
2709,1e-06,0.0,0.0,0.0
2710,1e-06,0.0,0.0,0.0
2711,1e-06,0.0,0.0,0.0
2712,1e-06,0.0,0.0,0.0
2713,1e-06,0.0,0.0,0.0
2714,1e-06,0.0,0.0,0.0
2715,1e-06,0.0,0.0,0.0
2716,1e-06,0.0,0.0,0.0
2717,1e-06,0.0,0.0,0.0
2718,1e-06,0.0,0.0,0.0
2719,1e-06,0.0,0.0,0.0
2720,1e-06,0.0,0.0,0.0
2721,1e-06,0.0,0.0,0.0
2722,1e-06,0.0,0.0,0.0
2723,1e-06,0.0,0.0,0.0
2724,1e-06,0.0,0.0,0.0
2725,1e-06,0.0,0.0,0.0
2726,1e-06,0.0,0.0,0.0
2727,1e-06,0.0,0.0,0.0
2728,1e-06,0.0,0.0,0.0
2729,1e-06,0.0,0.0,0.0
2730,1e-06,0.0,0.0,0.0
2731,1e-06,0.0,0.0,0.0
2732,1e-06,0.0,0.0,0.0
2733,1e-06,0.0,0.0,0.0
2734,1e-06,0.0,0.0,0.0
2735,1e-06,0.0,0.0,0.0
2736,1e-06,0.0,0.0,0.0
2737,1e-06,0.0,0.0,0.0
2738,1e-06,0.0,0.0,0.0
2739,1e-06,0.0,0.0,0.0
2740,1e-06,0.0,0.0,0.0
2741,1e-06,0.0,0.0,0.0
2742,1e-06,0.0,0.0,0.0
2743,1e-06,0.0,0.0,0.0
2744,1e-06,0.0,0.0,0.0
2745,1e-06,0.0,0.0,0.0
2746,1e-06,0.0,0.0,0.0
2747,1e-06,0.0,0.0,0.0
2748,1e-06,0.0,0.0,0.0
2749,1e-06,0.0,0.0,0.0
2750,1e-06,0.0,0.0,0.0
2751,1e-06,0.0,0.0,0.0
2752,1e-06,0.0,0.0,0.0
2753,1e-06,0.0,0.0,0.0
2754,1e-06,0.0,0.0,0.0
2755,1e-06,0.0,0.0,0.0
2756,1e-06,0.0,0.0,0.0
2757,1e-06,0.0,0.0,0.0
2758,1e-06,0.0,0.0,0.0
2759,1e-06,0.0,0.0,0.0
2760,1e-06,0.0,0.0,0.0
2761,1e-06,0.0,0.0,0.0
2762,1e-06,0.0,0.0,0.0
2763,1e-06,0.0,0.0,0.0
2764,1e-06,0.0,0.0,0.0
2765,1e-06,0.0,0.0,0.0
2766,1e-06,0.0,0.0,0.0
2767,1e-06,0.0,0.0,0.0
2768,1e-06,0.0,0.0,0.0
2769,1e-06,0.0,0.0,0.0
2770,1e-06,0.0,0.0,0.0
2771,1e-06,0.0,0.0,0.0
2772,1e-06,0.0,0.0,0.0
2773,1e-06,0.0,0.0,0.0
2774,1e-06,0.0,0.0,0.0
2775,1e-06,0.0,0.0,0.0
2776,1e-06,0.0,0.0,0.0
2777,1e-06,0.0,0.0,0.0
2778,1e-06,0.0,0.0,0.0
2779,1e-06,0.0,0.0,0.0
2780,1e-06,0.0,0.0,0.0
2781,1e-06,0.0,0.0,0.0
2782,1e-06,0.0,0.0,0.0
2783,1e-06,0.0,0.0,0.0
2784,1e-06,0.0,0.0,0.0
2785,1e-06,0.0,0.0,0.0
2786,1e-06,0.0,0.0,0.0
2787,1e-06,0.0,0.0,0.0
2788,1e-06,0.0,0.0,0.0
2789,1e-06,0.0,0.0,0.0
2790,1e-06,0.0,0.0,0.0
2791,1e-06,0.0,0.0,0.0
2792,1e-06,0.0,0.0,0.0
2793,1e-06,0.0,0.0,0.0
2794,1e-06,0.0,0.0,0.0
2795,1e-06,0.0,0.0,0.0
2796,1e-06,0.0,0.0,0.0
2797,1e-06,0.0,0.0,0.0
2798,1e-06,0.0,0.0,0.0
2799,1e-06,0.0,0.0,0.0
2800,1e-06,0.0,0.0,0.0
2801,1e-06,0.0,0.0,0.0
2802,1e-06,0.0,0.0,0.0
2803,1e-06,0.0,0.0,0.0
2804,1e-06,0.0,0.0,0.0
2805,1e-06,0.0,0.0,0.0
2806,1e-06,0.0,0.0,0.0
2807,1e-06,0.0,0.0,0.0
2808,1e-06,0.0,0.0,0.0
2809,1e-06,0.0,0.0,0.0
2810,1e-06,0.0,0.0,0.0
2811,1e-06,0.0,0.0,0.0
2812,1e-06,0.0,0.0,0.0
2813,1e-06,0.0,0.0,0.0
2814,1e-06,0.0,0.0,0.0
2815,1e-06,0.0,0.0,0.0
2816,1e-06,0.0,0.0,0.0
2817,1e-06,0.0,0.0,0.0
2818,1e-06,0.0,0.0,0.0
2819,1e-06,0.0,0.0,0.0
2820,1e-06,0.0,0.0,0.0
2821,1e-06,0.0,0.0,0.0
2822,1e-06,0.0,0.0,0.0
2823,1e-06,0.0,0.0,0.0
2824,1e-06,0.0,0.0,0.0
2825,1e-06,0.0,0.0,0.0
2826,1e-06,0.0,0.0,0.0
2827,1e-06,0.0,0.0,0.0
2828,1e-06,0.0,0.0,0.0
2829,1e-06,0.0,0.0,0.0
2830,1e-06,0.0,0.0,0.0
2831,1e-06,0.0,0.0,0.0
2832,1e-06,0.0,0.0,0.0
2833,1e-06,0.0,0.0,0.0
2834,1e-06,0.0,0.0,0.0
2835,1e-06,0.0,0.0,0.0
2836,1e-06,0.0,0.0,0.0
2837,1e-06,0.0,0.0,0.0
2838,1e-06,0.0,0.0,0.0
2839,1e-06,0.0,0.0,0.0
2840,1e-06,0.0,0.0,0.0
2841,1e-06,0.0,0.0,0.0
2842,1e-06,0.0,0.0,0.0
2843,1e-06,0.0,0.0,0.0
2844,1e-06,0.0,0.0,0.0
2845,1e-06,0.0,0.0,0.0
2846,1e-06,0.0,0.0,0.0
2847,1e-06,0.0,0.0,0.0
2848,1e-06,0.0,0.0,0.0
2849,1e-06,0.0,0.0,0.0
2850,1e-06,0.0,0.0,0.0
2851,1e-06,0.0,0.0,0.0
2852,1e-06,0.0,0.0,0.0
2853,1e-06,0.0,0.0,0.0
2854,1e-06,0.0,0.0,0.0
2855,1e-06,0.0,0.0,0.0
2856,1e-06,0.0,0.0,0.0
2857,1e-06,0.0,0.0,0.0
2858,1e-06,0.0,0.0,0.0
2859,1e-06,0.0,0.0,0.0
2860,1e-06,0.0,0.0,0.0
2861,1e-06,0.0,0.0,0.0
2862,1e-06,0.0,0.0,0.0
2863,1e-06,0.0,0.0,0.0
2864,1e-06,0.0,0.0,0.0
2865,1e-06,0.0,0.0,0.0
2866,1e-06,0.0,0.0,0.0
2867,1e-06,0.0,0.0,0.0
2868,1e-06,0.0,0.0,0.0
2869,1e-06,0.0,0.0,0.0
2870,1e-06,0.0,0.0,0.0
2871,1e-06,0.0,0.0,0.0
2872,1e-06,0.0,0.0,0.0
2873,1e-06,0.0,0.0,0.0
2874,1e-06,0.0,0.0,0.0
2875,1e-06,0.0,0.0,0.0
2876,1e-06,0.0,0.0,0.0
2877,1e-06,0.0,0.0,0.0
2878,1e-06,0.0,0.0,0.0
2879,1e-06,0.0,0.0,0.0
2880,1e-06,0.0,0.0,0.0
2881,1e-06,0.0,0.0,0.0
2882,1e-06,0.0,0.0,0.0
2883,1e-06,0.0,0.0,0.0
2884,1e-06,0.0,0.0,0.0
2885,1e-06,0.0,0.0,0.0
2886,1e-06,0.0,0.0,0.0
2887,1e-06,0.0,0.0,0.0
2888,1e-06,0.0,0.0,0.0
2889,1e-06,0.0,0.0,0.0
2890,1e-06,0.0,0.0,0.0
2891,1e-06,0.0,0.0,0.0
2892,1e-06,0.0,0.0,0.0
2893,1e-06,0.0,0.0,0.0
2894,1e-06,0.0,0.0,0.0
2895,1e-06,0.0,0.0,0.0
2896,1e-06,0.0,0.0,0.0
2897,1e-06,0.0,0.0,0.0
2898,1e-06,0.0,0.0,0.0
2899,1e-06,0.0,0.0,0.0
2900,1e-06,0.0,0.0,0.0
2901,1e-06,0.0,0.0,0.0
2902,1e-06,0.0,0.0,0.0
2903,1e-06,0.0,0.0,0.0
2904,1e-06,0.0,0.0,0.0
2905,1e-06,0.0,0.0,0.0
2906,1e-06,0.0,0.0,0.0
2907,1e-06,0.0,0.0,0.0
2908,1e-06,0.0,0.0,0.0
2909,1e-06,0.0,0.0,0.0
2910,1e-06,0.0,0.0,0.0
2911,1e-06,0.0,0.0,0.0
2912,1e-06,0.0,0.0,0.0
2913,1e-06,0.0,0.0,0.0
2914,1e-06,0.0,0.0,0.0
2915,1e-06,0.0,0.0,0.0
2916,1e-06,0.0,0.0,0.0
2917,1e-06,0.0,0.0,0.0
2918,1e-06,0.0,0.0,0.0
2919,1e-06,0.0,0.0,0.0
2920,1e-06,0.0,0.0,0.0
2921,1e-06,0.0,0.0,0.0
2922,1e-06,0.0,0.0,0.0
2923,1e-06,0.0,0.0,0.0
2924,1e-06,0.0,0.0,0.0
2925,1e-06,0.0,0.0,0.0
2926,1e-06,0.0,0.0,0.0
2927,1e-06,0.0,0.0,0.0
2928,1e-06,0.0,0.0,0.0
2929,1e-06,0.0,0.0,0.0
2930,1e-06,0.0,0.0,0.0
2931,1e-06,0.0,0.0,0.0
2932,1e-06,0.0,0.0,0.0
2933,1e-06,0.0,0.0,0.0
2934,1e-06,0.0,0.0,0.0
2935,1e-06,0.0,0.0,0.0
2936,1e-06,0.0,0.0,0.0
2937,1e-06,0.0,0.0,0.0
2938,1e-06,0.0,0.0,0.0
2939,1e-06,0.0,0.0,0.0
2940,1e-06,0.0,0.0,0.0
2941,1e-06,0.0,0.0,0.0
2942,1e-06,0.0,0.0,0.0
2943,1e-06,0.0,0.0,0.0
2944,1e-06,0.0,0.0,0.0
2945,1e-06,0.0,0.0,0.0
2946,1e-06,0.0,0.0,0.0
2947,1e-06,0.0,0.0,0.0
2948,1e-06,0.0,0.0,0.0
2949,1e-06,0.0,0.0,0.0
2950,1e-06,0.0,0.0,0.0
2951,1e-06,0.0,0.0,0.0
2952,1e-06,0.0,0.0,0.0
2953,1e-06,0.0,0.0,0.0
2954,1e-06,0.0,0.0,0.0
2955,1e-06,0.0,0.0,0.0
2956,1e-06,0.0,0.0,0.0
2957,1e-06,0.0,0.0,0.0
2958,1e-06,0.0,0.0,0.0
2959,1e-06,0.0,0.0,0.0
2960,1e-06,0.0,0.0,0.0
2961,1e-06,0.0,0.0,0.0
2962,1e-06,0.0,0.0,0.0
2963,1e-06,0.0,0.0,0.0
2964,1e-06,0.0,0.0,0.0
2965,1e-06,0.0,0.0,0.0
2966,1e-06,0.0,0.0,0.0
2967,1e-06,0.0,0.0,0.0
2968,1e-06,0.0,0.0,0.0
2969,1e-06,0.0,0.0,0.0
2970,1e-06,0.0,0.0,0.0
2971,1e-06,0.0,0.0,0.0
2972,1e-06,0.0,0.0,0.0
2973,1e-06,0.0,0.0,0.0
2974,1e-06,0.0,0.0,0.0
2975,1e-06,0.0,0.0,0.0
2976,1e-06,0.0,0.0,0.0
2977,1e-06,0.0,0.0,0.0
2978,1e-06,0.0,0.0,0.0
2979,1e-06,0.0,0.0,0.0
2980,1e-06,0.0,0.0,0.0
2981,1e-06,0.0,0.0,0.0
2982,1e-06,0.0,0.0,0.0
2983,1e-06,0.0,0.0,0.0
2984,1e-06,0.0,0.0,0.0
2985,1e-06,0.0,0.0,0.0
2986,1e-06,0.0,0.0,0.0
2987,1e-06,0.0,0.0,0.0
2988,1e-06,0.0,0.0,0.0
2989,1e-06,0.0,0.0,0.0
2990,1e-06,0.0,0.0,0.0
2991,1e-06,0.0,0.0,0.0
2992,1e-06,0.0,0.0,0.0
2993,1e-06,0.0,0.0,0.0
2994,1e-06,0.0,0.0,0.0
2995,1e-06,0.0,0.0,0.0
2996,1e-06,0.0,0.0,0.0
2997,1e-06,0.0,0.0,0.0
2998,1e-06,0.0,0.0,0.0
2999,1e-06,0.0,0.0,0.0
3000,1e-06,0.0,0.0,0.0
3001,1e-06,0.0,0.0,0.0
3002,1e-06,0.0,0.0,0.0
3003,1e-06,0.0,0.0,0.0
3004,1e-06,0.0,0.0,0.0
3005,1e-06,0.0,0.0,0.0
3006,1e-06,0.0,0.0,0.0
3007,1e-06,0.0,0.0,0.0
3008,1e-06,0.0,0.0,0.0
3009,1e-06,0.0,0.0,0.0
3010,1e-06,0.0,0.0,0.0
3011,1e-06,0.0,0.0,0.0
3012,1e-06,0.0,0.0,0.0
3013,1e-06,0.0,0.0,0.0
3014,1e-06,0.0,0.0,0.0
3015,1e-06,0.0,0.0,0.0
3016,1e-06,0.0,0.0,0.0
3017,1e-06,0.0,0.0,0.0
3018,1e-06,0.0,0.0,0.0
3019,1e-06,0.0,0.0,0.0
3020,1e-06,0.0,0.0,0.0
3021,1e-06,0.0,0.0,0.0
3022,1e-06,0.0,0.0,0.0
3023,1e-06,0.0,0.0,0.0
3024,1e-06,0.0,0.0,0.0
3025,1e-06,0.0,0.0,0.0
3026,1e-06,0.0,0.0,0.0
3027,1e-06,0.0,0.0,0.0
3028,1e-06,0.0,0.0,0.0
3029,1e-06,0.0,0.0,0.0
3030,1e-06,0.0,0.0,0.0
3031,1e-06,0.0,0.0,0.0
3032,1e-06,0.0,0.0,0.0
3033,1e-06,0.0,0.0,0.0
3034,1e-06,0.0,0.0,0.0
3035,1e-06,0.0,0.0,0.0
3036,1e-06,0.0,0.0,0.0
3037,1e-06,0.0,0.0,0.0
3038,1e-06,0.0,0.0,0.0
3039,1e-06,0.0,0.0,0.0
3040,1e-06,0.0,0.0,0.0
3041,1e-06,0.0,0.0,0.0
3042,1e-06,0.0,0.0,0.0
3043,1e-06,0.0,0.0,0.0
3044,1e-06,0.0,0.0,0.0
3045,1e-06,0.0,0.0,0.0
3046,1e-06,0.0,0.0,0.0
3047,1e-06,0.0,0.0,0.0
3048,1e-06,0.0,0.0,0.0
3049,1e-06,0.0,0.0,0.0
3050,1e-06,0.0,0.0,0.0
3051,1e-06,0.0,0.0,0.0
3052,1e-06,0.0,0.0,0.0
3053,1e-06,0.0,0.0,0.0
3054,1e-06,0.0,0.0,0.0
3055,1e-06,0.0,0.0,0.0
3056,1e-06,0.0,0.0,0.0
3057,1e-06,0.0,0.0,0.0
3058,1e-06,0.0,0.0,0.0
3059,1e-06,0.0,0.0,0.0
3060,1e-06,0.0,0.0,0.0
3061,1e-06,0.0,0.0,0.0
3062,1e-06,0.0,0.0,0.0
3063,1e-06,0.0,0.0,0.0
3064,1e-06,0.0,0.0,0.0
3065,1e-06,0.0,0.0,0.0
3066,1e-06,0.0,0.0,0.0
3067,1e-06,0.0,0.0,0.0
3068,1e-06,0.0,0.0,0.0
3069,1e-06,0.0,0.0,0.0
3070,1e-06,0.0,0.0,0.0
3071,1e-06,0.0,0.0,0.0
3072,1e-06,0.0,0.0,0.0
3073,1e-06,0.0,0.0,0.0
3074,1e-06,0.0,0.0,0.0
3075,1e-06,0.0,0.0,0.0
3076,1e-06,0.0,0.0,0.0
3077,1e-06,0.0,0.0,0.0
3078,1e-06,0.0,0.0,0.0
3079,1e-06,0.0,0.0,0.0
3080,1e-06,0.0,0.0,0.0
3081,1e-06,0.0,0.0,0.0
3082,1e-06,0.0,0.0,0.0
3083,1e-06,0.0,0.0,0.0
3084,1e-06,0.0,0.0,0.0
3085,1e-06,0.0,0.0,0.0
3086,1e-06,0.0,0.0,0.0
3087,1e-06,0.0,0.0,0.0
3088,1e-06,0.0,0.0,0.0
3089,1e-06,0.0,0.0,0.0
3090,1e-06,0.0,0.0,0.0
3091,1e-06,0.0,0.0,0.0
3092,1e-06,0.0,0.0,0.0
3093,1e-06,0.0,0.0,0.0
3094,1e-06,0.0,0.0,0.0
3095,1e-06,0.0,0.0,0.0
3096,1e-06,0.0,0.0,0.0
3097,1e-06,0.0,0.0,0.0
3098,1e-06,0.0,0.0,0.0
3099,1e-06,0.0,0.0,0.0
3100,1e-06,0.0,0.0,0.0
3101,1e-06,0.0,0.0,0.0
3102,1e-06,0.0,0.0,0.0
3103,1e-06,0.0,0.0,0.0
3104,1e-06,0.0,0.0,0.0
3105,1e-06,0.0,0.0,0.0
3106,1e-06,0.0,0.0,0.0
3107,1e-06,0.0,0.0,0.0
3108,1e-06,0.0,0.0,0.0
3109,1e-06,0.0,0.0,0.0
3110,1e-06,0.0,0.0,0.0
3111,1e-06,0.0,0.0,0.0
3112,1e-06,0.0,0.0,0.0
3113,1e-06,0.0,0.0,0.0
3114,1e-06,0.0,0.0,0.0
3115,1e-06,0.0,0.0,0.0
3116,1e-06,0.0,0.0,0.0
3117,1e-06,0.0,0.0,0.0
3118,1e-06,0.0,0.0,0.0
3119,1e-06,0.0,0.0,0.0
3120,1e-06,0.0,0.0,0.0
3121,1e-06,0.0,0.0,0.0
3122,1e-06,0.0,0.0,0.0
3123,1e-06,0.0,0.0,0.0
3124,1e-06,0.0,0.0,0.0
3125,1e-06,0.0,0.0,0.0
3126,1e-06,0.0,0.0,0.0
3127,1e-06,0.0,0.0,0.0
3128,1e-06,0.0,0.0,0.0
3129,1e-06,0.0,0.0,0.0
3130,1e-06,0.0,0.0,0.0
3131,1e-06,0.0,0.0,0.0
3132,1e-06,0.0,0.0,0.0
3133,1e-06,0.0,0.0,0.0
3134,1e-06,0.0,0.0,0.0
3135,1e-06,0.0,0.0,0.0
3136,1e-06,0.0,0.0,0.0
3137,1e-06,0.0,0.0,0.0
3138,1e-06,0.0,0.0,0.0
3139,1e-06,0.0,0.0,0.0
3140,1e-06,0.0,0.0,0.0
3141,1e-06,0.0,0.0,0.0
3142,1e-06,0.0,0.0,0.0
3143,1e-06,0.0,0.0,0.0
3144,1e-06,0.0,0.0,0.0
3145,1e-06,0.0,0.0,0.0
3146,1e-06,0.0,0.0,0.0
3147,1e-06,0.0,0.0,0.0
3148,1e-06,0.0,0.0,0.0
3149,1e-06,0.0,0.0,0.0
3150,1e-06,0.0,0.0,0.0
3151,1e-06,0.0,0.0,0.0
3152,1e-06,0.0,0.0,0.0
3153,1e-06,0.0,0.0,0.0
3154,1e-06,0.0,0.0,0.0
3155,1e-06,0.0,0.0,0.0
3156,1e-06,0.0,0.0,0.0
3157,1e-06,0.0,0.0,0.0
3158,1e-06,0.0,0.0,0.0
3159,1e-06,0.0,0.0,0.0
3160,1e-06,0.0,0.0,0.0
3161,1e-06,0.0,0.0,0.0
3162,1e-06,0.0,0.0,0.0
3163,1e-06,0.0,0.0,0.0
3164,1e-06,0.0,0.0,0.0
3165,1e-06,0.0,0.0,0.0
3166,1e-06,0.0,0.0,0.0
3167,1e-06,0.0,0.0,0.0
3168,1e-06,0.0,0.0,0.0
3169,1e-06,0.0,0.0,0.0
3170,1e-06,0.0,0.0,0.0
3171,1e-06,0.0,0.0,0.0
3172,1e-06,0.0,0.0,0.0
3173,1e-06,0.0,0.0,0.0
3174,1e-06,0.0,0.0,0.0
3175,1e-06,0.0,0.0,0.0
3176,1e-06,0.0,0.0,0.0
3177,1e-06,0.0,0.0,0.0
3178,1e-06,0.0,0.0,0.0
3179,1e-06,0.0,0.0,0.0
3180,1e-06,0.0,0.0,0.0
3181,1e-06,0.0,0.0,0.0
3182,1e-06,0.0,0.0,0.0
3183,1e-06,0.0,0.0,0.0
3184,1e-06,0.0,0.0,0.0
3185,1e-06,0.0,0.0,0.0
3186,1e-06,0.0,0.0,0.0
3187,1e-06,0.0,0.0,0.0
3188,1e-06,0.0,0.0,0.0
3189,1e-06,0.0,0.0,0.0
3190,1e-06,0.0,0.0,0.0
3191,1e-06,0.0,0.0,0.0
3192,1e-06,0.0,0.0,0.0
3193,1e-06,0.0,0.0,0.0
3194,1e-06,0.0,0.0,0.0
3195,1e-06,0.0,0.0,0.0
3196,1e-06,0.0,0.0,0.0
3197,1e-06,0.0,0.0,0.0
3198,1e-06,0.0,0.0,0.0
3199,1e-06,0.0,0.0,0.0
3200,1e-06,0.0,0.0,0.0
3201,1e-06,0.0,0.0,0.0
3202,1e-06,0.0,0.0,0.0
3203,1e-06,0.0,0.0,0.0
3204,1e-06,0.0,0.0,0.0
3205,1e-06,0.0,0.0,0.0
3206,1e-06,0.0,0.0,0.0
3207,1e-06,0.0,0.0,0.0
3208,1e-06,0.0,0.0,0.0
3209,1e-06,0.0,0.0,0.0
3210,1e-06,0.0,0.0,0.0
3211,1e-06,0.0,0.0,0.0
3212,1e-06,0.0,0.0,0.0
3213,1e-06,0.0,0.0,0.0
3214,1e-06,0.0,0.0,0.0
3215,1e-06,0.0,0.0,0.0
3216,1e-06,0.0,0.0,0.0
3217,1e-06,0.0,0.0,0.0
3218,1e-06,0.0,0.0,0.0
3219,1e-06,0.0,0.0,0.0
3220,1e-06,0.0,0.0,0.0
3221,1e-06,0.0,0.0,0.0
3222,1e-06,0.0,0.0,0.0
3223,1e-06,0.0,0.0,0.0
3224,1e-06,0.0,0.0,0.0
3225,1e-06,0.0,0.0,0.0
3226,1e-06,0.0,0.0,0.0
3227,1e-06,0.0,0.0,0.0
3228,1e-06,0.0,0.0,0.0
3229,1e-06,0.0,0.0,0.0
3230,1e-06,0.0,0.0,0.0
3231,1e-06,0.0,0.0,0.0
3232,1e-06,0.0,0.0,0.0
3233,1e-06,0.0,0.0,0.0
3234,1e-06,0.0,0.0,0.0
3235,1e-06,0.0,0.0,0.0
3236,1e-06,0.0,0.0,0.0
3237,1e-06,0.0,0.0,0.0
3238,1e-06,0.0,0.0,0.0
3239,1e-06,0.0,0.0,0.0
3240,1e-06,0.0,0.0,0.0
3241,1e-06,0.0,0.0,0.0
3242,1e-06,0.0,0.0,0.0
3243,1e-06,0.0,0.0,0.0
3244,1e-06,0.0,0.0,0.0
3245,1e-06,0.0,0.0,0.0
3246,1e-06,0.0,0.0,0.0
3247,1e-06,0.0,0.0,0.0
3248,1e-06,0.0,0.0,0.0
3249,1e-06,0.0,0.0,0.0
3250,1e-06,0.0,0.0,0.0
3251,1e-06,0.0,0.0,0.0
3252,1e-06,0.0,0.0,0.0
3253,1e-06,0.0,0.0,0.0
3254,1e-06,0.0,0.0,0.0
3255,1e-06,0.0,0.0,0.0
3256,1e-06,0.0,0.0,0.0
3257,1e-06,0.0,0.0,0.0
3258,1e-06,0.0,0.0,0.0
3259,1e-06,0.0,0.0,0.0
3260,1e-06,0.0,0.0,0.0
3261,1e-06,0.0,0.0,0.0
3262,1e-06,0.0,0.0,0.0
3263,1e-06,0.0,0.0,0.0
3264,1e-06,0.0,0.0,0.0
3265,1e-06,0.0,0.0,0.0
3266,1e-06,0.0,0.0,0.0
3267,1e-06,0.0,0.0,0.0
3268,1e-06,0.0,0.0,0.0
3269,1e-06,0.0,0.0,0.0
3270,1e-06,0.0,0.0,0.0
3271,1e-06,0.0,0.0,0.0
3272,1e-06,0.0,0.0,0.0
3273,1e-06,0.0,0.0,0.0
3274,1e-06,0.0,0.0,0.0
3275,1e-06,0.0,0.0,0.0
3276,1e-06,0.0,0.0,0.0
3277,1e-06,0.0,0.0,0.0
3278,1e-06,0.0,0.0,0.0
3279,1e-06,0.0,0.0,0.0
3280,1e-06,0.0,0.0,0.0
3281,1e-06,0.0,0.0,0.0
3282,1e-06,0.0,0.0,0.0
3283,1e-06,0.0,0.0,0.0
3284,1e-06,0.0,0.0,0.0
3285,1e-06,0.0,0.0,0.0
3286,1e-06,0.0,0.0,0.0
3287,1e-06,0.0,0.0,0.0
3288,1e-06,0.0,0.0,0.0
3289,1e-06,0.0,0.0,0.0
3290,1e-06,0.0,0.0,0.0
3291,1e-06,0.0,0.0,0.0
3292,1e-06,0.0,0.0,0.0
3293,1e-06,0.0,0.0,0.0
3294,1e-06,0.0,0.0,0.0
3295,1e-06,0.0,0.0,0.0
3296,1e-06,0.0,0.0,0.0
3297,1e-06,0.0,0.0,0.0
3298,1e-06,0.0,0.0,0.0
3299,1e-06,0.0,0.0,0.0
3300,1e-06,0.0,0.0,0.0
3301,1e-06,0.0,0.0,0.0
3302,1e-06,0.0,0.0,0.0
3303,1e-06,0.0,0.0,0.0
3304,1e-06,0.0,0.0,0.0
3305,1e-06,0.0,0.0,0.0
3306,1e-06,0.0,0.0,0.0
3307,1e-06,0.0,0.0,0.0
3308,1e-06,0.0,0.0,0.0
3309,1e-06,0.0,0.0,0.0
3310,1e-06,0.0,0.0,0.0
3311,1e-06,0.0,0.0,0.0
3312,1e-06,0.0,0.0,0.0
3313,1e-06,0.0,0.0,0.0
3314,1e-06,0.0,0.0,0.0
3315,1e-06,0.0,0.0,0.0
3316,1e-06,0.0,0.0,0.0
3317,1e-06,0.0,0.0,0.0
3318,1e-06,0.0,0.0,0.0
3319,1e-06,0.0,0.0,0.0
3320,1e-06,0.0,0.0,0.0
3321,1e-06,0.0,0.0,0.0
3322,1e-06,0.0,0.0,0.0
3323,1e-06,0.0,0.0,0.0
3324,1e-06,0.0,0.0,0.0
3325,1e-06,0.0,0.0,0.0
3326,1e-06,0.0,0.0,0.0
3327,1e-06,0.0,0.0,0.0
3328,1e-06,0.0,0.0,0.0
3329,1e-06,0.0,0.0,0.0
3330,1e-06,0.0,0.0,0.0
3331,1e-06,0.0,0.0,0.0
3332,1e-06,0.0,0.0,0.0
3333,1e-06,0.0,0.0,0.0
3334,1e-06,0.0,0.0,0.0
3335,1e-06,0.0,0.0,0.0
3336,1e-06,0.0,0.0,0.0
3337,1e-06,0.0,0.0,0.0
3338,1e-06,0.0,0.0,0.0
3339,1e-06,0.0,0.0,0.0
3340,1e-06,0.0,0.0,0.0
3341,1e-06,0.0,0.0,0.0
3342,1e-06,0.0,0.0,0.0
3343,1e-06,0.0,0.0,0.0
3344,1e-06,0.0,0.0,0.0
3345,1e-06,0.0,0.0,0.0
3346,1e-06,0.0,0.0,0.0
3347,1e-06,0.0,0.0,0.0
3348,1e-06,0.0,0.0,0.0
3349,1e-06,0.0,0.0,0.0
3350,1e-06,0.0,0.0,0.0
3351,1e-06,0.0,0.0,0.0
3352,1e-06,0.0,0.0,0.0
3353,1e-06,0.0,0.0,0.0
3354,1e-06,0.0,0.0,0.0
3355,1e-06,0.0,0.0,0.0
3356,1e-06,0.0,0.0,0.0
3357,1e-06,0.0,0.0,0.0
3358,1e-06,0.0,0.0,0.0
3359,1e-06,0.0,0.0,0.0
3360,1e-06,0.0,0.0,0.0
3361,1e-06,0.0,0.0,0.0
3362,1e-06,0.0,0.0,0.0
3363,1e-06,0.0,0.0,0.0
3364,1e-06,0.0,0.0,0.0
3365,1e-06,0.0,0.0,0.0
3366,1e-06,0.0,0.0,0.0
3367,1e-06,0.0,0.0,0.0
3368,1e-06,0.0,0.0,0.0
3369,1e-06,0.0,0.0,0.0
3370,1e-06,0.0,0.0,0.0
3371,1e-06,0.0,0.0,0.0
3372,1e-06,0.0,0.0,0.0
3373,1e-06,0.0,0.0,0.0
3374,1e-06,0.0,0.0,0.0
3375,1e-06,0.0,0.0,0.0
3376,1e-06,0.0,0.0,0.0
3377,1e-06,0.0,0.0,0.0
3378,1e-06,0.0,0.0,0.0
3379,1e-06,0.0,0.0,0.0
3380,1e-06,0.0,0.0,0.0
3381,1e-06,0.0,0.0,0.0
3382,1e-06,0.0,0.0,0.0
3383,1e-06,0.0,0.0,0.0
3384,1e-06,0.0,0.0,0.0
3385,1e-06,0.0,0.0,0.0
3386,1e-06,0.0,0.0,0.0
3387,1e-06,0.0,0.0,0.0
3388,1e-06,0.0,0.0,0.0
3389,1e-06,0.0,0.0,0.0
3390,1e-06,0.0,0.0,0.0
3391,1e-06,0.0,0.0,0.0
3392,1e-06,0.0,0.0,0.0
3393,1e-06,0.0,0.0,0.0
3394,1e-06,0.0,0.0,0.0
3395,1e-06,0.0,0.0,0.0
3396,1e-06,0.0,0.0,0.0
3397,1e-06,0.0,0.0,0.0
3398,1e-06,0.0,0.0,0.0
3399,1e-06,0.0,0.0,0.0
3400,1e-06,0.0,0.0,0.0
3401,1e-06,0.0,0.0,0.0
3402,1e-06,0.0,0.0,0.0
3403,1e-06,0.0,0.0,0.0
3404,1e-06,0.0,0.0,0.0
3405,1e-06,0.0,0.0,0.0
3406,1e-06,0.0,0.0,0.0
3407,1e-06,0.0,0.0,0.0
3408,1e-06,0.0,0.0,0.0
3409,1e-06,0.0,0.0,0.0
3410,1e-06,0.0,0.0,0.0
3411,1e-06,0.0,0.0,0.0
3412,1e-06,0.0,0.0,0.0
3413,1e-06,0.0,0.0,0.0
3414,1e-06,0.0,0.0,0.0
3415,1e-06,0.0,0.0,0.0
3416,1e-06,0.0,0.0,0.0
3417,1e-06,0.0,0.0,0.0
3418,1e-06,0.0,0.0,0.0
3419,1e-06,0.0,0.0,0.0
3420,1e-06,0.0,0.0,0.0
3421,1e-06,0.0,0.0,0.0
3422,1e-06,0.0,0.0,0.0
3423,1e-06,0.0,0.0,0.0
3424,1e-06,0.0,0.0,0.0
3425,1e-06,0.0,0.0,0.0
3426,1e-06,0.0,0.0,0.0
3427,1e-06,0.0,0.0,0.0
3428,1e-06,0.0,0.0,0.0
3429,1e-06,0.0,0.0,0.0
3430,1e-06,0.0,0.0,0.0
3431,1e-06,0.0,0.0,0.0
3432,1e-06,0.0,0.0,0.0
3433,1e-06,0.0,0.0,0.0
3434,1e-06,0.0,0.0,0.0
3435,1e-06,0.0,0.0,0.0
3436,1e-06,0.0,0.0,0.0
3437,1e-06,0.0,0.0,0.0
3438,1e-06,0.0,0.0,0.0
3439,1e-06,0.0,0.0,0.0
3440,1e-06,0.0,0.0,0.0
3441,1e-06,0.0,0.0,0.0
3442,1e-06,0.0,0.0,0.0
3443,1e-06,0.0,0.0,0.0
3444,1e-06,0.0,0.0,0.0
3445,1e-06,0.0,0.0,0.0
3446,1e-06,0.0,0.0,0.0
3447,1e-06,0.0,0.0,0.0
3448,1e-06,0.0,0.0,0.0
3449,1e-06,0.0,0.0,0.0
3450,1e-06,0.0,0.0,0.0
3451,1e-06,0.0,0.0,0.0
3452,1e-06,0.0,0.0,0.0
3453,1e-06,0.0,0.0,0.0
3454,1e-06,0.0,0.0,0.0
3455,1e-06,0.0,0.0,0.0
3456,1e-06,0.0,0.0,0.0
3457,1e-06,0.0,0.0,0.0
3458,1e-06,0.0,0.0,0.0
3459,1e-06,0.0,0.0,0.0
3460,1e-06,0.0,0.0,0.0
3461,1e-06,0.0,0.0,0.0
3462,1e-06,0.0,0.0,0.0
3463,1e-06,0.0,0.0,0.0
3464,1e-06,0.0,0.0,0.0
3465,1e-06,0.0,0.0,0.0
3466,1e-06,0.0,0.0,0.0
3467,1e-06,0.0,0.0,0.0
3468,1e-06,0.0,0.0,0.0
3469,1e-06,0.0,0.0,0.0
3470,1e-06,0.0,0.0,0.0
3471,1e-06,0.0,0.0,0.0
3472,1e-06,0.0,0.0,0.0
3473,1e-06,0.0,0.0,0.0
3474,1e-06,0.0,0.0,0.0
3475,1e-06,0.0,0.0,0.0
3476,1e-06,0.0,0.0,0.0
3477,1e-06,0.0,0.0,0.0
3478,1e-06,0.0,0.0,0.0
3479,1e-06,0.0,0.0,0.0
3480,1e-06,0.0,0.0,0.0
3481,1e-06,0.0,0.0,0.0
3482,1e-06,0.0,0.0,0.0
3483,1e-06,0.0,0.0,0.0
3484,1e-06,0.0,0.0,0.0
3485,1e-06,0.0,0.0,0.0
3486,1e-06,0.0,0.0,0.0
3487,1e-06,0.0,0.0,0.0
3488,1e-06,0.0,0.0,0.0
3489,1e-06,0.0,0.0,0.0
3490,1e-06,0.0,0.0,0.0
3491,1e-06,0.0,0.0,0.0
3492,1e-06,0.0,0.0,0.0
3493,1e-06,0.0,0.0,0.0
3494,1e-06,0.0,0.0,0.0
3495,1e-06,0.0,0.0,0.0
3496,1e-06,0.0,0.0,0.0
3497,1e-06,0.0,0.0,0.0
3498,1e-06,0.0,0.0,0.0
3499,1e-06,0.0,0.0,0.0
3500,1e-06,0.0,0.0,0.0
3501,1e-06,0.0,0.0,0.0
3502,1e-06,0.0,0.0,0.0
3503,1e-06,0.0,0.0,0.0
3504,1e-06,0.0,0.0,0.0
3505,1e-06,0.0,0.0,0.0
3506,1e-06,0.0,0.0,0.0
3507,1e-06,0.0,0.0,0.0
3508,1e-06,0.0,0.0,0.0
3509,1e-06,0.0,0.0,0.0
3510,1e-06,0.0,0.0,0.0
3511,1e-06,0.0,0.0,0.0
3512,1e-06,0.0,0.0,0.0
3513,1e-06,0.0,0.0,0.0
3514,1e-06,0.0,0.0,0.0
3515,1e-06,0.0,0.0,0.0
3516,1e-06,0.0,0.0,0.0
3517,1e-06,0.0,0.0,0.0
3518,1e-06,0.0,0.0,0.0
3519,1e-06,0.0,0.0,0.0
3520,1e-06,0.0,0.0,0.0
3521,1e-06,0.0,0.0,0.0
3522,1e-06,0.0,0.0,0.0
3523,1e-06,0.0,0.0,0.0
3524,1e-06,0.0,0.0,0.0
3525,1e-06,0.0,0.0,0.0
3526,1e-06,0.0,0.0,0.0
3527,1e-06,0.0,0.0,0.0
3528,1e-06,0.0,0.0,0.0
3529,1e-06,0.0,0.0,0.0
3530,1e-06,0.0,0.0,0.0
3531,1e-06,0.0,0.0,0.0
3532,1e-06,0.0,0.0,0.0
3533,1e-06,0.0,0.0,0.0
3534,1e-06,0.0,0.0,0.0
3535,1e-06,0.0,0.0,0.0
3536,1e-06,0.0,0.0,0.0
3537,1e-06,0.0,0.0,0.0
3538,1e-06,0.0,0.0,0.0
3539,1e-06,0.0,0.0,0.0
3540,1e-06,0.0,0.0,0.0
3541,1e-06,0.0,0.0,0.0
3542,1e-06,0.0,0.0,0.0
3543,1e-06,0.0,0.0,0.0
3544,1e-06,0.0,0.0,0.0
3545,1e-06,0.0,0.0,0.0
3546,1e-06,0.0,0.0,0.0
3547,1e-06,0.0,0.0,0.0
3548,1e-06,0.0,0.0,0.0
3549,1e-06,0.0,0.0,0.0
3550,1e-06,0.0,0.0,0.0
3551,1e-06,0.0,0.0,0.0
3552,1e-06,0.0,0.0,0.0
3553,1e-06,0.0,0.0,0.0
3554,1e-06,0.0,0.0,0.0
3555,1e-06,0.0,0.0,0.0
3556,1e-06,0.0,0.0,0.0
3557,1e-06,0.0,0.0,0.0
3558,1e-06,0.0,0.0,0.0
3559,1e-06,0.0,0.0,0.0
3560,1e-06,0.0,0.0,0.0
3561,1e-06,0.0,0.0,0.0
3562,1e-06,0.0,0.0,0.0
3563,1e-06,0.0,0.0,0.0
3564,1e-06,0.0,0.0,0.0
3565,1e-06,0.0,0.0,0.0
3566,1e-06,0.0,0.0,0.0
3567,1e-06,0.0,0.0,0.0
3568,1e-06,0.0,0.0,0.0
3569,1e-06,0.0,0.0,0.0
3570,1e-06,0.0,0.0,0.0
3571,1e-06,0.0,0.0,0.0
3572,1e-06,0.0,0.0,0.0
3573,1e-06,0.0,0.0,0.0
3574,1e-06,0.0,0.0,0.0
3575,1e-06,0.0,0.0,0.0
3576,1e-06,0.0,0.0,0.0
3577,1e-06,0.0,0.0,0.0
3578,1e-06,0.0,0.0,0.0
3579,1e-06,0.0,0.0,0.0
3580,1e-06,0.0,0.0,0.0
3581,1e-06,0.0,0.0,0.0
3582,1e-06,0.0,0.0,0.0
3583,1e-06,0.0,0.0,0.0
3584,1e-06,0.0,0.0,0.0
3585,1e-06,0.0,0.0,0.0
3586,1e-06,0.0,0.0,0.0
3587,1e-06,0.0,0.0,0.0
3588,1e-06,0.0,0.0,0.0
3589,1e-06,0.0,0.0,0.0
3590,1e-06,0.0,0.0,0.0
3591,1e-06,0.0,0.0,0.0
3592,1e-06,0.0,0.0,0.0
3593,1e-06,0.0,0.0,0.0
3594,1e-06,0.0,0.0,0.0
3595,1e-06,0.0,0.0,0.0
3596,1e-06,0.0,0.0,0.0
3597,1e-06,0.0,0.0,0.0
3598,1e-06,0.0,0.0,0.0
3599,1e-06,0.0,0.0,0.0
3600,1e-06,0.0,0.0,0.0
3601,1e-06,0.0,0.0,0.0
3602,1e-06,0.0,0.0,0.0
3603,1e-06,0.0,0.0,0.0
3604,1e-06,0.0,0.0,0.0
3605,1e-06,0.0,0.0,0.0
3606,1e-06,0.0,0.0,0.0
3607,1e-06,0.0,0.0,0.0
3608,1e-06,0.0,0.0,0.0
3609,1e-06,0.0,0.0,0.0
3610,1e-06,0.0,0.0,0.0
3611,1e-06,0.0,0.0,0.0
3612,1e-06,0.0,0.0,0.0
3613,1e-06,0.0,0.0,0.0
3614,1e-06,0.0,0.0,0.0
3615,1e-06,0.0,0.0,0.0
3616,1e-06,0.0,0.0,0.0
3617,1e-06,0.0,0.0,0.0
3618,1e-06,0.0,0.0,0.0
3619,1e-06,0.0,0.0,0.0
3620,1e-06,0.0,0.0,0.0
3621,1e-06,0.0,0.0,0.0
3622,1e-06,0.0,0.0,0.0
3623,1e-06,0.0,0.0,0.0
3624,1e-06,0.0,0.0,0.0
3625,1e-06,0.0,0.0,0.0
3626,1e-06,0.0,0.0,0.0
3627,1e-06,0.0,0.0,0.0
3628,1e-06,0.0,0.0,0.0
3629,1e-06,0.0,0.0,0.0
3630,1e-06,0.0,0.0,0.0
3631,1e-06,0.0,0.0,0.0
3632,1e-06,0.0,0.0,0.0
3633,1e-06,0.0,0.0,0.0
3634,1e-06,0.0,0.0,0.0
3635,1e-06,0.0,0.0,0.0
3636,1e-06,0.0,0.0,0.0
3637,1e-06,0.0,0.0,0.0
3638,1e-06,0.0,0.0,0.0
3639,1e-06,0.0,0.0,0.0
3640,1e-06,0.0,0.0,0.0
3641,1e-06,0.0,0.0,0.0
3642,1e-06,0.0,0.0,0.0
3643,1e-06,0.0,0.0,0.0
3644,1e-06,0.0,0.0,0.0
3645,1e-06,0.0,0.0,0.0
3646,1e-06,0.0,0.0,0.0
3647,1e-06,0.0,0.0,0.0
3648,1e-06,0.0,0.0,0.0
3649,1e-06,0.0,0.0,0.0
3650,1e-06,0.0,0.0,0.0
3651,1e-06,0.0,0.0,0.0
3652,1e-06,0.0,0.0,0.0
3653,1e-06,0.0,0.0,0.0
3654,1e-06,0.0,0.0,0.0
3655,1e-06,0.0,0.0,0.0
3656,1e-06,0.0,0.0,0.0
3657,1e-06,0.0,0.0,0.0
3658,1e-06,0.0,0.0,0.0
3659,1e-06,0.0,0.0,0.0
3660,1e-06,0.0,0.0,0.0
3661,1e-06,0.0,0.0,0.0
3662,1e-06,0.0,0.0,0.0
3663,1e-06,0.0,0.0,0.0
3664,1e-06,0.0,0.0,0.0
3665,1e-06,0.0,0.0,0.0
3666,1e-06,0.0,0.0,0.0
3667,1e-06,0.0,0.0,0.0
3668,1e-06,0.0,0.0,0.0
3669,1e-06,0.0,0.0,0.0
3670,1e-06,0.0,0.0,0.0
3671,1e-06,0.0,0.0,0.0
3672,1e-06,0.0,0.0,0.0
3673,1e-06,0.0,0.0,0.0
3674,1e-06,0.0,0.0,0.0
3675,1e-06,0.0,0.0,0.0
3676,1e-06,0.0,0.0,0.0
3677,1e-06,0.0,0.0,0.0
3678,1e-06,0.0,0.0,0.0
3679,1e-06,0.0,0.0,0.0
3680,1e-06,0.0,0.0,0.0
3681,1e-06,0.0,0.0,0.0
3682,1e-06,0.0,0.0,0.0
3683,1e-06,0.0,0.0,0.0
3684,1e-06,0.0,0.0,0.0
3685,1e-06,0.0,0.0,0.0
3686,1e-06,0.0,0.0,0.0
3687,1e-06,0.0,0.0,0.0
3688,1e-06,0.0,0.0,0.0
3689,1e-06,0.0,0.0,0.0
3690,1e-06,0.0,0.0,0.0
3691,1e-06,0.0,0.0,0.0
3692,1e-06,0.0,0.0,0.0
3693,1e-06,0.0,0.0,0.0
3694,1e-06,0.0,0.0,0.0
3695,1e-06,0.0,0.0,0.0
3696,1e-06,0.0,0.0,0.0
3697,1e-06,0.0,0.0,0.0
3698,1e-06,0.0,0.0,0.0
3699,1e-06,0.0,0.0,0.0
3700,1e-06,0.0,0.0,0.0
3701,1e-06,0.0,0.0,0.0
3702,1e-06,0.0,0.0,0.0
3703,1e-06,0.0,0.0,0.0
3704,1e-06,0.0,0.0,0.0
3705,1e-06,0.0,0.0,0.0
3706,1e-06,0.0,0.0,0.0
3707,1e-06,0.0,0.0,0.0
3708,1e-06,0.0,0.0,0.0
3709,1e-06,0.0,0.0,0.0
3710,1e-06,0.0,0.0,0.0
3711,1e-06,0.0,0.0,0.0
3712,1e-06,0.0,0.0,0.0
3713,1e-06,0.0,0.0,0.0
3714,1e-06,0.0,0.0,0.0
3715,1e-06,0.0,0.0,0.0
3716,1e-06,0.0,0.0,0.0
3717,1e-06,0.0,0.0,0.0
3718,1e-06,0.0,0.0,0.0
3719,1e-06,0.0,0.0,0.0
3720,1e-06,0.0,0.0,0.0
3721,1e-06,0.0,0.0,0.0
3722,1e-06,0.0,0.0,0.0
3723,1e-06,0.0,0.0,0.0
3724,1e-06,0.0,0.0,0.0
3725,1e-06,0.0,0.0,0.0
3726,1e-06,0.0,0.0,0.0
3727,1e-06,0.0,0.0,0.0
3728,1e-06,0.0,0.0,0.0
3729,1e-06,0.0,0.0,0.0
3730,1e-06,0.0,0.0,0.0
3731,1e-06,0.0,0.0,0.0
3732,1e-06,0.0,0.0,0.0
3733,1e-06,0.0,0.0,0.0
3734,1e-06,0.0,0.0,0.0
3735,1e-06,0.0,0.0,0.0
3736,1e-06,0.0,0.0,0.0
3737,1e-06,0.0,0.0,0.0
3738,1e-06,0.0,0.0,0.0
3739,1e-06,0.0,0.0,0.0
3740,1e-06,0.0,0.0,0.0
3741,1e-06,0.0,0.0,0.0
3742,1e-06,0.0,0.0,0.0
3743,1e-06,0.0,0.0,0.0
3744,1e-06,0.0,0.0,0.0
3745,1e-06,0.0,0.0,0.0
3746,1e-06,0.0,0.0,0.0
3747,1e-06,0.0,0.0,0.0
3748,1e-06,0.0,0.0,0.0
3749,1e-06,0.0,0.0,0.0
3750,1e-06,0.0,0.0,0.0
3751,1e-06,0.0,0.0,0.0
3752,1e-06,0.0,0.0,0.0
3753,1e-06,0.0,0.0,0.0
3754,1e-06,0.0,0.0,0.0
3755,1e-06,0.0,0.0,0.0
3756,1e-06,0.0,0.0,0.0
3757,1e-06,0.0,0.0,0.0
3758,1e-06,0.0,0.0,0.0
3759,1e-06,0.0,0.0,0.0
3760,1e-06,0.0,0.0,0.0
3761,1e-06,0.0,0.0,0.0
3762,1e-06,0.0,0.0,0.0
3763,1e-06,0.0,0.0,0.0
3764,1e-06,0.0,0.0,0.0
3765,1e-06,0.0,0.0,0.0
3766,1e-06,0.0,0.0,0.0
3767,1e-06,0.0,0.0,0.0
3768,1e-06,0.0,0.0,0.0
3769,1e-06,0.0,0.0,0.0
3770,1e-06,0.0,0.0,0.0
3771,1e-06,0.0,0.0,0.0
3772,1e-06,0.0,0.0,0.0
3773,1e-06,0.0,0.0,0.0
3774,1e-06,0.0,0.0,0.0
3775,1e-06,0.0,0.0,0.0
3776,1e-06,0.0,0.0,0.0
3777,1e-06,0.0,0.0,0.0
3778,1e-06,0.0,0.0,0.0
3779,1e-06,0.0,0.0,0.0
3780,1e-06,0.0,0.0,0.0
3781,1e-06,0.0,0.0,0.0
3782,1e-06,0.0,0.0,0.0
3783,1e-06,0.0,0.0,0.0
3784,1e-06,0.0,0.0,0.0
3785,1e-06,0.0,0.0,0.0
3786,1e-06,0.0,0.0,0.0
3787,1e-06,0.0,0.0,0.0
3788,1e-06,0.0,0.0,0.0
3789,1e-06,0.0,0.0,0.0
3790,1e-06,0.0,0.0,0.0
3791,1e-06,0.0,0.0,0.0
3792,1e-06,0.0,0.0,0.0
3793,1e-06,0.0,0.0,0.0
3794,1e-06,0.0,0.0,0.0
3795,1e-06,0.0,0.0,0.0
3796,1e-06,0.0,0.0,0.0
3797,1e-06,0.0,0.0,0.0
3798,1e-06,0.0,0.0,0.0
3799,1e-06,0.0,0.0,0.0
3800,1e-06,0.0,0.0,0.0
3801,1e-06,0.0,0.0,0.0
3802,1e-06,0.0,0.0,0.0
3803,1e-06,0.0,0.0,0.0
3804,1e-06,0.0,0.0,0.0
3805,1e-06,0.0,0.0,0.0
3806,1e-06,0.0,0.0,0.0
3807,1e-06,0.0,0.0,0.0
3808,1e-06,0.0,0.0,0.0
3809,1e-06,0.0,0.0,0.0
3810,1e-06,0.0,0.0,0.0
3811,1e-06,0.0,0.0,0.0
3812,1e-06,0.0,0.0,0.0
3813,1e-06,0.0,0.0,0.0
3814,1e-06,0.0,0.0,0.0
3815,1e-06,0.0,0.0,0.0
3816,1e-06,0.0,0.0,0.0
3817,1e-06,0.0,0.0,0.0
3818,1e-06,0.0,0.0,0.0
3819,1e-06,0.0,0.0,0.0
3820,1e-06,0.0,0.0,0.0
3821,1e-06,0.0,0.0,0.0
3822,1e-06,0.0,0.0,0.0
3823,1e-06,0.0,0.0,0.0
3824,1e-06,0.0,0.0,0.0
3825,1e-06,0.0,0.0,0.0
3826,1e-06,0.0,0.0,0.0
3827,1e-06,0.0,0.0,0.0
3828,1e-06,0.0,0.0,0.0
3829,1e-06,0.0,0.0,0.0
3830,1e-06,0.0,0.0,0.0
3831,1e-06,0.0,0.0,0.0
3832,1e-06,0.0,0.0,0.0
3833,1e-06,0.0,0.0,0.0
3834,1e-06,0.0,0.0,0.0
3835,1e-06,0.0,0.0,0.0
3836,1e-06,0.0,0.0,0.0
3837,1e-06,0.0,0.0,0.0
3838,1e-06,0.0,0.0,0.0
3839,1e-06,0.0,0.0,0.0
3840,1e-06,0.0,0.0,0.0
3841,1e-06,0.0,0.0,0.0
3842,1e-06,0.0,0.0,0.0
3843,1e-06,0.0,0.0,0.0
3844,1e-06,0.0,0.0,0.0
3845,1e-06,0.0,0.0,0.0
3846,1e-06,0.0,0.0,0.0
3847,1e-06,0.0,0.0,0.0
3848,1e-06,0.0,0.0,0.0
3849,1e-06,0.0,0.0,0.0
3850,1e-06,0.0,0.0,0.0
3851,1e-06,0.0,0.0,0.0
3852,1e-06,0.0,0.0,0.0
3853,1e-06,0.0,0.0,0.0
3854,1e-06,0.0,0.0,0.0
3855,1e-06,0.0,0.0,0.0
3856,1e-06,0.0,0.0,0.0
3857,1e-06,0.0,0.0,0.0
3858,1e-06,0.0,0.0,0.0
3859,1e-06,0.0,0.0,0.0
3860,1e-06,0.0,0.0,0.0
3861,1e-06,0.0,0.0,0.0
3862,1e-06,0.0,0.0,0.0
3863,1e-06,0.0,0.0,0.0
3864,1e-06,0.0,0.0,0.0
3865,1e-06,0.0,0.0,0.0
3866,1e-06,0.0,0.0,0.0
3867,1e-06,0.0,0.0,0.0
3868,1e-06,0.0,0.0,0.0
3869,1e-06,0.0,0.0,0.0
3870,1e-06,0.0,0.0,0.0
3871,1e-06,0.0,0.0,0.0
3872,1e-06,0.0,0.0,0.0
3873,1e-06,0.0,0.0,0.0
3874,1e-06,0.0,0.0,0.0
3875,1e-06,0.0,0.0,0.0
3876,1e-06,0.0,0.0,0.0
3877,1e-06,0.0,0.0,0.0
3878,1e-06,0.0,0.0,0.0
3879,1e-06,0.0,0.0,0.0
3880,1e-06,0.0,0.0,0.0
3881,1e-06,0.0,0.0,0.0
3882,1e-06,0.0,0.0,0.0
3883,1e-06,0.0,0.0,0.0
3884,1e-06,0.0,0.0,0.0
3885,1e-06,0.0,0.0,0.0
3886,1e-06,0.0,0.0,0.0
3887,1e-06,0.0,0.0,0.0
3888,1e-06,0.0,0.0,0.0
3889,1e-06,0.0,0.0,0.0
3890,1e-06,0.0,0.0,0.0
3891,1e-06,0.0,0.0,0.0
3892,1e-06,0.0,0.0,0.0
3893,1e-06,0.0,0.0,0.0
3894,1e-06,0.0,0.0,0.0
3895,1e-06,0.0,0.0,0.0
3896,1e-06,0.0,0.0,0.0
3897,1e-06,0.0,0.0,0.0
3898,1e-06,0.0,0.0,0.0
3899,1e-06,0.0,0.0,0.0
3900,1e-06,0.0,0.0,0.0
3901,1e-06,0.0,0.0,0.0
3902,1e-06,0.0,0.0,0.0
3903,1e-06,0.0,0.0,0.0
3904,1e-06,0.0,0.0,0.0
3905,1e-06,0.0,0.0,0.0
3906,1e-06,0.0,0.0,0.0
3907,1e-06,0.0,0.0,0.0
3908,1e-06,0.0,0.0,0.0
3909,1e-06,0.0,0.0,0.0
3910,1e-06,0.0,0.0,0.0
3911,1e-06,0.0,0.0,0.0
3912,1e-06,0.0,0.0,0.0
3913,1e-06,0.0,0.0,0.0
3914,1e-06,0.0,0.0,0.0
3915,1e-06,0.0,0.0,0.0
3916,1e-06,0.0,0.0,0.0
3917,1e-06,0.0,0.0,0.0
3918,1e-06,0.0,0.0,0.0
3919,1e-06,0.0,0.0,0.0
3920,1e-06,0.0,0.0,0.0
3921,1e-06,0.0,0.0,0.0
3922,1e-06,0.0,0.0,0.0
3923,1e-06,0.0,0.0,0.0
3924,1e-06,0.0,0.0,0.0
3925,1e-06,0.0,0.0,0.0
3926,1e-06,0.0,0.0,0.0
3927,1e-06,0.0,0.0,0.0
3928,1e-06,0.0,0.0,0.0
3929,1e-06,0.0,0.0,0.0
3930,1e-06,0.0,0.0,0.0
3931,1e-06,0.0,0.0,0.0
3932,1e-06,0.0,0.0,0.0
3933,1e-06,0.0,0.0,0.0
3934,1e-06,0.0,0.0,0.0
3935,1e-06,0.0,0.0,0.0
3936,1e-06,0.0,0.0,0.0
3937,1e-06,0.0,0.0,0.0
3938,1e-06,0.0,0.0,0.0
3939,1e-06,0.0,0.0,0.0
3940,1e-06,0.0,0.0,0.0
3941,1e-06,0.0,0.0,0.0
3942,1e-06,0.0,0.0,0.0
3943,1e-06,0.0,0.0,0.0
3944,1e-06,0.0,0.0,0.0
3945,1e-06,0.0,0.0,0.0
3946,1e-06,0.0,0.0,0.0
3947,1e-06,0.0,0.0,0.0
3948,1e-06,0.0,0.0,0.0
3949,1e-06,0.0,0.0,0.0
3950,1e-06,0.0,0.0,0.0
3951,1e-06,0.0,0.0,0.0
3952,1e-06,0.0,0.0,0.0
3953,1e-06,0.0,0.0,0.0
3954,1e-06,0.0,0.0,0.0
3955,1e-06,0.0,0.0,0.0
3956,1e-06,0.0,0.0,0.0
3957,1e-06,0.0,0.0,0.0
3958,1e-06,0.0,0.0,0.0
3959,1e-06,0.0,0.0,0.0
3960,1e-06,0.0,0.0,0.0
3961,1e-06,0.0,0.0,0.0
3962,1e-06,0.0,0.0,0.0
3963,1e-06,0.0,0.0,0.0
3964,1e-06,0.0,0.0,0.0
3965,1e-06,0.0,0.0,0.0
3966,1e-06,0.0,0.0,0.0
3967,1e-06,0.0,0.0,0.0
3968,1e-06,0.0,0.0,0.0
3969,1e-06,0.0,0.0,0.0
3970,1e-06,0.0,0.0,0.0
3971,1e-06,0.0,0.0,0.0
3972,1e-06,0.0,0.0,0.0
3973,1e-06,0.0,0.0,0.0
3974,1e-06,0.0,0.0,0.0
3975,1e-06,0.0,0.0,0.0
3976,1e-06,0.0,0.0,0.0
3977,1e-06,0.0,0.0,0.0
3978,1e-06,0.0,0.0,0.0
3979,1e-06,0.0,0.0,0.0
3980,1e-06,0.0,0.0,0.0
3981,1e-06,0.0,0.0,0.0
3982,1e-06,0.0,0.0,0.0
3983,1e-06,0.0,0.0,0.0
3984,1e-06,0.0,0.0,0.0
3985,1e-06,0.0,0.0,0.0
3986,1e-06,0.0,0.0,0.0
3987,1e-06,0.0,0.0,0.0
3988,1e-06,0.0,0.0,0.0
3989,1e-06,0.0,0.0,0.0
3990,1e-06,0.0,0.0,0.0
3991,1e-06,0.0,0.0,0.0
3992,1e-06,0.0,0.0,0.0
3993,1e-06,0.0,0.0,0.0
3994,1e-06,0.0,0.0,0.0
3995,1e-06,0.0,0.0,0.0
3996,1e-06,0.0,0.0,0.0
3997,1e-06,0.0,0.0,0.0
3998,1e-06,0.0,0.0,0.0
3999,1e-06,0.0,0.0,0.0
4000,1e-06,0.0,0.0,0.0
4001,1e-06,0.0,0.0,0.0
4002,1e-06,0.0,0.0,0.0
4003,1e-06,0.0,0.0,0.0
4004,1e-06,0.0,0.0,0.0
4005,1e-06,0.0,0.0,0.0
4006,1e-06,0.0,0.0,0.0
4007,1e-06,0.0,0.0,0.0
4008,1e-06,0.0,0.0,0.0
4009,1e-06,0.0,0.0,0.0
4010,1e-06,0.0,0.0,0.0
4011,1e-06,0.0,0.0,0.0
4012,1e-06,0.0,0.0,0.0
4013,1e-06,0.0,0.0,0.0
4014,1e-06,0.0,0.0,0.0
4015,1e-06,0.0,0.0,0.0
4016,1e-06,0.0,0.0,0.0
4017,1e-06,0.0,0.0,0.0
4018,1e-06,0.0,0.0,0.0
4019,1e-06,0.0,0.0,0.0
4020,1e-06,0.0,0.0,0.0
4021,1e-06,0.0,0.0,0.0
4022,1e-06,0.0,0.0,0.0
4023,1e-06,0.0,0.0,0.0
4024,1e-06,0.0,0.0,0.0
4025,1e-06,0.0,0.0,0.0
4026,1e-06,0.0,0.0,0.0
4027,1e-06,0.0,0.0,0.0
4028,1e-06,0.0,0.0,0.0
4029,1e-06,0.0,0.0,0.0
4030,1e-06,0.0,0.0,0.0
4031,1e-06,0.0,0.0,0.0
4032,1e-06,0.0,0.0,0.0
4033,1e-06,0.0,0.0,0.0
4034,1e-06,0.0,0.0,0.0
4035,1e-06,0.0,0.0,0.0
4036,1e-06,0.0,0.0,0.0
4037,1e-06,0.0,0.0,0.0
4038,1e-06,0.0,0.0,0.0
4039,1e-06,0.0,0.0,0.0
4040,1e-06,0.0,0.0,0.0
4041,1e-06,0.0,0.0,0.0
4042,1e-06,0.0,0.0,0.0
4043,1e-06,0.0,0.0,0.0
4044,1e-06,0.0,0.0,0.0
4045,1e-06,0.0,0.0,0.0
4046,1e-06,0.0,0.0,0.0
4047,1e-06,0.0,0.0,0.0
4048,1e-06,0.0,0.0,0.0
4049,1e-06,0.0,0.0,0.0
4050,1e-06,0.0,0.0,0.0
4051,1e-06,0.0,0.0,0.0
4052,1e-06,0.0,0.0,0.0
4053,1e-06,0.0,0.0,0.0
4054,1e-06,0.0,0.0,0.0
4055,1e-06,0.0,0.0,0.0
4056,1e-06,0.0,0.0,0.0
4057,1e-06,0.0,0.0,0.0
4058,1e-06,0.0,0.0,0.0
4059,1e-06,0.0,0.0,0.0
4060,1e-06,0.0,0.0,0.0
4061,1e-06,0.0,0.0,0.0
4062,1e-06,0.0,0.0,0.0
4063,1e-06,0.0,0.0,0.0
4064,1e-06,0.0,0.0,0.0
4065,1e-06,0.0,0.0,0.0
4066,1e-06,0.0,0.0,0.0
4067,1e-06,0.0,0.0,0.0
4068,1e-06,0.0,0.0,0.0
4069,1e-06,0.0,0.0,0.0
4070,1e-06,0.0,0.0,0.0
4071,1e-06,0.0,0.0,0.0
4072,1e-06,0.0,0.0,0.0
4073,1e-06,0.0,0.0,0.0
4074,1e-06,0.0,0.0,0.0
4075,1e-06,0.0,0.0,0.0
4076,1e-06,0.0,0.0,0.0
4077,1e-06,0.0,0.0,0.0
4078,1e-06,0.0,0.0,0.0
4079,1e-06,0.0,0.0,0.0
4080,1e-06,0.0,0.0,0.0
4081,1e-06,0.0,0.0,0.0
4082,1e-06,0.0,0.0,0.0
4083,1e-06,0.0,0.0,0.0
4084,1e-06,0.0,0.0,0.0
4085,1e-06,0.0,0.0,0.0
4086,1e-06,0.0,0.0,0.0
4087,1e-06,0.0,0.0,0.0
4088,1e-06,0.0,0.0,0.0
4089,1e-06,0.0,0.0,0.0
4090,1e-06,0.0,0.0,0.0
4091,1e-06,0.0,0.0,0.0
4092,1e-06,0.0,0.0,0.0
4093,1e-06,0.0,0.0,0.0
4094,1e-06,0.0,0.0,0.0
4095,1e-06,0.0,0.0,0.0
4096,1e-06,0.0,0.0,0.0
4097,1e-06,0.0,0.0,0.0
4098,1e-06,0.0,0.0,0.0
4099,1e-06,0.0,0.0,0.0
4100,1e-06,0.0,0.0,0.0
4101,1e-06,0.0,0.0,0.0
4102,1e-06,0.0,0.0,0.0
4103,1e-06,0.0,0.0,0.0
4104,1e-06,0.0,0.0,0.0
4105,1e-06,0.0,0.0,0.0
4106,1e-06,0.0,0.0,0.0
4107,1e-06,0.0,0.0,0.0
4108,1e-06,0.0,0.0,0.0
4109,1e-06,0.0,0.0,0.0
4110,1e-06,0.0,0.0,0.0
4111,1e-06,0.0,0.0,0.0
4112,1e-06,0.0,0.0,0.0
4113,1e-06,0.0,0.0,0.0
4114,1e-06,0.0,0.0,0.0
4115,1e-06,0.0,0.0,0.0
4116,1e-06,0.0,0.0,0.0
4117,1e-06,0.0,0.0,0.0
4118,1e-06,0.0,0.0,0.0
4119,1e-06,0.0,0.0,0.0
4120,1e-06,0.0,0.0,0.0
4121,1e-06,0.0,0.0,0.0
4122,1e-06,0.0,0.0,0.0
4123,1e-06,0.0,0.0,0.0
4124,1e-06,0.0,0.0,0.0
4125,1e-06,0.0,0.0,0.0
4126,1e-06,0.0,0.0,0.0
4127,1e-06,0.0,0.0,0.0
4128,1e-06,0.0,0.0,0.0
4129,1e-06,0.0,0.0,0.0
4130,1e-06,0.0,0.0,0.0
4131,1e-06,0.0,0.0,0.0
4132,1e-06,0.0,0.0,0.0
4133,1e-06,0.0,0.0,0.0
4134,1e-06,0.0,0.0,0.0
4135,1e-06,0.0,0.0,0.0
4136,1e-06,0.0,0.0,0.0
4137,1e-06,0.0,0.0,0.0
4138,1e-06,0.0,0.0,0.0
4139,1e-06,0.0,0.0,0.0
4140,1e-06,0.0,0.0,0.0
4141,1e-06,0.0,0.0,0.0
4142,1e-06,0.0,0.0,0.0
4143,1e-06,0.0,0.0,0.0
4144,1e-06,0.0,0.0,0.0
4145,1e-06,0.0,0.0,0.0
4146,1e-06,0.0,0.0,0.0
4147,1e-06,0.0,0.0,0.0
4148,1e-06,0.0,0.0,0.0
4149,1e-06,0.0,0.0,0.0
4150,1e-06,0.0,0.0,0.0
4151,1e-06,0.0,0.0,0.0
4152,1e-06,0.0,0.0,0.0
4153,1e-06,0.0,0.0,0.0
4154,1e-06,0.0,0.0,0.0
4155,1e-06,0.0,0.0,0.0
4156,1e-06,0.0,0.0,0.0
4157,1e-06,0.0,0.0,0.0
4158,1e-06,0.0,0.0,0.0
4159,1e-06,0.0,0.0,0.0
4160,1e-06,0.0,0.0,0.0
4161,1e-06,0.0,0.0,0.0
4162,1e-06,0.0,0.0,0.0
4163,1e-06,0.0,0.0,0.0
4164,1e-06,0.0,0.0,0.0
4165,1e-06,0.0,0.0,0.0
4166,1e-06,0.0,0.0,0.0
4167,1e-06,0.0,0.0,0.0
4168,1e-06,0.0,0.0,0.0
4169,1e-06,0.0,0.0,0.0
4170,1e-06,0.0,0.0,0.0
4171,1e-06,0.0,0.0,0.0
4172,1e-06,0.0,0.0,0.0
4173,1e-06,0.0,0.0,0.0
4174,1e-06,0.0,0.0,0.0
4175,1e-06,0.0,0.0,0.0
4176,1e-06,0.0,0.0,0.0
4177,1e-06,0.0,0.0,0.0
4178,1e-06,0.0,0.0,0.0
4179,1e-06,0.0,0.0,0.0
4180,1e-06,0.0,0.0,0.0
4181,1e-06,0.0,0.0,0.0
4182,1e-06,0.0,0.0,0.0
4183,1e-06,0.0,0.0,0.0
4184,1e-06,0.0,0.0,0.0
4185,1e-06,0.0,0.0,0.0
4186,1e-06,0.0,0.0,0.0
4187,1e-06,0.0,0.0,0.0
4188,1e-06,0.0,0.0,0.0
4189,1e-06,0.0,0.0,0.0
4190,1e-06,0.0,0.0,0.0
4191,1e-06,0.0,0.0,0.0
4192,1e-06,0.0,0.0,0.0
4193,1e-06,0.0,0.0,0.0
4194,1e-06,0.0,0.0,0.0
4195,1e-06,0.0,0.0,0.0
4196,1e-06,0.0,0.0,0.0
4197,1e-06,0.0,0.0,0.0
4198,1e-06,0.0,0.0,0.0
4199,1e-06,0.0,0.0,0.0
4200,1e-06,0.0,0.0,0.0
4201,1e-06,0.0,0.0,0.0
4202,1e-06,0.0,0.0,0.0
4203,1e-06,0.0,0.0,0.0
4204,1e-06,0.0,0.0,0.0
4205,1e-06,0.0,0.0,0.0
4206,1e-06,0.0,0.0,0.0
4207,1e-06,0.0,0.0,0.0
4208,1e-06,0.0,0.0,0.0
4209,1e-06,0.0,0.0,0.0
4210,1e-06,0.0,0.0,0.0
4211,1e-06,0.0,0.0,0.0
4212,1e-06,0.0,0.0,0.0
4213,1e-06,0.0,0.0,0.0
4214,1e-06,0.0,0.0,0.0
4215,1e-06,0.0,0.0,0.0
4216,1e-06,0.0,0.0,0.0
4217,1e-06,0.0,0.0,0.0
4218,1e-06,0.0,0.0,0.0
4219,1e-06,0.0,0.0,0.0
4220,1e-06,0.0,0.0,0.0
4221,1e-06,0.0,0.0,0.0
4222,1e-06,0.0,0.0,0.0
4223,1e-06,0.0,0.0,0.0
4224,1e-06,0.0,0.0,0.0
4225,1e-06,0.0,0.0,0.0
4226,1e-06,0.0,0.0,0.0
4227,1e-06,0.0,0.0,0.0
4228,1e-06,0.0,0.0,0.0
4229,1e-06,0.0,0.0,0.0
4230,1e-06,0.0,0.0,0.0
4231,1e-06,0.0,0.0,0.0
4232,1e-06,0.0,0.0,0.0
4233,1e-06,0.0,0.0,0.0
4234,1e-06,0.0,0.0,0.0
4235,1e-06,0.0,0.0,0.0
4236,1e-06,0.0,0.0,0.0
4237,1e-06,0.0,0.0,0.0
4238,1e-06,0.0,0.0,0.0
4239,1e-06,0.0,0.0,0.0
4240,1e-06,0.0,0.0,0.0
4241,1e-06,0.0,0.0,0.0
4242,1e-06,0.0,0.0,0.0
4243,1e-06,0.0,0.0,0.0
4244,1e-06,0.0,0.0,0.0
4245,1e-06,0.0,0.0,0.0
4246,1e-06,0.0,0.0,0.0
4247,1e-06,0.0,0.0,0.0
4248,1e-06,0.0,0.0,0.0
4249,1e-06,0.0,0.0,0.0
4250,1e-06,0.0,0.0,0.0
4251,1e-06,0.0,0.0,0.0
4252,1e-06,0.0,0.0,0.0
4253,1e-06,0.0,0.0,0.0
4254,1e-06,0.0,0.0,0.0
4255,1e-06,0.0,0.0,0.0
4256,1e-06,0.0,0.0,0.0
4257,1e-06,0.0,0.0,0.0
4258,1e-06,0.0,0.0,0.0
4259,1e-06,0.0,0.0,0.0
4260,1e-06,0.0,0.0,0.0
4261,1e-06,0.0,0.0,0.0
4262,1e-06,0.0,0.0,0.0
4263,1e-06,0.0,0.0,0.0
4264,1e-06,0.0,0.0,0.0
4265,1e-06,0.0,0.0,0.0
4266,1e-06,0.0,0.0,0.0
4267,1e-06,0.0,0.0,0.0
4268,1e-06,0.0,0.0,0.0
4269,1e-06,0.0,0.0,0.0
4270,1e-06,0.0,0.0,0.0
4271,1e-06,0.0,0.0,0.0
4272,1e-06,0.0,0.0,0.0
4273,1e-06,0.0,0.0,0.0
4274,1e-06,0.0,0.0,0.0
4275,1e-06,0.0,0.0,0.0
4276,1e-06,0.0,0.0,0.0
4277,1e-06,0.0,0.0,0.0
4278,1e-06,0.0,0.0,0.0
4279,1e-06,0.0,0.0,0.0
4280,1e-06,0.0,0.0,0.0
4281,1e-06,0.0,0.0,0.0
4282,1e-06,0.0,0.0,0.0
4283,1e-06,0.0,0.0,0.0
4284,1e-06,0.0,0.0,0.0
4285,1e-06,0.0,0.0,0.0
4286,1e-06,0.0,0.0,0.0
4287,1e-06,0.0,0.0,0.0
4288,1e-06,0.0,0.0,0.0
4289,1e-06,0.0,0.0,0.0
4290,1e-06,0.0,0.0,0.0
4291,1e-06,0.0,0.0,0.0
4292,1e-06,0.0,0.0,0.0
4293,1e-06,0.0,0.0,0.0
4294,1e-06,0.0,0.0,0.0
4295,1e-06,0.0,0.0,0.0
4296,1e-06,0.0,0.0,0.0
4297,1e-06,0.0,0.0,0.0
4298,1e-06,0.0,0.0,0.0
4299,1e-06,0.0,0.0,0.0
4300,1e-06,0.0,0.0,0.0
4301,1e-06,0.0,0.0,0.0
4302,1e-06,0.0,0.0,0.0
4303,1e-06,0.0,0.0,0.0
4304,1e-06,0.0,0.0,0.0
4305,1e-06,0.0,0.0,0.0
4306,1e-06,0.0,0.0,0.0
4307,1e-06,0.0,0.0,0.0
4308,1e-06,0.0,0.0,0.0
4309,1e-06,0.0,0.0,0.0
4310,1e-06,0.0,0.0,0.0
4311,1e-06,0.0,0.0,0.0
4312,1e-06,0.0,0.0,0.0
4313,1e-06,0.0,0.0,0.0
4314,1e-06,0.0,0.0,0.0
4315,1e-06,0.0,0.0,0.0
4316,1e-06,0.0,0.0,0.0
4317,1e-06,0.0,0.0,0.0
4318,1e-06,0.0,0.0,0.0
4319,1e-06,0.0,0.0,0.0
4320,1e-06,0.0,0.0,0.0
4321,1e-06,0.0,0.0,0.0
4322,1e-06,0.0,0.0,0.0
4323,1e-06,0.0,0.0,0.0
4324,1e-06,0.0,0.0,0.0
4325,1e-06,0.0,0.0,0.0
4326,1e-06,0.0,0.0,0.0
4327,1e-06,0.0,0.0,0.0
4328,1e-06,0.0,0.0,0.0
4329,1e-06,0.0,0.0,0.0
4330,1e-06,0.0,0.0,0.0
4331,1e-06,0.0,0.0,0.0
4332,1e-06,0.0,0.0,0.0
4333,1e-06,0.0,0.0,0.0
4334,1e-06,0.0,0.0,0.0
4335,1e-06,0.0,0.0,0.0
4336,1e-06,0.0,0.0,0.0
4337,1e-06,0.0,0.0,0.0
4338,1e-06,0.0,0.0,0.0
4339,1e-06,0.0,0.0,0.0
4340,1e-06,0.0,0.0,0.0
4341,1e-06,0.0,0.0,0.0
4342,1e-06,0.0,0.0,0.0
4343,1e-06,0.0,0.0,0.0
4344,1e-06,0.0,0.0,0.0
4345,1e-06,0.0,0.0,0.0
4346,1e-06,0.0,0.0,0.0
4347,1e-06,0.0,0.0,0.0
4348,1e-06,0.0,0.0,0.0
4349,1e-06,0.0,0.0,0.0
4350,1e-06,0.0,0.0,0.0
4351,1e-06,0.0,0.0,0.0
4352,1e-06,0.0,0.0,0.0
4353,1e-06,0.0,0.0,0.0
4354,1e-06,0.0,0.0,0.0
4355,1e-06,0.0,0.0,0.0
4356,1e-06,0.0,0.0,0.0
4357,1e-06,0.0,0.0,0.0
4358,1e-06,0.0,0.0,0.0
4359,1e-06,0.0,0.0,0.0
4360,1e-06,0.0,0.0,0.0
4361,1e-06,0.0,0.0,0.0
4362,1e-06,0.0,0.0,0.0
4363,1e-06,0.0,0.0,0.0
4364,1e-06,0.0,0.0,0.0
4365,1e-06,0.0,0.0,0.0
4366,1e-06,0.0,0.0,0.0
4367,1e-06,0.0,0.0,0.0
4368,1e-06,0.0,0.0,0.0
4369,1e-06,0.0,0.0,0.0
4370,1e-06,0.0,0.0,0.0
4371,1e-06,0.0,0.0,0.0
4372,1e-06,0.0,0.0,0.0
4373,1e-06,0.0,0.0,0.0
4374,1e-06,0.0,0.0,0.0
4375,1e-06,0.0,0.0,0.0
4376,1e-06,0.0,0.0,0.0
4377,1e-06,0.0,0.0,0.0
4378,1e-06,0.0,0.0,0.0
4379,1e-06,0.0,0.0,0.0
4380,1e-06,0.0,0.0,0.0
4381,1e-06,0.0,0.0,0.0
4382,1e-06,0.0,0.0,0.0
4383,1e-06,0.0,0.0,0.0
4384,1e-06,0.0,0.0,0.0
4385,1e-06,0.0,0.0,0.0
4386,1e-06,0.0,0.0,0.0
4387,1e-06,0.0,0.0,0.0
4388,1e-06,0.0,0.0,0.0
4389,1e-06,0.0,0.0,0.0
4390,1e-06,0.0,0.0,0.0
4391,1e-06,0.0,0.0,0.0
4392,1e-06,0.0,0.0,0.0
4393,1e-06,0.0,0.0,0.0
4394,1e-06,0.0,0.0,0.0
4395,1e-06,0.0,0.0,0.0
4396,1e-06,0.0,0.0,0.0
4397,1e-06,0.0,0.0,0.0
4398,1e-06,0.0,0.0,0.0
4399,1e-06,0.0,0.0,0.0
4400,1e-06,0.0,0.0,0.0
4401,1e-06,0.0,0.0,0.0
4402,1e-06,0.0,0.0,0.0
4403,1e-06,0.0,0.0,0.0
4404,1e-06,0.0,0.0,0.0
4405,1e-06,0.0,0.0,0.0
4406,1e-06,0.0,0.0,0.0
4407,1e-06,0.0,0.0,0.0
4408,1e-06,0.0,0.0,0.0
4409,1e-06,0.0,0.0,0.0
4410,1e-06,0.0,0.0,0.0
4411,1e-06,0.0,0.0,0.0
4412,1e-06,0.0,0.0,0.0
4413,1e-06,0.0,0.0,0.0
4414,1e-06,0.0,0.0,0.0
4415,1e-06,0.0,0.0,0.0
4416,1e-06,0.0,0.0,0.0
4417,1e-06,0.0,0.0,0.0
4418,1e-06,0.0,0.0,0.0
4419,1e-06,0.0,0.0,0.0
4420,1e-06,0.0,0.0,0.0
4421,1e-06,0.0,0.0,0.0
4422,1e-06,0.0,0.0,0.0
4423,1e-06,0.0,0.0,0.0
4424,1e-06,0.0,0.0,0.0
4425,1e-06,0.0,0.0,0.0
4426,1e-06,0.0,0.0,0.0
4427,1e-06,0.0,0.0,0.0
4428,1e-06,0.0,0.0,0.0
4429,1e-06,0.0,0.0,0.0
4430,1e-06,0.0,0.0,0.0
4431,1e-06,0.0,0.0,0.0
4432,1e-06,0.0,0.0,0.0
4433,1e-06,0.0,0.0,0.0
4434,1e-06,0.0,0.0,0.0
4435,1e-06,0.0,0.0,0.0
4436,1e-06,0.0,0.0,0.0
4437,1e-06,0.0,0.0,0.0
4438,1e-06,0.0,0.0,0.0
4439,1e-06,0.0,0.0,0.0
4440,1e-06,0.0,0.0,0.0
4441,1e-06,0.0,0.0,0.0
4442,1e-06,0.0,0.0,0.0
4443,1e-06,0.0,0.0,0.0
4444,1e-06,0.0,0.0,0.0
4445,1e-06,0.0,0.0,0.0
4446,1e-06,0.0,0.0,0.0
4447,1e-06,0.0,0.0,0.0
4448,1e-06,0.0,0.0,0.0
4449,1e-06,0.0,0.0,0.0
4450,1e-06,0.0,0.0,0.0
4451,1e-06,0.0,0.0,0.0
4452,1e-06,0.0,0.0,0.0
4453,1e-06,0.0,0.0,0.0
4454,1e-06,0.0,0.0,0.0
4455,1e-06,0.0,0.0,0.0
4456,1e-06,0.0,0.0,0.0
4457,1e-06,0.0,0.0,0.0
4458,1e-06,0.0,0.0,0.0
4459,1e-06,0.0,0.0,0.0
4460,1e-06,0.0,0.0,0.0
4461,1e-06,0.0,0.0,0.0
4462,1e-06,0.0,0.0,0.0
4463,1e-06,0.0,0.0,0.0
4464,1e-06,0.0,0.0,0.0
4465,1e-06,0.0,0.0,0.0
4466,1e-06,0.0,0.0,0.0
4467,1e-06,0.0,0.0,0.0
4468,1e-06,0.0,0.0,0.0
4469,1e-06,0.0,0.0,0.0
4470,1e-06,0.0,0.0,0.0
4471,1e-06,0.0,0.0,0.0
4472,1e-06,0.0,0.0,0.0
4473,1e-06,0.0,0.0,0.0
4474,1e-06,0.0,0.0,0.0
4475,1e-06,0.0,0.0,0.0
4476,1e-06,0.0,0.0,0.0
4477,1e-06,0.0,0.0,0.0
4478,1e-06,0.0,0.0,0.0
4479,1e-06,0.0,0.0,0.0
4480,1e-06,0.0,0.0,0.0
4481,1e-06,0.0,0.0,0.0
4482,1e-06,0.0,0.0,0.0
4483,1e-06,0.0,0.0,0.0
4484,1e-06,0.0,0.0,0.0
4485,1e-06,0.0,0.0,0.0
4486,1e-06,0.0,0.0,0.0
4487,1e-06,0.0,0.0,0.0
4488,1e-06,0.0,0.0,0.0
4489,1e-06,0.0,0.0,0.0
4490,1e-06,0.0,0.0,0.0
4491,1e-06,0.0,0.0,0.0
4492,1e-06,0.0,0.0,0.0
4493,1e-06,0.0,0.0,0.0
4494,1e-06,0.0,0.0,0.0
4495,1e-06,0.0,0.0,0.0
4496,1e-06,0.0,0.0,0.0
4497,1e-06,0.0,0.0,0.0
4498,1e-06,0.0,0.0,0.0
4499,1e-06,0.0,0.0,0.0
4500,1e-06,0.0,0.0,0.0
4501,1e-06,0.0,0.0,0.0
4502,1e-06,0.0,0.0,0.0
4503,1e-06,0.0,0.0,0.0
4504,1e-06,0.0,0.0,0.0
4505,1e-06,0.0,0.0,0.0
4506,1e-06,0.0,0.0,0.0
4507,1e-06,0.0,0.0,0.0
4508,1e-06,0.0,0.0,0.0
4509,1e-06,0.0,0.0,0.0
4510,1e-06,0.0,0.0,0.0
4511,1e-06,0.0,0.0,0.0
4512,1e-06,0.0,0.0,0.0
4513,1e-06,0.0,0.0,0.0
4514,1e-06,0.0,0.0,0.0
4515,1e-06,0.0,0.0,0.0
4516,1e-06,0.0,0.0,0.0
4517,1e-06,0.0,0.0,0.0
4518,1e-06,0.0,0.0,0.0
4519,1e-06,0.0,0.0,0.0
4520,1e-06,0.0,0.0,0.0
4521,1e-06,0.0,0.0,0.0
4522,1e-06,0.0,0.0,0.0
4523,1e-06,0.0,0.0,0.0
4524,1e-06,0.0,0.0,0.0
4525,1e-06,0.0,0.0,0.0
4526,1e-06,0.0,0.0,0.0
4527,1e-06,0.0,0.0,0.0
4528,1e-06,0.0,0.0,0.0
4529,1e-06,0.0,0.0,0.0
4530,1e-06,0.0,0.0,0.0
4531,1e-06,0.0,0.0,0.0
4532,1e-06,0.0,0.0,0.0
4533,1e-06,0.0,0.0,0.0
4534,1e-06,0.0,0.0,0.0
4535,1e-06,0.0,0.0,0.0
4536,1e-06,0.0,0.0,0.0
4537,1e-06,0.0,0.0,0.0
4538,1e-06,0.0,0.0,0.0
4539,1e-06,0.0,0.0,0.0
4540,1e-06,0.0,0.0,0.0
4541,1e-06,0.0,0.0,0.0
4542,1e-06,0.0,0.0,0.0
4543,1e-06,0.0,0.0,0.0
4544,1e-06,0.0,0.0,0.0
4545,1e-06,0.0,0.0,0.0
4546,1e-06,0.0,0.0,0.0
4547,1e-06,0.0,0.0,0.0
4548,1e-06,0.0,0.0,0.0
4549,1e-06,0.0,0.0,0.0
4550,1e-06,0.0,0.0,0.0
4551,1e-06,0.0,0.0,0.0
4552,1e-06,0.0,0.0,0.0
4553,1e-06,0.0,0.0,0.0
4554,1e-06,0.0,0.0,0.0
4555,1e-06,0.0,0.0,0.0
4556,1e-06,0.0,0.0,0.0
4557,1e-06,0.0,0.0,0.0
4558,1e-06,0.0,0.0,0.0
4559,1e-06,0.0,0.0,0.0
4560,1e-06,0.0,0.0,0.0
4561,1e-06,0.0,0.0,0.0
4562,1e-06,0.0,0.0,0.0
4563,1e-06,0.0,0.0,0.0
4564,1e-06,0.0,0.0,0.0
4565,1e-06,0.0,0.0,0.0
4566,1e-06,0.0,0.0,0.0
4567,1e-06,0.0,0.0,0.0
4568,1e-06,0.0,0.0,0.0
4569,1e-06,0.0,0.0,0.0
4570,1e-06,0.0,0.0,0.0
4571,1e-06,0.0,0.0,0.0
4572,1e-06,0.0,0.0,0.0
4573,1e-06,0.0,0.0,0.0
4574,1e-06,0.0,0.0,0.0
4575,1e-06,0.0,0.0,0.0
4576,1e-06,0.0,0.0,0.0
4577,1e-06,0.0,0.0,0.0
4578,1e-06,0.0,0.0,0.0
4579,1e-06,0.0,0.0,0.0
4580,1e-06,0.0,0.0,0.0
4581,1e-06,0.0,0.0,0.0
4582,1e-06,0.0,0.0,0.0
4583,1e-06,0.0,0.0,0.0
4584,1e-06,0.0,0.0,0.0
4585,1e-06,0.0,0.0,0.0
4586,1e-06,0.0,0.0,0.0
4587,1e-06,0.0,0.0,0.0
4588,1e-06,0.0,0.0,0.0
4589,1e-06,0.0,0.0,0.0
4590,1e-06,0.0,0.0,0.0
4591,1e-06,0.0,0.0,0.0
4592,1e-06,0.0,0.0,0.0
4593,1e-06,0.0,0.0,0.0
4594,1e-06,0.0,0.0,0.0
4595,1e-06,0.0,0.0,0.0
4596,1e-06,0.0,0.0,0.0
4597,1e-06,0.0,0.0,0.0
4598,1e-06,0.0,0.0,0.0
4599,1e-06,0.0,0.0,0.0
4600,1e-06,0.0,0.0,0.0
4601,1e-06,0.0,0.0,0.0
4602,1e-06,0.0,0.0,0.0
4603,1e-06,0.0,0.0,0.0
4604,1e-06,0.0,0.0,0.0
4605,1e-06,0.0,0.0,0.0
4606,1e-06,0.0,0.0,0.0
4607,1e-06,0.0,0.0,0.0
4608,1e-06,0.0,0.0,0.0
4609,1e-06,0.0,0.0,0.0
4610,1e-06,0.0,0.0,0.0
4611,1e-06,0.0,0.0,0.0
4612,1e-06,0.0,0.0,0.0
4613,1e-06,0.0,0.0,0.0
4614,1e-06,0.0,0.0,0.0
4615,1e-06,0.0,0.0,0.0
4616,1e-06,0.0,0.0,0.0
4617,1e-06,0.0,0.0,0.0
4618,1e-06,0.0,0.0,0.0
4619,1e-06,0.0,0.0,0.0
4620,1e-06,0.0,0.0,0.0
4621,1e-06,0.0,0.0,0.0
4622,1e-06,0.0,0.0,0.0
4623,1e-06,0.0,0.0,0.0
4624,1e-06,0.0,0.0,0.0
4625,1e-06,0.0,0.0,0.0
4626,1e-06,0.0,0.0,0.0
4627,1e-06,0.0,0.0,0.0
4628,1e-06,0.0,0.0,0.0
4629,1e-06,0.0,0.0,0.0
4630,1e-06,0.0,0.0,0.0
4631,1e-06,0.0,0.0,0.0
4632,1e-06,0.0,0.0,0.0
4633,1e-06,0.0,0.0,0.0
4634,1e-06,0.0,0.0,0.0
4635,1e-06,0.0,0.0,0.0
4636,1e-06,0.0,0.0,0.0
4637,1e-06,0.0,0.0,0.0
4638,1e-06,0.0,0.0,0.0
4639,1e-06,0.0,0.0,0.0
4640,1e-06,0.0,0.0,0.0
4641,1e-06,0.0,0.0,0.0
4642,1e-06,0.0,0.0,0.0
4643,1e-06,0.0,0.0,0.0
4644,1e-06,0.0,0.0,0.0
4645,1e-06,0.0,0.0,0.0
4646,1e-06,0.0,0.0,0.0
4647,1e-06,0.0,0.0,0.0
4648,1e-06,0.0,0.0,0.0
4649,1e-06,0.0,0.0,0.0
4650,1e-06,0.0,0.0,0.0
4651,1e-06,0.0,0.0,0.0
4652,1e-06,0.0,0.0,0.0
4653,1e-06,0.0,0.0,0.0
4654,1e-06,0.0,0.0,0.0
4655,1e-06,0.0,0.0,0.0
4656,1e-06,0.0,0.0,0.0
4657,1e-06,0.0,0.0,0.0
4658,1e-06,0.0,0.0,0.0
4659,1e-06,0.0,0.0,0.0
4660,1e-06,0.0,0.0,0.0
4661,1e-06,0.0,0.0,0.0
4662,1e-06,0.0,0.0,0.0
4663,1e-06,0.0,0.0,0.0
4664,1e-06,0.0,0.0,0.0
4665,1e-06,0.0,0.0,0.0
4666,1e-06,0.0,0.0,0.0
4667,1e-06,0.0,0.0,0.0
4668,1e-06,0.0,0.0,0.0
4669,1e-06,0.0,0.0,0.0
4670,1e-06,0.0,0.0,0.0
4671,1e-06,0.0,0.0,0.0
4672,1e-06,0.0,0.0,0.0
4673,1e-06,0.0,0.0,0.0
4674,1e-06,0.0,0.0,0.0
4675,1e-06,0.0,0.0,0.0
4676,1e-06,0.0,0.0,0.0
4677,1e-06,0.0,0.0,0.0
4678,1e-06,0.0,0.0,0.0
4679,1e-06,0.0,0.0,0.0
4680,1e-06,0.0,0.0,0.0
4681,1e-06,0.0,0.0,0.0
4682,1e-06,0.0,0.0,0.0
4683,1e-06,0.0,0.0,0.0
4684,1e-06,0.0,0.0,0.0
4685,1e-06,0.0,0.0,0.0
4686,1e-06,0.0,0.0,0.0
4687,1e-06,0.0,0.0,0.0
4688,1e-06,0.0,0.0,0.0
4689,1e-06,0.0,0.0,0.0
4690,1e-06,0.0,0.0,0.0
4691,1e-06,0.0,0.0,0.0
4692,1e-06,0.0,0.0,0.0
4693,1e-06,0.0,0.0,0.0
4694,1e-06,0.0,0.0,0.0
4695,1e-06,0.0,0.0,0.0
4696,1e-06,0.0,0.0,0.0
4697,1e-06,0.0,0.0,0.0
4698,1e-06,0.0,0.0,0.0
4699,1e-06,0.0,0.0,0.0
4700,1e-06,0.0,0.0,0.0
4701,1e-06,0.0,0.0,0.0
4702,1e-06,0.0,0.0,0.0
4703,1e-06,0.0,0.0,0.0
4704,1e-06,0.0,0.0,0.0
4705,1e-06,0.0,0.0,0.0
4706,1e-06,0.0,0.0,0.0
4707,1e-06,0.0,0.0,0.0
4708,1e-06,0.0,0.0,0.0
4709,1e-06,0.0,0.0,0.0
4710,1e-06,0.0,0.0,0.0
4711,1e-06,0.0,0.0,0.0
4712,1e-06,0.0,0.0,0.0
4713,1e-06,0.0,0.0,0.0
4714,1e-06,0.0,0.0,0.0
4715,1e-06,0.0,0.0,0.0
4716,1e-06,0.0,0.0,0.0
4717,1e-06,0.0,0.0,0.0
4718,1e-06,0.0,0.0,0.0
4719,1e-06,0.0,0.0,0.0
4720,1e-06,0.0,0.0,0.0
4721,1e-06,0.0,0.0,0.0
4722,1e-06,0.0,0.0,0.0
4723,1e-06,0.0,0.0,0.0
4724,1e-06,0.0,0.0,0.0
4725,1e-06,0.0,0.0,0.0
4726,1e-06,0.0,0.0,0.0
4727,1e-06,0.0,0.0,0.0
4728,1e-06,0.0,0.0,0.0
4729,1e-06,0.0,0.0,0.0
4730,1e-06,0.0,0.0,0.0
4731,1e-06,0.0,0.0,0.0
4732,1e-06,0.0,0.0,0.0
4733,1e-06,0.0,0.0,0.0
4734,1e-06,0.0,0.0,0.0
4735,1e-06,0.0,0.0,0.0
4736,1e-06,0.0,0.0,0.0
4737,1e-06,0.0,0.0,0.0
4738,1e-06,0.0,0.0,0.0
4739,1e-06,0.0,0.0,0.0
4740,1e-06,0.0,0.0,0.0
4741,1e-06,0.0,0.0,0.0
4742,1e-06,0.0,0.0,0.0
4743,1e-06,0.0,0.0,0.0
4744,1e-06,0.0,0.0,0.0
4745,1e-06,0.0,0.0,0.0
4746,1e-06,0.0,0.0,0.0
4747,1e-06,0.0,0.0,0.0
4748,1e-06,0.0,0.0,0.0
4749,1e-06,0.0,0.0,0.0
4750,1e-06,0.0,0.0,0.0
4751,1e-06,0.0,0.0,0.0
4752,1e-06,0.0,0.0,0.0
4753,1e-06,0.0,0.0,0.0
4754,1e-06,0.0,0.0,0.0
4755,1e-06,0.0,0.0,0.0
4756,1e-06,0.0,0.0,0.0
4757,1e-06,0.0,0.0,0.0
4758,1e-06,0.0,0.0,0.0
4759,1e-06,0.0,0.0,0.0
4760,1e-06,0.0,0.0,0.0
4761,1e-06,0.0,0.0,0.0
4762,1e-06,0.0,0.0,0.0
4763,1e-06,0.0,0.0,0.0
4764,1e-06,0.0,0.0,0.0
4765,1e-06,0.0,0.0,0.0
4766,1e-06,0.0,0.0,0.0
4767,1e-06,0.0,0.0,0.0
4768,1e-06,0.0,0.0,0.0
4769,1e-06,0.0,0.0,0.0
4770,1e-06,0.0,0.0,0.0
4771,1e-06,0.0,0.0,0.0
4772,1e-06,0.0,0.0,0.0
4773,1e-06,0.0,0.0,0.0
4774,1e-06,0.0,0.0,0.0
4775,1e-06,0.0,0.0,0.0
4776,1e-06,0.0,0.0,0.0
4777,1e-06,0.0,0.0,0.0
4778,1e-06,0.0,0.0,0.0
4779,1e-06,0.0,0.0,0.0
4780,1e-06,0.0,0.0,0.0
4781,1e-06,0.0,0.0,0.0
4782,1e-06,0.0,0.0,0.0
4783,1e-06,0.0,0.0,0.0
4784,1e-06,0.0,0.0,0.0
4785,1e-06,0.0,0.0,0.0
4786,1e-06,0.0,0.0,0.0
4787,1e-06,0.0,0.0,0.0
4788,1e-06,0.0,0.0,0.0
4789,1e-06,0.0,0.0,0.0
4790,1e-06,0.0,0.0,0.0
4791,1e-06,0.0,0.0,0.0
4792,1e-06,0.0,0.0,0.0
4793,1e-06,0.0,0.0,0.0
4794,1e-06,0.0,0.0,0.0
4795,1e-06,0.0,0.0,0.0
4796,1e-06,0.0,0.0,0.0
4797,1e-06,0.0,0.0,0.0
4798,1e-06,0.0,0.0,0.0
4799,1e-06,0.0,0.0,0.0
4800,1e-06,0.0,0.0,0.0
4801,1e-06,0.0,0.0,0.0
4802,1e-06,0.0,0.0,0.0
4803,1e-06,0.0,0.0,0.0
4804,1e-06,0.0,0.0,0.0
4805,1e-06,0.0,0.0,0.0
4806,1e-06,0.0,0.0,0.0
4807,1e-06,0.0,0.0,0.0
4808,1e-06,0.0,0.0,0.0
4809,1e-06,0.0,0.0,0.0
4810,1e-06,0.0,0.0,0.0
4811,1e-06,0.0,0.0,0.0
4812,1e-06,0.0,0.0,0.0
4813,1e-06,0.0,0.0,0.0
4814,1e-06,0.0,0.0,0.0
4815,1e-06,0.0,0.0,0.0
4816,1e-06,0.0,0.0,0.0
4817,1e-06,0.0,0.0,0.0
4818,1e-06,0.0,0.0,0.0
4819,1e-06,0.0,0.0,0.0
4820,1e-06,0.0,0.0,0.0
4821,1e-06,0.0,0.0,0.0
4822,1e-06,0.0,0.0,0.0
4823,1e-06,0.0,0.0,0.0
4824,1e-06,0.0,0.0,0.0
4825,1e-06,0.0,0.0,0.0
4826,1e-06,0.0,0.0,0.0
4827,1e-06,0.0,0.0,0.0
4828,1e-06,0.0,0.0,0.0
4829,1e-06,0.0,0.0,0.0
4830,1e-06,0.0,0.0,0.0
4831,1e-06,0.0,0.0,0.0
4832,1e-06,0.0,0.0,0.0
4833,1e-06,0.0,0.0,0.0
4834,1e-06,0.0,0.0,0.0
4835,1e-06,0.0,0.0,0.0
4836,1e-06,0.0,0.0,0.0
4837,1e-06,0.0,0.0,0.0
4838,1e-06,0.0,0.0,0.0
4839,1e-06,0.0,0.0,0.0
4840,1e-06,0.0,0.0,0.0
4841,1e-06,0.0,0.0,0.0
4842,1e-06,0.0,0.0,0.0
4843,1e-06,0.0,0.0,0.0
4844,1e-06,0.0,0.0,0.0
4845,1e-06,0.0,0.0,0.0
4846,1e-06,0.0,0.0,0.0
4847,1e-06,0.0,0.0,0.0
4848,1e-06,0.0,0.0,0.0
4849,1e-06,0.0,0.0,0.0
4850,1e-06,0.0,0.0,0.0
4851,1e-06,0.0,0.0,0.0
4852,1e-06,0.0,0.0,0.0
4853,1e-06,0.0,0.0,0.0
4854,1e-06,0.0,0.0,0.0
4855,1e-06,0.0,0.0,0.0
4856,1e-06,0.0,0.0,0.0
4857,1e-06,0.0,0.0,0.0
4858,1e-06,0.0,0.0,0.0
4859,1e-06,0.0,0.0,0.0
4860,1e-06,0.0,0.0,0.0
4861,1e-06,0.0,0.0,0.0
4862,1e-06,0.0,0.0,0.0
4863,1e-06,0.0,0.0,0.0
4864,1e-06,0.0,0.0,0.0
4865,1e-06,0.0,0.0,0.0
4866,1e-06,0.0,0.0,0.0
4867,1e-06,0.0,0.0,0.0
4868,1e-06,0.0,0.0,0.0
4869,1e-06,0.0,0.0,0.0
4870,1e-06,0.0,0.0,0.0
4871,1e-06,0.0,0.0,0.0
4872,1e-06,0.0,0.0,0.0
4873,1e-06,0.0,0.0,0.0
4874,1e-06,0.0,0.0,0.0
4875,1e-06,0.0,0.0,0.0
4876,1e-06,0.0,0.0,0.0
4877,1e-06,0.0,0.0,0.0
4878,1e-06,0.0,0.0,0.0
4879,1e-06,0.0,0.0,0.0
4880,1e-06,0.0,0.0,0.0
4881,1e-06,0.0,0.0,0.0
4882,1e-06,0.0,0.0,0.0
4883,1e-06,0.0,0.0,0.0
4884,1e-06,0.0,0.0,0.0
4885,1e-06,0.0,0.0,0.0
4886,1e-06,0.0,0.0,0.0
4887,1e-06,0.0,0.0,0.0
4888,1e-06,0.0,0.0,0.0
4889,1e-06,0.0,0.0,0.0
4890,1e-06,0.0,0.0,0.0
4891,1e-06,0.0,0.0,0.0
4892,1e-06,0.0,0.0,0.0
4893,1e-06,0.0,0.0,0.0
4894,1e-06,0.0,0.0,0.0
4895,1e-06,0.0,0.0,0.0
4896,1e-06,0.0,0.0,0.0
4897,1e-06,0.0,0.0,0.0
4898,1e-06,0.0,0.0,0.0
4899,1e-06,0.0,0.0,0.0
4900,1e-06,0.0,0.0,0.0
4901,1e-06,0.0,0.0,0.0
4902,1e-06,0.0,0.0,0.0
4903,1e-06,0.0,0.0,0.0
4904,1e-06,0.0,0.0,0.0
4905,1e-06,0.0,0.0,0.0
4906,1e-06,0.0,0.0,0.0
4907,1e-06,0.0,0.0,0.0
4908,1e-06,0.0,0.0,0.0
4909,1e-06,0.0,0.0,0.0
4910,1e-06,0.0,0.0,0.0
4911,1e-06,0.0,0.0,0.0
4912,1e-06,0.0,0.0,0.0
4913,1e-06,0.0,0.0,0.0
4914,1e-06,0.0,0.0,0.0
4915,1e-06,0.0,0.0,0.0
4916,1e-06,0.0,0.0,0.0
4917,1e-06,0.0,0.0,0.0
4918,1e-06,0.0,0.0,0.0
4919,1e-06,0.0,0.0,0.0
4920,1e-06,0.0,0.0,0.0
4921,1e-06,0.0,0.0,0.0
4922,1e-06,0.0,0.0,0.0
4923,1e-06,0.0,0.0,0.0
4924,1e-06,0.0,0.0,0.0
4925,1e-06,0.0,0.0,0.0
4926,1e-06,0.0,0.0,0.0
4927,1e-06,0.0,0.0,0.0
4928,1e-06,0.0,0.0,0.0
4929,1e-06,0.0,0.0,0.0
4930,1e-06,0.0,0.0,0.0
4931,1e-06,0.0,0.0,0.0
4932,1e-06,0.0,0.0,0.0
4933,1e-06,0.0,0.0,0.0
4934,1e-06,0.0,0.0,0.0
4935,1e-06,0.0,0.0,0.0
4936,1e-06,0.0,0.0,0.0
4937,1e-06,0.0,0.0,0.0
4938,1e-06,0.0,0.0,0.0
4939,1e-06,0.0,0.0,0.0
4940,1e-06,0.0,0.0,0.0
4941,1e-06,0.0,0.0,0.0
4942,1e-06,0.0,0.0,0.0
4943,1e-06,0.0,0.0,0.0
4944,1e-06,0.0,0.0,0.0
4945,1e-06,0.0,0.0,0.0
4946,1e-06,0.0,0.0,0.0
4947,1e-06,0.0,0.0,0.0
4948,1e-06,0.0,0.0,0.0
4949,1e-06,0.0,0.0,0.0
4950,1e-06,0.0,0.0,0.0
4951,1e-06,0.0,0.0,0.0
4952,1e-06,0.0,0.0,0.0
4953,1e-06,0.0,0.0,0.0
4954,1e-06,0.0,0.0,0.0
4955,1e-06,0.0,0.0,0.0
4956,1e-06,0.0,0.0,0.0
4957,1e-06,0.0,0.0,0.0
4958,1e-06,0.0,0.0,0.0
4959,1e-06,0.0,0.0,0.0
4960,1e-06,0.0,0.0,0.0
4961,1e-06,0.0,0.0,0.0
4962,1e-06,0.0,0.0,0.0
4963,1e-06,0.0,0.0,0.0
4964,1e-06,0.0,0.0,0.0
4965,1e-06,0.0,0.0,0.0
4966,1e-06,0.0,0.0,0.0
4967,1e-06,0.0,0.0,0.0
4968,1e-06,0.0,0.0,0.0
4969,1e-06,0.0,0.0,0.0
4970,1e-06,0.0,0.0,0.0
4971,1e-06,0.0,0.0,0.0
4972,1e-06,0.0,0.0,0.0
4973,1e-06,0.0,0.0,0.0
4974,1e-06,0.0,0.0,0.0
4975,1e-06,0.0,0.0,0.0
4976,1e-06,0.0,0.0,0.0
4977,1e-06,0.0,0.0,0.0
4978,1e-06,0.0,0.0,0.0
4979,1e-06,0.0,0.0,0.0
4980,1e-06,0.0,0.0,0.0
4981,1e-06,0.0,0.0,0.0
4982,1e-06,0.0,0.0,0.0
4983,1e-06,0.0,0.0,0.0
4984,1e-06,0.0,0.0,0.0
4985,1e-06,0.0,0.0,0.0
4986,1e-06,0.0,0.0,0.0
4987,1e-06,0.0,0.0,0.0
4988,1e-06,0.0,0.0,0.0
4989,1e-06,0.0,0.0,0.0
4990,1e-06,0.0,0.0,0.0
4991,1e-06,0.0,0.0,0.0
4992,1e-06,0.0,0.0,0.0
4993,1e-06,0.0,0.0,0.0
4994,1e-06,0.0,0.0,0.0
4995,1e-06,0.0,0.0,0.0
4996,1e-06,0.0,0.0,0.0
4997,1e-06,0.0,0.0,0.0
4998,1e-06,0.0,0.0,0.0
4999,1e-06,0.0,0.0,0.0
5000,1e-06,0.0,0.0,0.0
5001,1e-06,0.0,0.0,0.0
5002,1e-06,0.0,0.0,0.0
5003,1e-06,0.0,0.0,0.0
5004,1e-06,0.0,0.0,0.0
5005,1e-06,0.0,0.0,0.0
5006,1e-06,0.0,0.0,0.0
5007,1e-06,0.0,0.0,0.0
5008,1e-06,0.0,0.0,0.0
5009,1e-06,0.0,0.0,0.0
5010,1e-06,0.0,0.0,0.0
5011,1e-06,0.0,0.0,0.0
5012,1e-06,0.0,0.0,0.0
5013,1e-06,0.0,0.0,0.0
5014,1e-06,0.0,0.0,0.0
5015,1e-06,0.0,0.0,0.0
5016,1e-06,0.0,0.0,0.0
5017,1e-06,0.0,0.0,0.0
5018,1e-06,0.0,0.0,0.0
5019,1e-06,0.0,0.0,0.0
5020,1e-06,0.0,0.0,0.0
5021,1e-06,0.0,0.0,0.0
5022,1e-06,0.0,0.0,0.0
5023,1e-06,0.0,0.0,0.0
5024,1e-06,0.0,0.0,0.0
5025,1e-06,0.0,0.0,0.0
5026,1e-06,0.0,0.0,0.0
5027,1e-06,0.0,0.0,0.0
5028,1e-06,0.0,0.0,0.0
5029,1e-06,0.0,0.0,0.0
5030,1e-06,0.0,0.0,0.0
5031,1e-06,0.0,0.0,0.0
5032,1e-06,0.0,0.0,0.0
5033,1e-06,0.0,0.0,0.0
5034,1e-06,0.0,0.0,0.0
5035,1e-06,0.0,0.0,0.0
5036,1e-06,0.0,0.0,0.0
5037,1e-06,0.0,0.0,0.0
5038,1e-06,0.0,0.0,0.0
5039,1e-06,0.0,0.0,0.0
5040,1e-06,0.0,0.0,0.0
5041,1e-06,0.0,0.0,0.0
5042,1e-06,0.0,0.0,0.0
5043,1e-06,0.0,0.0,0.0
5044,1e-06,0.0,0.0,0.0
5045,1e-06,0.0,0.0,0.0
5046,1e-06,0.0,0.0,0.0
5047,1e-06,0.0,0.0,0.0
5048,1e-06,0.0,0.0,0.0
5049,1e-06,0.0,0.0,0.0
5050,1e-06,0.0,0.0,0.0
5051,1e-06,0.0,0.0,0.0
5052,1e-06,0.0,0.0,0.0
5053,1e-06,0.0,0.0,0.0
5054,1e-06,0.0,0.0,0.0
5055,1e-06,0.0,0.0,0.0
5056,1e-06,0.0,0.0,0.0
5057,1e-06,0.0,0.0,0.0
5058,1e-06,0.0,0.0,0.0
5059,1e-06,0.0,0.0,0.0
5060,1e-06,0.0,0.0,0.0
5061,1e-06,0.0,0.0,0.0
5062,1e-06,0.0,0.0,0.0
5063,1e-06,0.0,0.0,0.0
5064,1e-06,0.0,0.0,0.0
5065,1e-06,0.0,0.0,0.0
5066,1e-06,0.0,0.0,0.0
5067,1e-06,0.0,0.0,0.0
5068,1e-06,0.0,0.0,0.0
5069,1e-06,0.0,0.0,0.0
5070,1e-06,0.0,0.0,0.0
5071,1e-06,0.0,0.0,0.0
5072,1e-06,0.0,0.0,0.0
5073,1e-06,0.0,0.0,0.0
5074,1e-06,0.0,0.0,0.0
5075,1e-06,0.0,0.0,0.0
5076,1e-06,0.0,0.0,0.0
5077,1e-06,0.0,0.0,0.0
5078,1e-06,0.0,0.0,0.0
5079,1e-06,0.0,0.0,0.0
5080,1e-06,0.0,0.0,0.0
5081,1e-06,0.0,0.0,0.0
5082,1e-06,0.0,0.0,0.0
5083,1e-06,0.0,0.0,0.0
5084,1e-06,0.0,0.0,0.0
5085,1e-06,0.0,0.0,0.0
5086,1e-06,0.0,0.0,0.0
5087,1e-06,0.0,0.0,0.0
5088,1e-06,0.0,0.0,0.0
5089,1e-06,0.0,0.0,0.0
5090,1e-06,0.0,0.0,0.0
5091,1e-06,0.0,0.0,0.0
5092,1e-06,0.0,0.0,0.0
5093,1e-06,0.0,0.0,0.0
5094,1e-06,0.0,0.0,0.0
5095,1e-06,0.0,0.0,0.0
5096,1e-06,0.0,0.0,0.0
5097,1e-06,0.0,0.0,0.0
5098,1e-06,0.0,0.0,0.0
5099,1e-06,0.0,0.0,0.0
5100,1e-06,0.0,0.0,0.0
5101,1e-06,0.0,0.0,0.0
5102,1e-06,0.0,0.0,0.0
5103,1e-06,0.0,0.0,0.0
5104,1e-06,0.0,0.0,0.0
5105,1e-06,0.0,0.0,0.0
5106,1e-06,0.0,0.0,0.0
5107,1e-06,0.0,0.0,0.0
5108,1e-06,0.0,0.0,0.0
5109,1e-06,0.0,0.0,0.0
5110,1e-06,0.0,0.0,0.0
5111,1e-06,0.0,0.0,0.0
5112,1e-06,0.0,0.0,0.0
5113,1e-06,0.0,0.0,0.0
5114,1e-06,0.0,0.0,0.0
5115,1e-06,0.0,0.0,0.0
5116,1e-06,0.0,0.0,0.0
5117,1e-06,0.0,0.0,0.0
5118,1e-06,0.0,0.0,0.0
5119,1e-06,0.0,0.0,0.0
5120,1e-06,0.0,0.0,0.0
5121,1e-06,0.0,0.0,0.0
5122,1e-06,0.0,0.0,0.0
5123,1e-06,0.0,0.0,0.0
5124,1e-06,0.0,0.0,0.0
5125,1e-06,0.0,0.0,0.0
5126,1e-06,0.0,0.0,0.0
5127,1e-06,0.0,0.0,0.0
5128,1e-06,0.0,0.0,0.0
5129,1e-06,0.0,0.0,0.0
5130,1e-06,0.0,0.0,0.0
5131,1e-06,0.0,0.0,0.0
5132,1e-06,0.0,0.0,0.0
5133,1e-06,0.0,0.0,0.0
5134,1e-06,0.0,0.0,0.0
5135,1e-06,0.0,0.0,0.0
5136,1e-06,0.0,0.0,0.0
5137,1e-06,0.0,0.0,0.0
5138,1e-06,0.0,0.0,0.0
5139,1e-06,0.0,0.0,0.0
5140,1e-06,0.0,0.0,0.0
5141,1e-06,0.0,0.0,0.0
5142,1e-06,0.0,0.0,0.0
5143,1e-06,0.0,0.0,0.0
5144,1e-06,0.0,0.0,0.0
5145,1e-06,0.0,0.0,0.0
5146,1e-06,0.0,0.0,0.0
5147,1e-06,0.0,0.0,0.0
5148,1e-06,0.0,0.0,0.0
5149,1e-06,0.0,0.0,0.0
5150,1e-06,0.0,0.0,0.0
5151,1e-06,0.0,0.0,0.0
5152,1e-06,0.0,0.0,0.0
5153,1e-06,0.0,0.0,0.0
5154,1e-06,0.0,0.0,0.0
5155,1e-06,0.0,0.0,0.0
5156,1e-06,0.0,0.0,0.0
5157,1e-06,0.0,0.0,0.0
5158,1e-06,0.0,0.0,0.0
5159,1e-06,0.0,0.0,0.0
5160,1e-06,0.0,0.0,0.0
5161,1e-06,0.0,0.0,0.0
5162,1e-06,0.0,0.0,0.0
5163,1e-06,0.0,0.0,0.0
5164,1e-06,0.0,0.0,0.0
5165,1e-06,0.0,0.0,0.0
5166,1e-06,0.0,0.0,0.0
5167,1e-06,0.0,0.0,0.0
5168,1e-06,0.0,0.0,0.0
5169,1e-06,0.0,0.0,0.0
5170,1e-06,0.0,0.0,0.0
5171,1e-06,0.0,0.0,0.0
5172,1e-06,0.0,0.0,0.0
5173,1e-06,0.0,0.0,0.0
5174,1e-06,0.0,0.0,0.0
5175,1e-06,0.0,0.0,0.0
5176,1e-06,0.0,0.0,0.0
5177,1e-06,0.0,0.0,0.0
5178,1e-06,0.0,0.0,0.0
5179,1e-06,0.0,0.0,0.0
5180,1e-06,0.0,0.0,0.0
5181,1e-06,0.0,0.0,0.0
5182,1e-06,0.0,0.0,0.0
5183,1e-06,0.0,0.0,0.0
5184,1e-06,0.0,0.0,0.0
5185,1e-06,0.0,0.0,0.0
5186,1e-06,0.0,0.0,0.0
5187,1e-06,0.0,0.0,0.0
5188,1e-06,0.0,0.0,0.0
5189,1e-06,0.0,0.0,0.0
5190,1e-06,0.0,0.0,0.0
5191,1e-06,0.0,0.0,0.0
5192,1e-06,0.0,0.0,0.0
5193,1e-06,0.0,0.0,0.0
5194,1e-06,0.0,0.0,0.0
5195,1e-06,0.0,0.0,0.0
5196,1e-06,0.0,0.0,0.0
5197,1e-06,0.0,0.0,0.0
5198,1e-06,0.0,0.0,0.0
5199,1e-06,0.0,0.0,0.0
5200,1e-06,0.0,0.0,0.0
5201,1e-06,0.0,0.0,0.0
5202,1e-06,0.0,0.0,0.0
5203,1e-06,0.0,0.0,0.0
5204,1e-06,0.0,0.0,0.0
5205,1e-06,0.0,0.0,0.0
5206,1e-06,0.0,0.0,0.0
5207,1e-06,0.0,0.0,0.0
5208,1e-06,0.0,0.0,0.0
5209,1e-06,0.0,0.0,0.0
5210,1e-06,0.0,0.0,0.0
5211,1e-06,0.0,0.0,0.0
5212,1e-06,0.0,0.0,0.0
5213,1e-06,0.0,0.0,0.0
5214,1e-06,0.0,0.0,0.0
5215,1e-06,0.0,0.0,0.0
5216,1e-06,0.0,0.0,0.0
5217,1e-06,0.0,0.0,0.0
5218,1e-06,0.0,0.0,0.0
5219,1e-06,0.0,0.0,0.0
5220,1e-06,0.0,0.0,0.0
5221,1e-06,0.0,0.0,0.0
5222,1e-06,0.0,0.0,0.0
5223,1e-06,0.0,0.0,0.0
5224,1e-06,0.0,0.0,0.0
5225,1e-06,0.0,0.0,0.0
5226,1e-06,0.0,0.0,0.0
5227,1e-06,0.0,0.0,0.0
5228,1e-06,0.0,0.0,0.0
5229,1e-06,0.0,0.0,0.0
5230,1e-06,0.0,0.0,0.0
5231,1e-06,0.0,0.0,0.0
5232,1e-06,0.0,0.0,0.0
5233,1e-06,0.0,0.0,0.0
5234,1e-06,0.0,0.0,0.0
5235,1e-06,0.0,0.0,0.0
5236,1e-06,0.0,0.0,0.0
5237,1e-06,0.0,0.0,0.0
5238,1e-06,0.0,0.0,0.0
5239,1e-06,0.0,0.0,0.0
5240,1e-06,0.0,0.0,0.0
5241,1e-06,0.0,0.0,0.0
5242,1e-06,0.0,0.0,0.0
5243,1e-06,0.0,0.0,0.0
5244,1e-06,0.0,0.0,0.0
5245,1e-06,0.0,0.0,0.0
5246,1e-06,0.0,0.0,0.0
5247,1e-06,0.0,0.0,0.0
5248,1e-06,0.0,0.0,0.0
5249,1e-06,0.0,0.0,0.0
5250,1e-06,0.0,0.0,0.0
5251,1e-06,0.0,0.0,0.0
5252,1e-06,0.0,0.0,0.0
5253,1e-06,0.0,0.0,0.0
5254,1e-06,0.0,0.0,0.0
5255,1e-06,0.0,0.0,0.0
5256,1e-06,0.0,0.0,0.0
5257,1e-06,0.0,0.0,0.0
5258,1e-06,0.0,0.0,0.0
5259,1e-06,0.0,0.0,0.0
5260,1e-06,0.0,0.0,0.0
5261,1e-06,0.0,0.0,0.0
5262,1e-06,0.0,0.0,0.0
5263,1e-06,0.0,0.0,0.0
5264,1e-06,0.0,0.0,0.0
5265,1e-06,0.0,0.0,0.0
5266,1e-06,0.0,0.0,0.0
5267,1e-06,0.0,0.0,0.0
5268,1e-06,0.0,0.0,0.0
5269,1e-06,0.0,0.0,0.0
5270,1e-06,0.0,0.0,0.0
5271,1e-06,0.0,0.0,0.0
5272,1e-06,0.0,0.0,0.0
5273,1e-06,0.0,0.0,0.0
5274,1e-06,0.0,0.0,0.0
5275,1e-06,0.0,0.0,0.0
5276,1e-06,0.0,0.0,0.0
5277,1e-06,0.0,0.0,0.0
5278,1e-06,0.0,0.0,0.0
5279,1e-06,0.0,0.0,0.0
5280,1e-06,0.0,0.0,0.0
5281,1e-06,0.0,0.0,0.0
5282,1e-06,0.0,0.0,0.0
5283,1e-06,0.0,0.0,0.0
5284,1e-06,0.0,0.0,0.0
5285,1e-06,0.0,0.0,0.0
5286,1e-06,0.0,0.0,0.0
5287,1e-06,0.0,0.0,0.0
5288,1e-06,0.0,0.0,0.0
5289,1e-06,0.0,0.0,0.0
5290,1e-06,0.0,0.0,0.0
5291,1e-06,0.0,0.0,0.0
5292,1e-06,0.0,0.0,0.0
5293,1e-06,0.0,0.0,0.0
5294,1e-06,0.0,0.0,0.0
5295,1e-06,0.0,0.0,0.0
5296,1e-06,0.0,0.0,0.0
5297,1e-06,0.0,0.0,0.0
5298,1e-06,0.0,0.0,0.0
5299,1e-06,0.0,0.0,0.0
5300,1e-06,0.0,0.0,0.0
5301,1e-06,0.0,0.0,0.0
5302,1e-06,0.0,0.0,0.0
5303,1e-06,0.0,0.0,0.0
5304,1e-06,0.0,0.0,0.0
5305,1e-06,0.0,0.0,0.0
5306,1e-06,0.0,0.0,0.0
5307,1e-06,0.0,0.0,0.0
5308,1e-06,0.0,0.0,0.0
5309,1e-06,0.0,0.0,0.0
5310,1e-06,0.0,0.0,0.0
5311,1e-06,0.0,0.0,0.0
5312,1e-06,0.0,0.0,0.0
5313,1e-06,0.0,0.0,0.0
5314,1e-06,0.0,0.0,0.0
5315,1e-06,0.0,0.0,0.0
5316,1e-06,0.0,0.0,0.0
5317,1e-06,0.0,0.0,0.0
5318,1e-06,0.0,0.0,0.0
5319,1e-06,0.0,0.0,0.0
5320,1e-06,0.0,0.0,0.0
5321,1e-06,0.0,0.0,0.0
5322,1e-06,0.0,0.0,0.0
5323,1e-06,0.0,0.0,0.0
5324,1e-06,0.0,0.0,0.0
5325,1e-06,0.0,0.0,0.0
5326,1e-06,0.0,0.0,0.0
5327,1e-06,0.0,0.0,0.0
5328,1e-06,0.0,0.0,0.0
5329,1e-06,0.0,0.0,0.0
5330,1e-06,0.0,0.0,0.0
5331,1e-06,0.0,0.0,0.0
5332,1e-06,0.0,0.0,0.0
5333,1e-06,0.0,0.0,0.0
5334,1e-06,0.0,0.0,0.0
5335,1e-06,0.0,0.0,0.0
5336,1e-06,0.0,0.0,0.0
5337,1e-06,0.0,0.0,0.0
5338,1e-06,0.0,0.0,0.0
5339,1e-06,0.0,0.0,0.0
5340,1e-06,0.0,0.0,0.0
5341,1e-06,0.0,0.0,0.0
5342,1e-06,0.0,0.0,0.0
5343,1e-06,0.0,0.0,0.0
5344,1e-06,0.0,0.0,0.0
5345,1e-06,0.0,0.0,0.0
5346,1e-06,0.0,0.0,0.0
5347,1e-06,0.0,0.0,0.0
5348,1e-06,0.0,0.0,0.0
5349,1e-06,0.0,0.0,0.0
5350,1e-06,0.0,0.0,0.0
5351,1e-06,0.0,0.0,0.0
5352,1e-06,0.0,0.0,0.0
5353,1e-06,0.0,0.0,0.0
5354,1e-06,0.0,0.0,0.0
5355,1e-06,0.0,0.0,0.0
5356,1e-06,0.0,0.0,0.0
5357,1e-06,0.0,0.0,0.0
5358,1e-06,0.0,0.0,0.0
5359,1e-06,0.0,0.0,0.0
5360,1e-06,0.0,0.0,0.0
5361,1e-06,0.0,0.0,0.0
5362,1e-06,0.0,0.0,0.0
5363,1e-06,0.0,0.0,0.0
5364,1e-06,0.0,0.0,0.0
5365,1e-06,0.0,0.0,0.0
5366,1e-06,0.0,0.0,0.0
5367,1e-06,0.0,0.0,0.0
5368,1e-06,0.0,0.0,0.0
5369,1e-06,0.0,0.0,0.0
5370,1e-06,0.0,0.0,0.0
5371,1e-06,0.0,0.0,0.0
5372,1e-06,0.0,0.0,0.0
5373,1e-06,0.0,0.0,0.0
5374,1e-06,0.0,0.0,0.0
5375,1e-06,0.0,0.0,0.0
5376,1e-06,0.0,0.0,0.0
5377,1e-06,0.0,0.0,0.0
5378,1e-06,0.0,0.0,0.0
5379,1e-06,0.0,0.0,0.0
5380,1e-06,0.0,0.0,0.0
5381,1e-06,0.0,0.0,0.0
5382,1e-06,0.0,0.0,0.0
5383,1e-06,0.0,0.0,0.0
5384,1e-06,0.0,0.0,0.0
5385,1e-06,0.0,0.0,0.0
5386,1e-06,0.0,0.0,0.0
5387,1e-06,0.0,0.0,0.0
5388,1e-06,0.0,0.0,0.0
5389,1e-06,0.0,0.0,0.0
5390,1e-06,0.0,0.0,0.0
5391,1e-06,0.0,0.0,0.0
5392,1e-06,0.0,0.0,0.0
5393,1e-06,0.0,0.0,0.0
5394,1e-06,0.0,0.0,0.0
5395,1e-06,0.0,0.0,0.0
5396,1e-06,0.0,0.0,0.0
5397,1e-06,0.0,0.0,0.0
5398,1e-06,0.0,0.0,0.0
5399,1e-06,0.0,0.0,0.0
5400,1e-06,0.0,0.0,0.0
5401,1e-06,0.0,0.0,0.0
5402,1e-06,0.0,0.0,0.0
5403,1e-06,0.0,0.0,0.0
5404,1e-06,0.0,0.0,0.0
5405,1e-06,0.0,0.0,0.0
5406,1e-06,0.0,0.0,0.0
5407,1e-06,0.0,0.0,0.0
5408,1e-06,0.0,0.0,0.0
5409,1e-06,0.0,0.0,0.0
5410,1e-06,0.0,0.0,0.0
5411,1e-06,0.0,0.0,0.0
5412,1e-06,0.0,0.0,0.0
5413,1e-06,0.0,0.0,0.0
5414,1e-06,0.0,0.0,0.0
5415,1e-06,0.0,0.0,0.0
5416,1e-06,0.0,0.0,0.0
5417,1e-06,0.0,0.0,0.0
5418,1e-06,0.0,0.0,0.0
5419,1e-06,0.0,0.0,0.0
5420,1e-06,0.0,0.0,0.0
5421,1e-06,0.0,0.0,0.0
5422,1e-06,0.0,0.0,0.0
5423,1e-06,0.0,0.0,0.0
5424,1e-06,0.0,0.0,0.0
5425,1e-06,0.0,0.0,0.0
5426,1e-06,0.0,0.0,0.0
5427,1e-06,0.0,0.0,0.0
5428,1e-06,0.0,0.0,0.0
5429,1e-06,0.0,0.0,0.0
5430,1e-06,0.0,0.0,0.0
5431,1e-06,0.0,0.0,0.0
5432,1e-06,0.0,0.0,0.0
5433,1e-06,0.0,0.0,0.0
5434,1e-06,0.0,0.0,0.0
5435,1e-06,0.0,0.0,0.0
5436,1e-06,0.0,0.0,0.0
5437,1e-06,0.0,0.0,0.0
5438,1e-06,0.0,0.0,0.0
5439,1e-06,0.0,0.0,0.0
5440,1e-06,0.0,0.0,0.0
5441,1e-06,0.0,0.0,0.0
5442,1e-06,0.0,0.0,0.0
5443,1e-06,0.0,0.0,0.0
5444,1e-06,0.0,0.0,0.0
5445,1e-06,0.0,0.0,0.0
5446,1e-06,0.0,0.0,0.0
5447,1e-06,0.0,0.0,0.0
5448,1e-06,0.0,0.0,0.0
5449,1e-06,0.0,0.0,0.0
5450,1e-06,0.0,0.0,0.0
5451,1e-06,0.0,0.0,0.0
5452,1e-06,0.0,0.0,0.0
5453,1e-06,0.0,0.0,0.0
5454,1e-06,0.0,0.0,0.0
5455,1e-06,0.0,0.0,0.0
5456,1e-06,0.0,0.0,0.0
5457,1e-06,0.0,0.0,0.0
5458,1e-06,0.0,0.0,0.0
5459,1e-06,0.0,0.0,0.0
5460,1e-06,0.0,0.0,0.0
5461,1e-06,0.0,0.0,0.0
5462,1e-06,0.0,0.0,0.0
5463,1e-06,0.0,0.0,0.0
5464,1e-06,0.0,0.0,0.0
5465,1e-06,0.0,0.0,0.0
5466,1e-06,0.0,0.0,0.0
5467,1e-06,0.0,0.0,0.0
5468,1e-06,0.0,0.0,0.0
5469,1e-06,0.0,0.0,0.0
5470,1e-06,0.0,0.0,0.0
5471,1e-06,0.0,0.0,0.0
5472,1e-06,0.0,0.0,0.0
5473,1e-06,0.0,0.0,0.0
5474,1e-06,0.0,0.0,0.0
5475,1e-06,0.0,0.0,0.0
5476,1e-06,0.0,0.0,0.0
5477,1e-06,0.0,0.0,0.0
5478,1e-06,0.0,0.0,0.0
5479,1e-06,0.0,0.0,0.0
5480,1e-06,0.0,0.0,0.0
5481,1e-06,0.0,0.0,0.0
5482,1e-06,0.0,0.0,0.0
5483,1e-06,0.0,0.0,0.0
5484,1e-06,0.0,0.0,0.0
5485,1e-06,0.0,0.0,0.0
5486,1e-06,0.0,0.0,0.0
5487,1e-06,0.0,0.0,0.0
5488,1e-06,0.0,0.0,0.0
5489,1e-06,0.0,0.0,0.0
5490,1e-06,0.0,0.0,0.0
5491,1e-06,0.0,0.0,0.0
5492,1e-06,0.0,0.0,0.0
5493,1e-06,0.0,0.0,0.0
5494,1e-06,0.0,0.0,0.0
5495,1e-06,0.0,0.0,0.0
5496,1e-06,0.0,0.0,0.0
5497,1e-06,0.0,0.0,0.0
5498,1e-06,0.0,0.0,0.0
5499,1e-06,0.0,0.0,0.0
5500,1e-06,0.0,0.0,0.0
5501,1e-06,0.0,0.0,0.0
5502,1e-06,0.0,0.0,0.0
5503,1e-06,0.0,0.0,0.0
5504,1e-06,0.0,0.0,0.0
5505,1e-06,0.0,0.0,0.0
5506,1e-06,0.0,0.0,0.0
5507,1e-06,0.0,0.0,0.0
5508,1e-06,0.0,0.0,0.0
5509,1e-06,0.0,0.0,0.0
5510,1e-06,0.0,0.0,0.0
5511,1e-06,0.0,0.0,0.0
5512,1e-06,0.0,0.0,0.0
5513,1e-06,0.0,0.0,0.0
5514,1e-06,0.0,0.0,0.0
5515,1e-06,0.0,0.0,0.0
5516,1e-06,0.0,0.0,0.0
5517,1e-06,0.0,0.0,0.0
5518,1e-06,0.0,0.0,0.0
5519,1e-06,0.0,0.0,0.0
5520,1e-06,0.0,0.0,0.0
5521,1e-06,0.0,0.0,0.0
5522,1e-06,0.0,0.0,0.0
5523,1e-06,0.0,0.0,0.0
5524,1e-06,0.0,0.0,0.0
5525,1e-06,0.0,0.0,0.0
5526,1e-06,0.0,0.0,0.0
5527,1e-06,0.0,0.0,0.0
5528,1e-06,0.0,0.0,0.0
5529,1e-06,0.0,0.0,0.0
5530,1e-06,0.0,0.0,0.0
5531,1e-06,0.0,0.0,0.0
5532,1e-06,0.0,0.0,0.0
5533,1e-06,0.0,0.0,0.0
5534,1e-06,0.0,0.0,0.0
5535,1e-06,0.0,0.0,0.0
5536,1e-06,0.0,0.0,0.0
5537,1e-06,0.0,0.0,0.0
5538,1e-06,0.0,0.0,0.0
5539,1e-06,0.0,0.0,0.0
5540,1e-06,0.0,0.0,0.0
5541,1e-06,0.0,0.0,0.0
5542,1e-06,0.0,0.0,0.0
5543,1e-06,0.0,0.0,0.0
5544,1e-06,0.0,0.0,0.0
5545,1e-06,0.0,0.0,0.0
5546,1e-06,0.0,0.0,0.0
5547,1e-06,0.0,0.0,0.0
5548,1e-06,0.0,0.0,0.0
5549,1e-06,0.0,0.0,0.0
5550,1e-06,0.0,0.0,0.0
5551,1e-06,0.0,0.0,0.0
5552,1e-06,0.0,0.0,0.0
5553,1e-06,0.0,0.0,0.0
5554,1e-06,0.0,0.0,0.0
5555,1e-06,0.0,0.0,0.0
5556,1e-06,0.0,0.0,0.0
5557,1e-06,0.0,0.0,0.0
5558,1e-06,0.0,0.0,0.0
5559,1e-06,0.0,0.0,0.0
5560,1e-06,0.0,0.0,0.0
5561,1e-06,0.0,0.0,0.0
5562,1e-06,0.0,0.0,0.0
5563,1e-06,0.0,0.0,0.0
5564,1e-06,0.0,0.0,0.0
5565,1e-06,0.0,0.0,0.0
5566,1e-06,0.0,0.0,0.0
5567,1e-06,0.0,0.0,0.0
5568,1e-06,0.0,0.0,0.0
5569,1e-06,0.0,0.0,0.0
5570,1e-06,0.0,0.0,0.0
5571,1e-06,0.0,0.0,0.0
5572,1e-06,0.0,0.0,0.0
5573,1e-06,0.0,0.0,0.0
5574,1e-06,0.0,0.0,0.0
5575,1e-06,0.0,0.0,0.0
5576,1e-06,0.0,0.0,0.0
5577,1e-06,0.0,0.0,0.0
5578,1e-06,0.0,0.0,0.0
5579,1e-06,0.0,0.0,0.0
5580,1e-06,0.0,0.0,0.0
5581,1e-06,0.0,0.0,0.0
5582,1e-06,0.0,0.0,0.0
5583,1e-06,0.0,0.0,0.0
5584,1e-06,0.0,0.0,0.0
5585,1e-06,0.0,0.0,0.0
5586,1e-06,0.0,0.0,0.0
5587,1e-06,0.0,0.0,0.0
5588,1e-06,0.0,0.0,0.0
5589,1e-06,0.0,0.0,0.0
5590,1e-06,0.0,0.0,0.0
5591,1e-06,0.0,0.0,0.0
5592,1e-06,0.0,0.0,0.0
5593,1e-06,0.0,0.0,0.0
5594,1e-06,0.0,0.0,0.0
5595,1e-06,0.0,0.0,0.0
5596,1e-06,0.0,0.0,0.0
5597,1e-06,0.0,0.0,0.0
5598,1e-06,0.0,0.0,0.0
5599,1e-06,0.0,0.0,0.0
5600,1e-06,0.0,0.0,0.0
5601,1e-06,0.0,0.0,0.0
5602,1e-06,0.0,0.0,0.0
5603,1e-06,0.0,0.0,0.0
5604,1e-06,0.0,0.0,0.0
5605,1e-06,0.0,0.0,0.0
5606,1e-06,0.0,0.0,0.0
5607,1e-06,0.0,0.0,0.0
5608,1e-06,0.0,0.0,0.0
5609,1e-06,0.0,0.0,0.0
5610,1e-06,0.0,0.0,0.0
5611,1e-06,0.0,0.0,0.0
5612,1e-06,0.0,0.0,0.0
5613,1e-06,0.0,0.0,0.0
5614,1e-06,0.0,0.0,0.0
5615,1e-06,0.0,0.0,0.0
5616,1e-06,0.0,0.0,0.0
5617,1e-06,0.0,0.0,0.0
5618,1e-06,0.0,0.0,0.0
5619,1e-06,0.0,0.0,0.0
5620,1e-06,0.0,0.0,0.0
5621,1e-06,0.0,0.0,0.0
5622,1e-06,0.0,0.0,0.0
5623,1e-06,0.0,0.0,0.0
5624,1e-06,0.0,0.0,0.0
5625,1e-06,0.0,0.0,0.0
5626,1e-06,0.0,0.0,0.0
5627,1e-06,0.0,0.0,0.0
5628,1e-06,0.0,0.0,0.0
5629,1e-06,0.0,0.0,0.0
5630,1e-06,0.0,0.0,0.0
5631,1e-06,0.0,0.0,0.0
5632,1e-06,0.0,0.0,0.0
5633,1e-06,0.0,0.0,0.0
5634,1e-06,0.0,0.0,0.0
5635,1e-06,0.0,0.0,0.0
5636,1e-06,0.0,0.0,0.0
5637,1e-06,0.0,0.0,0.0
5638,1e-06,0.0,0.0,0.0
5639,1e-06,0.0,0.0,0.0
5640,1e-06,0.0,0.0,0.0
5641,1e-06,0.0,0.0,0.0
5642,1e-06,0.0,0.0,0.0
5643,1e-06,0.0,0.0,0.0
5644,1e-06,0.0,0.0,0.0
5645,1e-06,0.0,0.0,0.0
5646,1e-06,0.0,0.0,0.0
5647,1e-06,0.0,0.0,0.0
5648,1e-06,0.0,0.0,0.0
5649,1e-06,0.0,0.0,0.0
5650,1e-06,0.0,0.0,0.0
5651,1e-06,0.0,0.0,0.0
5652,1e-06,0.0,0.0,0.0
5653,1e-06,0.0,0.0,0.0
5654,1e-06,0.0,0.0,0.0
5655,1e-06,0.0,0.0,0.0
5656,1e-06,0.0,0.0,0.0
5657,1e-06,0.0,0.0,0.0
5658,1e-06,0.0,0.0,0.0
5659,1e-06,0.0,0.0,0.0
5660,1e-06,0.0,0.0,0.0
5661,1e-06,0.0,0.0,0.0
5662,1e-06,0.0,0.0,0.0
5663,1e-06,0.0,0.0,0.0
5664,1e-06,0.0,0.0,0.0
5665,1e-06,0.0,0.0,0.0
5666,1e-06,0.0,0.0,0.0
5667,1e-06,0.0,0.0,0.0
5668,1e-06,0.0,0.0,0.0
5669,1e-06,0.0,0.0,0.0
5670,1e-06,0.0,0.0,0.0
5671,1e-06,0.0,0.0,0.0
5672,1e-06,0.0,0.0,0.0
5673,1e-06,0.0,0.0,0.0
5674,1e-06,0.0,0.0,0.0
5675,1e-06,0.0,0.0,0.0
5676,1e-06,0.0,0.0,0.0
5677,1e-06,0.0,0.0,0.0
5678,1e-06,0.0,0.0,0.0
5679,1e-06,0.0,0.0,0.0
5680,1e-06,0.0,0.0,0.0
5681,1e-06,0.0,0.0,0.0
5682,1e-06,0.0,0.0,0.0
5683,1e-06,0.0,0.0,0.0
5684,1e-06,0.0,0.0,0.0
5685,1e-06,0.0,0.0,0.0
5686,1e-06,0.0,0.0,0.0
5687,1e-06,0.0,0.0,0.0
5688,1e-06,0.0,0.0,0.0
5689,1e-06,0.0,0.0,0.0
5690,1e-06,0.0,0.0,0.0
5691,1e-06,0.0,0.0,0.0
5692,1e-06,0.0,0.0,0.0
5693,1e-06,0.0,0.0,0.0
5694,1e-06,0.0,0.0,0.0
5695,1e-06,0.0,0.0,0.0
5696,1e-06,0.0,0.0,0.0
5697,1e-06,0.0,0.0,0.0
5698,1e-06,0.0,0.0,0.0
5699,1e-06,0.0,0.0,0.0
5700,1e-06,0.0,0.0,0.0
5701,1e-06,0.0,0.0,0.0
5702,1e-06,0.0,0.0,0.0
5703,1e-06,0.0,0.0,0.0
5704,1e-06,0.0,0.0,0.0
5705,1e-06,0.0,0.0,0.0
5706,1e-06,0.0,0.0,0.0
5707,1e-06,0.0,0.0,0.0
5708,1e-06,0.0,0.0,0.0
5709,1e-06,0.0,0.0,0.0
5710,1e-06,0.0,0.0,0.0
5711,1e-06,0.0,0.0,0.0
5712,1e-06,0.0,0.0,0.0
5713,1e-06,0.0,0.0,0.0
5714,1e-06,0.0,0.0,0.0
5715,1e-06,0.0,0.0,0.0
5716,1e-06,0.0,0.0,0.0
5717,1e-06,0.0,0.0,0.0
5718,1e-06,0.0,0.0,0.0
5719,1e-06,0.0,0.0,0.0
5720,1e-06,0.0,0.0,0.0
5721,1e-06,0.0,0.0,0.0
5722,1e-06,0.0,0.0,0.0
5723,1e-06,0.0,0.0,0.0
5724,1e-06,0.0,0.0,0.0
5725,1e-06,0.0,0.0,0.0
5726,1e-06,0.0,0.0,0.0
5727,1e-06,0.0,0.0,0.0
5728,1e-06,0.0,0.0,0.0
5729,1e-06,0.0,0.0,0.0
5730,1e-06,0.0,0.0,0.0
5731,1e-06,0.0,0.0,0.0
5732,1e-06,0.0,0.0,0.0
5733,1e-06,0.0,0.0,0.0
5734,1e-06,0.0,0.0,0.0
5735,1e-06,0.0,0.0,0.0
5736,1e-06,0.0,0.0,0.0
5737,1e-06,0.0,0.0,0.0
5738,1e-06,0.0,0.0,0.0
5739,1e-06,0.0,0.0,0.0
5740,1e-06,0.0,0.0,0.0
5741,1e-06,0.0,0.0,0.0
5742,1e-06,0.0,0.0,0.0
5743,1e-06,0.0,0.0,0.0
5744,1e-06,0.0,0.0,0.0
5745,1e-06,0.0,0.0,0.0
5746,1e-06,0.0,0.0,0.0
5747,1e-06,0.0,0.0,0.0
5748,1e-06,0.0,0.0,0.0
5749,1e-06,0.0,0.0,0.0
5750,1e-06,0.0,0.0,0.0
5751,1e-06,0.0,0.0,0.0
5752,1e-06,0.0,0.0,0.0
5753,1e-06,0.0,0.0,0.0
5754,1e-06,0.0,0.0,0.0
5755,1e-06,0.0,0.0,0.0
5756,1e-06,0.0,0.0,0.0
5757,1e-06,0.0,0.0,0.0
5758,1e-06,0.0,0.0,0.0
5759,1e-06,0.0,0.0,0.0
5760,1e-06,0.0,0.0,0.0
5761,1e-06,0.0,0.0,0.0
5762,1e-06,0.0,0.0,0.0
5763,1e-06,0.0,0.0,0.0
5764,1e-06,0.0,0.0,0.0
5765,1e-06,0.0,0.0,0.0
5766,1e-06,0.0,0.0,0.0
5767,1e-06,0.0,0.0,0.0
5768,1e-06,0.0,0.0,0.0
5769,1e-06,0.0,0.0,0.0
5770,1e-06,0.0,0.0,0.0
5771,1e-06,0.0,0.0,0.0
5772,1e-06,0.0,0.0,0.0
5773,1e-06,0.0,0.0,0.0
5774,1e-06,0.0,0.0,0.0
5775,1e-06,0.0,0.0,0.0
5776,1e-06,0.0,0.0,0.0
5777,1e-06,0.0,0.0,0.0
5778,1e-06,0.0,0.0,0.0
5779,1e-06,0.0,0.0,0.0
5780,1e-06,0.0,0.0,0.0
5781,1e-06,0.0,0.0,0.0
5782,1e-06,0.0,0.0,0.0
5783,1e-06,0.0,0.0,0.0
5784,1e-06,0.0,0.0,0.0
5785,1e-06,0.0,0.0,0.0
5786,1e-06,0.0,0.0,0.0
5787,1e-06,0.0,0.0,0.0
5788,1e-06,0.0,0.0,0.0
5789,1e-06,0.0,0.0,0.0
5790,1e-06,0.0,0.0,0.0
5791,1e-06,0.0,0.0,0.0
5792,1e-06,0.0,0.0,0.0
5793,1e-06,0.0,0.0,0.0
5794,1e-06,0.0,0.0,0.0
5795,1e-06,0.0,0.0,0.0
5796,1e-06,0.0,0.0,0.0
5797,1e-06,0.0,0.0,0.0
5798,1e-06,0.0,0.0,0.0
5799,1e-06,0.0,0.0,0.0
5800,1e-06,0.0,0.0,0.0
5801,1e-06,0.0,0.0,0.0
5802,1e-06,0.0,0.0,0.0
5803,1e-06,0.0,0.0,0.0
5804,1e-06,0.0,0.0,0.0
5805,1e-06,0.0,0.0,0.0
5806,1e-06,0.0,0.0,0.0
5807,1e-06,0.0,0.0,0.0
5808,1e-06,0.0,0.0,0.0
5809,1e-06,0.0,0.0,0.0
5810,1e-06,0.0,0.0,0.0
5811,1e-06,0.0,0.0,0.0
5812,1e-06,0.0,0.0,0.0
5813,1e-06,0.0,0.0,0.0
5814,1e-06,0.0,0.0,0.0
5815,1e-06,0.0,0.0,0.0
5816,1e-06,0.0,0.0,0.0
5817,1e-06,0.0,0.0,0.0
5818,1e-06,0.0,0.0,0.0
5819,1e-06,0.0,0.0,0.0
5820,1e-06,0.0,0.0,0.0
5821,1e-06,0.0,0.0,0.0
5822,1e-06,0.0,0.0,0.0
5823,1e-06,0.0,0.0,0.0
5824,1e-06,0.0,0.0,0.0
5825,1e-06,0.0,0.0,0.0
5826,1e-06,0.0,0.0,0.0
5827,1e-06,0.0,0.0,0.0
5828,1e-06,0.0,0.0,0.0
5829,1e-06,0.0,0.0,0.0
5830,1e-06,0.0,0.0,0.0
5831,1e-06,0.0,0.0,0.0
5832,1e-06,0.0,0.0,0.0
5833,1e-06,0.0,0.0,0.0
5834,1e-06,0.0,0.0,0.0
5835,1e-06,0.0,0.0,0.0
5836,1e-06,0.0,0.0,0.0
5837,1e-06,0.0,0.0,0.0
5838,1e-06,0.0,0.0,0.0
5839,1e-06,0.0,0.0,0.0
5840,1e-06,0.0,0.0,0.0
5841,1e-06,0.0,0.0,0.0
5842,1e-06,0.0,0.0,0.0
5843,1e-06,0.0,0.0,0.0
5844,1e-06,0.0,0.0,0.0
5845,1e-06,0.0,0.0,0.0
5846,1e-06,0.0,0.0,0.0
5847,1e-06,0.0,0.0,0.0
5848,1e-06,0.0,0.0,0.0
5849,1e-06,0.0,0.0,0.0
5850,1e-06,0.0,0.0,0.0
5851,1e-06,0.0,0.0,0.0
5852,1e-06,0.0,0.0,0.0
5853,1e-06,0.0,0.0,0.0
5854,1e-06,0.0,0.0,0.0
5855,1e-06,0.0,0.0,0.0
5856,1e-06,0.0,0.0,0.0
5857,1e-06,0.0,0.0,0.0
5858,1e-06,0.0,0.0,0.0
5859,1e-06,0.0,0.0,0.0
5860,1e-06,0.0,0.0,0.0
5861,1e-06,0.0,0.0,0.0
5862,1e-06,0.0,0.0,0.0
5863,1e-06,0.0,0.0,0.0
5864,1e-06,0.0,0.0,0.0
5865,1e-06,0.0,0.0,0.0
5866,1e-06,0.0,0.0,0.0
5867,1e-06,0.0,0.0,0.0
5868,1e-06,0.0,0.0,0.0
5869,1e-06,0.0,0.0,0.0
5870,1e-06,0.0,0.0,0.0
5871,1e-06,0.0,0.0,0.0
5872,1e-06,0.0,0.0,0.0
5873,1e-06,0.0,0.0,0.0
5874,1e-06,0.0,0.0,0.0
5875,1e-06,0.0,0.0,0.0
5876,1e-06,0.0,0.0,0.0
5877,1e-06,0.0,0.0,0.0
5878,1e-06,0.0,0.0,0.0
5879,1e-06,0.0,0.0,0.0
5880,1e-06,0.0,0.0,0.0
5881,1e-06,0.0,0.0,0.0
5882,1e-06,0.0,0.0,0.0
5883,1e-06,0.0,0.0,0.0
5884,1e-06,0.0,0.0,0.0
5885,1e-06,0.0,0.0,0.0
5886,1e-06,0.0,0.0,0.0
5887,1e-06,0.0,0.0,0.0
5888,1e-06,0.0,0.0,0.0
5889,1e-06,0.0,0.0,0.0
5890,1e-06,0.0,0.0,0.0
5891,1e-06,0.0,0.0,0.0
5892,1e-06,0.0,0.0,0.0
5893,1e-06,0.0,0.0,0.0
5894,1e-06,0.0,0.0,0.0
5895,1e-06,0.0,0.0,0.0
5896,1e-06,0.0,0.0,0.0
5897,1e-06,0.0,0.0,0.0
5898,1e-06,0.0,0.0,0.0
5899,1e-06,0.0,0.0,0.0
5900,1e-06,0.0,0.0,0.0
5901,1e-06,0.0,0.0,0.0
5902,1e-06,0.0,0.0,0.0
5903,1e-06,0.0,0.0,0.0
5904,1e-06,0.0,0.0,0.0
5905,1e-06,0.0,0.0,0.0
5906,1e-06,0.0,0.0,0.0
5907,1e-06,0.0,0.0,0.0
5908,1e-06,0.0,0.0,0.0
5909,1e-06,0.0,0.0,0.0
5910,1e-06,0.0,0.0,0.0
5911,1e-06,0.0,0.0,0.0
5912,1e-06,0.0,0.0,0.0
5913,1e-06,0.0,0.0,0.0
5914,1e-06,0.0,0.0,0.0
5915,1e-06,0.0,0.0,0.0
5916,1e-06,0.0,0.0,0.0
5917,1e-06,0.0,0.0,0.0
5918,1e-06,0.0,0.0,0.0
5919,1e-06,0.0,0.0,0.0
5920,1e-06,0.0,0.0,0.0
5921,1e-06,0.0,0.0,0.0
5922,1e-06,0.0,0.0,0.0
5923,1e-06,0.0,0.0,0.0
5924,1e-06,0.0,0.0,0.0
5925,1e-06,0.0,0.0,0.0
5926,1e-06,0.0,0.0,0.0
5927,1e-06,0.0,0.0,0.0
5928,1e-06,0.0,0.0,0.0
5929,1e-06,0.0,0.0,0.0
5930,1e-06,0.0,0.0,0.0
5931,1e-06,0.0,0.0,0.0
5932,1e-06,0.0,0.0,0.0
5933,1e-06,0.0,0.0,0.0
5934,1e-06,0.0,0.0,0.0
5935,1e-06,0.0,0.0,0.0
5936,1e-06,0.0,0.0,0.0
5937,1e-06,0.0,0.0,0.0
5938,1e-06,0.0,0.0,0.0
5939,1e-06,0.0,0.0,0.0
5940,1e-06,0.0,0.0,0.0
5941,1e-06,0.0,0.0,0.0
5942,1e-06,0.0,0.0,0.0
5943,1e-06,0.0,0.0,0.0
5944,1e-06,0.0,0.0,0.0
5945,1e-06,0.0,0.0,0.0
5946,1e-06,0.0,0.0,0.0
5947,1e-06,0.0,0.0,0.0
5948,1e-06,0.0,0.0,0.0
5949,1e-06,0.0,0.0,0.0
5950,1e-06,0.0,0.0,0.0
5951,1e-06,0.0,0.0,0.0
5952,1e-06,0.0,0.0,0.0
5953,1e-06,0.0,0.0,0.0
5954,1e-06,0.0,0.0,0.0
5955,1e-06,0.0,0.0,0.0
5956,1e-06,0.0,0.0,0.0
5957,1e-06,0.0,0.0,0.0
5958,1e-06,0.0,0.0,0.0
5959,1e-06,0.0,0.0,0.0
5960,1e-06,0.0,0.0,0.0
5961,1e-06,0.0,0.0,0.0
5962,1e-06,0.0,0.0,0.0
5963,1e-06,0.0,0.0,0.0
5964,1e-06,0.0,0.0,0.0
5965,1e-06,0.0,0.0,0.0
5966,1e-06,0.0,0.0,0.0
5967,1e-06,0.0,0.0,0.0
5968,1e-06,0.0,0.0,0.0
5969,1e-06,0.0,0.0,0.0
5970,1e-06,0.0,0.0,0.0
5971,1e-06,0.0,0.0,0.0
5972,1e-06,0.0,0.0,0.0
5973,1e-06,0.0,0.0,0.0
5974,1e-06,0.0,0.0,0.0
5975,1e-06,0.0,0.0,0.0
5976,1e-06,0.0,0.0,0.0
5977,1e-06,0.0,0.0,0.0
5978,1e-06,0.0,0.0,0.0
5979,1e-06,0.0,0.0,0.0
5980,1e-06,0.0,0.0,0.0
5981,1e-06,0.0,0.0,0.0
5982,1e-06,0.0,0.0,0.0
5983,1e-06,0.0,0.0,0.0
5984,1e-06,0.0,0.0,0.0
5985,1e-06,0.0,0.0,0.0
5986,1e-06,0.0,0.0,0.0
5987,1e-06,0.0,0.0,0.0
5988,1e-06,0.0,0.0,0.0
5989,1e-06,0.0,0.0,0.0
5990,1e-06,0.0,0.0,0.0
5991,1e-06,0.0,0.0,0.0
5992,1e-06,0.0,0.0,0.0
5993,1e-06,0.0,0.0,0.0
5994,1e-06,0.0,0.0,0.0
5995,1e-06,0.0,0.0,0.0
5996,1e-06,0.0,0.0,0.0
5997,1e-06,0.0,0.0,0.0
5998,1e-06,0.0,0.0,0.0
5999,1e-06,0.0,0.0,0.0
6000,1e-06,0.0,0.0,0.0
6001,1e-06,0.0,0.0,0.0
6002,1e-06,0.0,0.0,0.0
6003,1e-06,0.0,0.0,0.0
6004,1e-06,0.0,0.0,0.0
6005,1e-06,0.0,0.0,0.0
6006,1e-06,0.0,0.0,0.0
6007,1e-06,0.0,0.0,0.0
6008,1e-06,0.0,0.0,0.0
6009,1e-06,0.0,0.0,0.0
6010,1e-06,0.0,0.0,0.0
6011,1e-06,0.0,0.0,0.0
6012,1e-06,0.0,0.0,0.0
6013,1e-06,0.0,0.0,0.0
6014,1e-06,0.0,0.0,0.0
6015,1e-06,0.0,0.0,0.0
6016,1e-06,0.0,0.0,0.0
6017,1e-06,0.0,0.0,0.0
6018,1e-06,0.0,0.0,0.0
6019,1e-06,0.0,0.0,0.0
6020,1e-06,0.0,0.0,0.0
6021,1e-06,0.0,0.0,0.0
6022,1e-06,0.0,0.0,0.0
6023,1e-06,0.0,0.0,0.0
6024,1e-06,0.0,0.0,0.0
6025,1e-06,0.0,0.0,0.0
6026,1e-06,0.0,0.0,0.0
6027,1e-06,0.0,0.0,0.0
6028,1e-06,0.0,0.0,0.0
6029,1e-06,0.0,0.0,0.0
6030,1e-06,0.0,0.0,0.0
6031,1e-06,0.0,0.0,0.0
6032,1e-06,0.0,0.0,0.0
6033,1e-06,0.0,0.0,0.0
6034,1e-06,0.0,0.0,0.0
6035,1e-06,0.0,0.0,0.0
6036,1e-06,0.0,0.0,0.0
6037,1e-06,0.0,0.0,0.0
6038,1e-06,0.0,0.0,0.0
6039,1e-06,0.0,0.0,0.0
6040,1e-06,0.0,0.0,0.0
6041,1e-06,0.0,0.0,0.0
6042,1e-06,0.0,0.0,0.0
6043,1e-06,0.0,0.0,0.0
6044,1e-06,0.0,0.0,0.0
6045,1e-06,0.0,0.0,0.0
6046,1e-06,0.0,0.0,0.0
6047,1e-06,0.0,0.0,0.0
6048,1e-06,0.0,0.0,0.0
6049,1e-06,0.0,0.0,0.0
6050,1e-06,0.0,0.0,0.0
6051,1e-06,0.0,0.0,0.0
6052,1e-06,0.0,0.0,0.0
6053,1e-06,0.0,0.0,0.0
6054,1e-06,0.0,0.0,0.0
6055,1e-06,0.0,0.0,0.0
6056,1e-06,0.0,0.0,0.0
6057,1e-06,0.0,0.0,0.0
6058,1e-06,0.0,0.0,0.0
6059,1e-06,0.0,0.0,0.0
6060,1e-06,0.0,0.0,0.0
6061,1e-06,0.0,0.0,0.0
6062,1e-06,0.0,0.0,0.0
6063,1e-06,0.0,0.0,0.0
6064,1e-06,0.0,0.0,0.0
6065,1e-06,0.0,0.0,0.0
6066,1e-06,0.0,0.0,0.0
6067,1e-06,0.0,0.0,0.0
6068,1e-06,0.0,0.0,0.0
6069,1e-06,0.0,0.0,0.0
6070,1e-06,0.0,0.0,0.0
6071,1e-06,0.0,0.0,0.0
6072,1e-06,0.0,0.0,0.0
6073,1e-06,0.0,0.0,0.0
6074,1e-06,0.0,0.0,0.0
6075,1e-06,0.0,0.0,0.0
6076,1e-06,0.0,0.0,0.0
6077,1e-06,0.0,0.0,0.0
6078,1e-06,0.0,0.0,0.0
6079,1e-06,0.0,0.0,0.0
6080,1e-06,0.0,0.0,0.0
6081,1e-06,0.0,0.0,0.0
6082,1e-06,0.0,0.0,0.0
6083,1e-06,0.0,0.0,0.0
6084,1e-06,0.0,0.0,0.0
6085,1e-06,0.0,0.0,0.0
6086,1e-06,0.0,0.0,0.0
6087,1e-06,0.0,0.0,0.0
6088,1e-06,0.0,0.0,0.0
6089,1e-06,0.0,0.0,0.0
6090,1e-06,0.0,0.0,0.0
6091,1e-06,0.0,0.0,0.0
6092,1e-06,0.0,0.0,0.0
6093,1e-06,0.0,0.0,0.0
6094,1e-06,0.0,0.0,0.0
6095,1e-06,0.0,0.0,0.0
6096,1e-06,0.0,0.0,0.0
6097,1e-06,0.0,0.0,0.0
6098,1e-06,0.0,0.0,0.0
6099,1e-06,0.0,0.0,0.0
6100,1e-06,0.0,0.0,0.0
6101,1e-06,0.0,0.0,0.0
6102,1e-06,0.0,0.0,0.0
6103,1e-06,0.0,0.0,0.0
6104,1e-06,0.0,0.0,0.0
6105,1e-06,0.0,0.0,0.0
6106,1e-06,0.0,0.0,0.0
6107,1e-06,0.0,0.0,0.0
6108,1e-06,0.0,0.0,0.0
6109,1e-06,0.0,0.0,0.0
6110,1e-06,0.0,0.0,0.0
6111,1e-06,0.0,0.0,0.0
6112,1e-06,0.0,0.0,0.0
6113,1e-06,0.0,0.0,0.0
6114,1e-06,0.0,0.0,0.0
6115,1e-06,0.0,0.0,0.0
6116,1e-06,0.0,0.0,0.0
6117,1e-06,0.0,0.0,0.0
6118,1e-06,0.0,0.0,0.0
6119,1e-06,0.0,0.0,0.0
6120,1e-06,0.0,0.0,0.0
6121,1e-06,0.0,0.0,0.0
6122,1e-06,0.0,0.0,0.0
6123,1e-06,0.0,0.0,0.0
6124,1e-06,0.0,0.0,0.0
6125,1e-06,0.0,0.0,0.0
6126,1e-06,0.0,0.0,0.0
6127,1e-06,0.0,0.0,0.0
6128,1e-06,0.0,0.0,0.0
6129,1e-06,0.0,0.0,0.0
6130,1e-06,0.0,0.0,0.0
6131,1e-06,0.0,0.0,0.0
6132,1e-06,0.0,0.0,0.0
6133,1e-06,0.0,0.0,0.0
6134,1e-06,0.0,0.0,0.0
6135,1e-06,0.0,0.0,0.0
6136,1e-06,0.0,0.0,0.0
6137,1e-06,0.0,0.0,0.0
6138,1e-06,0.0,0.0,0.0
6139,1e-06,0.0,0.0,0.0
6140,1e-06,0.0,0.0,0.0
6141,1e-06,0.0,0.0,0.0
6142,1e-06,0.0,0.0,0.0
6143,1e-06,0.0,0.0,0.0
6144,1e-06,0.0,0.0,0.0
6145,1e-06,0.0,0.0,0.0
6146,1e-06,0.0,0.0,0.0
6147,1e-06,0.0,0.0,0.0
6148,1e-06,0.0,0.0,0.0
6149,1e-06,0.0,0.0,0.0
6150,1e-06,0.0,0.0,0.0
6151,1e-06,0.0,0.0,0.0
6152,1e-06,0.0,0.0,0.0
6153,1e-06,0.0,0.0,0.0
6154,1e-06,0.0,0.0,0.0
6155,1e-06,0.0,0.0,0.0
6156,1e-06,0.0,0.0,0.0
6157,1e-06,0.0,0.0,0.0
6158,1e-06,0.0,0.0,0.0
6159,1e-06,0.0,0.0,0.0
6160,1e-06,0.0,0.0,0.0
6161,1e-06,0.0,0.0,0.0
6162,1e-06,0.0,0.0,0.0
6163,1e-06,0.0,0.0,0.0
6164,1e-06,0.0,0.0,0.0
6165,1e-06,0.0,0.0,0.0
6166,1e-06,0.0,0.0,0.0
6167,1e-06,0.0,0.0,0.0
6168,1e-06,0.0,0.0,0.0
6169,1e-06,0.0,0.0,0.0
6170,1e-06,0.0,0.0,0.0
6171,1e-06,0.0,0.0,0.0
6172,1e-06,0.0,0.0,0.0
6173,1e-06,0.0,0.0,0.0
6174,1e-06,0.0,0.0,0.0
6175,1e-06,0.0,0.0,0.0
6176,1e-06,0.0,0.0,0.0
6177,1e-06,0.0,0.0,0.0
6178,1e-06,0.0,0.0,0.0
6179,1e-06,0.0,0.0,0.0
6180,1e-06,0.0,0.0,0.0
6181,1e-06,0.0,0.0,0.0
6182,1e-06,0.0,0.0,0.0
6183,1e-06,0.0,0.0,0.0
6184,1e-06,0.0,0.0,0.0
6185,1e-06,0.0,0.0,0.0
6186,1e-06,0.0,0.0,0.0
6187,1e-06,0.0,0.0,0.0
6188,1e-06,0.0,0.0,0.0
6189,1e-06,0.0,0.0,0.0
6190,1e-06,0.0,0.0,0.0
6191,1e-06,0.0,0.0,0.0
6192,1e-06,0.0,0.0,0.0
6193,1e-06,0.0,0.0,0.0
6194,1e-06,0.0,0.0,0.0
6195,1e-06,0.0,0.0,0.0
6196,1e-06,0.0,0.0,0.0
6197,1e-06,0.0,0.0,0.0
6198,1e-06,0.0,0.0,0.0
6199,1e-06,0.0,0.0,0.0
6200,1e-06,0.0,0.0,0.0
6201,1e-06,0.0,0.0,0.0
6202,1e-06,0.0,0.0,0.0
6203,1e-06,0.0,0.0,0.0
6204,1e-06,0.0,0.0,0.0
6205,1e-06,0.0,0.0,0.0
6206,1e-06,0.0,0.0,0.0
6207,1e-06,0.0,0.0,0.0
6208,1e-06,0.0,0.0,0.0
6209,1e-06,0.0,0.0,0.0
6210,1e-06,0.0,0.0,0.0
6211,1e-06,0.0,0.0,0.0
6212,1e-06,0.0,0.0,0.0
6213,1e-06,0.0,0.0,0.0
6214,1e-06,0.0,0.0,0.0
6215,1e-06,0.0,0.0,0.0
6216,1e-06,0.0,0.0,0.0
6217,1e-06,0.0,0.0,0.0
6218,1e-06,0.0,0.0,0.0
6219,1e-06,0.0,0.0,0.0
6220,1e-06,0.0,0.0,0.0
6221,1e-06,0.0,0.0,0.0
6222,1e-06,0.0,0.0,0.0
6223,1e-06,0.0,0.0,0.0
6224,1e-06,0.0,0.0,0.0
6225,1e-06,0.0,0.0,0.0
6226,1e-06,0.0,0.0,0.0
6227,1e-06,0.0,0.0,0.0
6228,1e-06,0.0,0.0,0.0
6229,1e-06,0.0,0.0,0.0
6230,1e-06,0.0,0.0,0.0
6231,1e-06,0.0,0.0,0.0
6232,1e-06,0.0,0.0,0.0
6233,1e-06,0.0,0.0,0.0
6234,1e-06,0.0,0.0,0.0
6235,1e-06,0.0,0.0,0.0
6236,1e-06,0.0,0.0,0.0
6237,1e-06,0.0,0.0,0.0
6238,1e-06,0.0,0.0,0.0
6239,1e-06,0.0,0.0,0.0
6240,1e-06,0.0,0.0,0.0
6241,1e-06,0.0,0.0,0.0
6242,1e-06,0.0,0.0,0.0
6243,1e-06,0.0,0.0,0.0
6244,1e-06,0.0,0.0,0.0
6245,1e-06,0.0,0.0,0.0
6246,1e-06,0.0,0.0,0.0
6247,1e-06,0.0,0.0,0.0
6248,1e-06,0.0,0.0,0.0
6249,1e-06,0.0,0.0,0.0
6250,1e-06,0.0,0.0,0.0
6251,1e-06,0.0,0.0,0.0
6252,1e-06,0.0,0.0,0.0
6253,1e-06,0.0,0.0,0.0
6254,1e-06,0.0,0.0,0.0
6255,1e-06,0.0,0.0,0.0
6256,1e-06,0.0,0.0,0.0
6257,1e-06,0.0,0.0,0.0
6258,1e-06,0.0,0.0,0.0
6259,1e-06,0.0,0.0,0.0
6260,1e-06,0.0,0.0,0.0
6261,1e-06,0.0,0.0,0.0
6262,1e-06,0.0,0.0,0.0
6263,1e-06,0.0,0.0,0.0
6264,1e-06,0.0,0.0,0.0
6265,1e-06,0.0,0.0,0.0
6266,1e-06,0.0,0.0,0.0
6267,1e-06,0.0,0.0,0.0
6268,1e-06,0.0,0.0,0.0
6269,1e-06,0.0,0.0,0.0
6270,1e-06,0.0,0.0,0.0
6271,1e-06,0.0,0.0,0.0
6272,1e-06,0.0,0.0,0.0
6273,1e-06,0.0,0.0,0.0
6274,1e-06,0.0,0.0,0.0
6275,1e-06,0.0,0.0,0.0
6276,1e-06,0.0,0.0,0.0
6277,1e-06,0.0,0.0,0.0
6278,1e-06,0.0,0.0,0.0
6279,1e-06,0.0,0.0,0.0
6280,1e-06,0.0,0.0,0.0
6281,1e-06,0.0,0.0,0.0
6282,1e-06,0.0,0.0,0.0
6283,1e-06,0.0,0.0,0.0
6284,1e-06,0.0,0.0,0.0
6285,1e-06,0.0,0.0,0.0
6286,1e-06,0.0,0.0,0.0
6287,1e-06,0.0,0.0,0.0
6288,1e-06,0.0,0.0,0.0
6289,1e-06,0.0,0.0,0.0
6290,1e-06,0.0,0.0,0.0
6291,1e-06,0.0,0.0,0.0
6292,1e-06,0.0,0.0,0.0
6293,1e-06,0.0,0.0,0.0
6294,1e-06,0.0,0.0,0.0
6295,1e-06,0.0,0.0,0.0
6296,1e-06,0.0,0.0,0.0
6297,1e-06,0.0,0.0,0.0
6298,1e-06,0.0,0.0,0.0
6299,1e-06,0.0,0.0,0.0
6300,1e-06,0.0,0.0,0.0
6301,1e-06,0.0,0.0,0.0
6302,1e-06,0.0,0.0,0.0
6303,1e-06,0.0,0.0,0.0
6304,1e-06,0.0,0.0,0.0
6305,1e-06,0.0,0.0,0.0
6306,1e-06,0.0,0.0,0.0
6307,1e-06,0.0,0.0,0.0
6308,1e-06,0.0,0.0,0.0
6309,1e-06,0.0,0.0,0.0
6310,1e-06,0.0,0.0,0.0
6311,1e-06,0.0,0.0,0.0
6312,1e-06,0.0,0.0,0.0
6313,1e-06,0.0,0.0,0.0
6314,1e-06,0.0,0.0,0.0
6315,1e-06,0.0,0.0,0.0
6316,1e-06,0.0,0.0,0.0
6317,1e-06,0.0,0.0,0.0
6318,1e-06,0.0,0.0,0.0
6319,1e-06,0.0,0.0,0.0
6320,1e-06,0.0,0.0,0.0
6321,1e-06,0.0,0.0,0.0
6322,1e-06,0.0,0.0,0.0
6323,1e-06,0.0,0.0,0.0
6324,1e-06,0.0,0.0,0.0
6325,1e-06,0.0,0.0,0.0
6326,1e-06,0.0,0.0,0.0
6327,1e-06,0.0,0.0,0.0
6328,1e-06,0.0,0.0,0.0
6329,1e-06,0.0,0.0,0.0
6330,1e-06,0.0,0.0,0.0
6331,1e-06,0.0,0.0,0.0
6332,1e-06,0.0,0.0,0.0
6333,1e-06,0.0,0.0,0.0
6334,1e-06,0.0,0.0,0.0
6335,1e-06,0.0,0.0,0.0
6336,1e-06,0.0,0.0,0.0
6337,1e-06,0.0,0.0,0.0
6338,1e-06,0.0,0.0,0.0
6339,1e-06,0.0,0.0,0.0
6340,1e-06,0.0,0.0,0.0
6341,1e-06,0.0,0.0,0.0
6342,1e-06,0.0,0.0,0.0
6343,1e-06,0.0,0.0,0.0
6344,1e-06,0.0,0.0,0.0
6345,1e-06,0.0,0.0,0.0
6346,1e-06,0.0,0.0,0.0
6347,1e-06,0.0,0.0,0.0
6348,1e-06,0.0,0.0,0.0
6349,1e-06,0.0,0.0,0.0
6350,1e-06,0.0,0.0,0.0
6351,1e-06,0.0,0.0,0.0
6352,1e-06,0.0,0.0,0.0
6353,1e-06,0.0,0.0,0.0
6354,1e-06,0.0,0.0,0.0
6355,1e-06,0.0,0.0,0.0
6356,1e-06,0.0,0.0,0.0
6357,1e-06,0.0,0.0,0.0
6358,1e-06,0.0,0.0,0.0
