node_id,a_i,l_i,a_h
0,19287.0,115.8,19287.0
1,125719.0,355.3,85003.0
2,194292.0,30.9,2143.0
3,225721.0,30.9,1429.0
4,285006.0,69.5,5714.0
5,356432.0,193.0,45713.0
6,21429.0,107.9,21429.0
7,66431.0,324.3,66431.0
8,43573.0,177.6,43573.0
9,46429.0,316.9,46429.0
10,17143.0,107.9,17143.0
11,42858.0,169.8,42858.0
12,87859.0,208.6,27143.0
13,197858.0,77.2,15714.0
14,255713.0,185.3,30713.0
15,30000.0,254.7,30000.0
16,53571.0,308.5,53571.0
17,22857.0,115.5,22857.0
18,86429.0,177.5,20714.0
19,189999.0,255.0,57141.0
20,213569.0,61.8,4285.0
21,317850.0,154.6,27855.0
22,57142.0,378.5,57142.0
23,94285.0,385.4,94285.0
24,25000.0,170.0,25000.0
25,43570.0,347.4,43570.0
26,25714.0,169.6,25714.0
27,27142.0,231.3,27142.0
28,27856.0,216.2,27856.0
29,18571.0,107.9,18571.0
30,76425.0,393.3,76425.0
31,18571.0,154.4,18571.0
32,67854.0,332.2,67854.0
33,25713.0,146.7,25713.0
34,57141.0,115.8,13571.0
35,119997.0,69.5,5714.0
36,162852.0,177.6,14999.0
37,649287.0,216.5,37141.0
38,710711.0,139.0,14999.0
39,41426.0,208.6,41426.0
40,22142.0,170.0,22142.0
41,19285.0,138.9,19285.0
42,17856.0,107.9,17856.0
43,74281.0,447.7,74281.0
44,21428.0,108.1,21428.0
45,27141.0,216.2,27141.0
46,38569.0,262.5,38569.0
47,22856.0,246.8,22856.0
48,105709.0,316.4,69282.0
49,37855.0,231.3,37855.0
50,14285.0,100.3,14285.0
51,94994.0,84.8,10714.0
52,142849.0,192.7,22142.0
53,169276.0,46.2,3571.0
54,223559.0,84.8,10714.0
55,257129.0,115.8,11428.0
56,24284.0,293.4,24284.0
57,162128.0,764.5,126416.0
58,23570.0,107.9,23570.0
59,23570.0,92.4,23570.0
60,102136.0,223.7,37140.0
61,183558.0,200.3,54281.0
62,304262.0,308.2,82136.0
63,19284.0,231.6,19284.0
64,28569.0,100.3,28569.0
65,46425.0,115.8,46425.0
66,22855.0,146.5,22855.0
67,18570.0,146.7,18570.0
68,117132.0,679.4,117132.0
69,34283.0,162.3,34283.0
70,97852.0,38.6,1428.0
71,157132.0,169.6,30711.0
72,222126.0,154.1,46424.0
73,264979.0,131.0,28569.0
74,432123.0,139.0,12142.0
75,550685.0,216.2,44281.0
76,902072.0,138.9,27853.0
77,933497.0,108.1,7856.0
78,987061.0,38.6,17854.0
79,1171328.0,185.1,22139.0
80,1213464.0,146.5,19997.0
81,1244888.0,92.4,17140.0
82,1333444.0,123.4,35709.0
83,1561989.0,208.2,42136.0
84,1655544.0,223.7,57847.0
85,2014780.0,177.6,34993.0
86,2217593.0,138.9,22852.0
87,2376126.0,339.4,81410.0
88,2493953.0,347.3,54986.0
89,647824.0,115.8,25712.0
90,712104.0,115.8,20712.0
91,759242.0,254.8,29282.0
92,437110.0,331.6,66422.0
93,47853.0,231.3,47853.0
94,1212099.0,332.0,64279.0
95,1362793.0,115.8,25711.0
96,2389139.0,363.2,69988.0
97,2559109.0,61.8,7856.0
98,2629096.0,100.4,7855.0
99,2713363.0,262.5,43561.0
100,33568.0,185.3,33568.0
101,17855.0,154.4,17855.0
102,28569.0,146.5,28569.0
103,33568.0,146.7,33568.0
104,19998.0,139.0,19998.0
105,27854.0,262.5,27854.0
106,49281.0,224.1,49281.0
107,29283.0,254.8,29283.0
108,23569.0,362.8,23569.0
109,117846.0,262.5,35711.0
110,52137.0,247.1,52137.0
111,23569.0,208.6,23569.0
112,37139.0,200.9,37139.0
113,49994.0,347.1,49994.0
114,14284.0,146.7,14284.0
115,69277.0,378.3,69277.0
116,22140.0,193.0,22140.0
117,19998.0,170.0,19998.0
118,99989.0,370.4,99989.0
119,124271.0,409.0,72134.0
120,262821.0,200.6,44278.0
121,391372.0,262.5,84271.0
122,442076.0,100.4,12140.0
123,504205.0,316.7,47132.0
124,18569.0,92.4,18569.0
125,57852.0,77.2,4285.0
126,154982.0,339.2,64992.0
127,202834.0,92.4,18569.0
128,261398.0,185.1,34995.0
129,307822.0,46.2,18569.0
130,61421.0,432.7,61421.0
131,38567.0,223.9,38567.0
132,57136.0,293.0,57136.0
133,22140.0,185.1,22140.0
134,46423.0,239.1,46423.0
135,20712.0,100.4,20712.0
136,126410.0,641.2,126410.0
137,12141.0,115.8,12141.0
138,32139.0,138.6,32139.0
139,71419.0,401.4,71419.0
140,35710.0,200.6,35710.0
141,73564.0,38.6,2143.0
142,154982.0,208.6,34995.0
143,195690.0,69.5,7142.0
144,273534.0,262.7,42850.0
145,17855.0,69.3,17855.0
146,74276.0,231.6,35709.0
147,197117.0,285.4,46422.0
148,45708.0,192.7,45708.0
149,35710.0,177.6,35710.0
150,96418.0,38.6,2143.0
151,126414.0,38.6,2143.0
152,170694.0,69.5,5713.0
153,252110.0,239.2,42850.0
154,324243.0,108.1,10712.0
155,36424.0,193.2,36424.0
156,339245.0,92.4,16426.0
157,379954.0,69.3,18569.0
158,434232.0,185.1,34281.0
159,553504.0,139.0,19283.0
160,671343.0,193.0,31423.0
161,814889.0,115.8,27852.0
162,849167.0,146.7,9998.0
163,872020.0,38.6,2142.0
164,977000.0,193.0,24280.0
165,86416.0,401.1,86416.0
166,18569.0,131.4,18569.0
167,69278.0,61.8,4999.0
168,114272.0,108.1,9284.0
169,134268.0,485.3,134268.0
170,44280.0,278.1,44280.0
171,94271.0,439.4,94271.0
172,27853.0,215.8,27853.0
173,17141.0,193.0,17141.0
174,81417.0,301.3,81417.0
175,124983.0,285.1,55707.0
176,34995.0,169.8,34995.0
177,35709.0,247.1,35709.0
178,51421.0,285.1,51421.0
179,108556.0,123.4,29282.0
180,174976.0,123.4,16426.0
181,204972.0,23.1,2857.0
182,31424.0,146.5,31424.0
183,33567.0,200.6,33567.0
184,42851.0,362.7,42851.0
185,57849.0,316.7,57849.0
186,57849.0,300.6,57849.0
187,35709.0,208.2,35709.0
188,16426.0,154.4,16426.0
189,15712.0,185.3,15712.0
190,37137.0,424.5,37137.0
191,54277.0,362.7,54277.0
192,22854.0,200.9,22854.0
193,156406.0,293.0,49278.0
194,219253.0,208.2,27852.0
195,272816.0,84.8,17854.0
196,419936.0,216.1,65703.0
197,468497.0,77.2,10712.0
198,539912.0,115.8,20710.0
199,632748.0,185.1,50702.0
200,70704.0,185.3,20711.0
201,70703.0,363.2,70703.0
202,23568.0,108.1,23568.0
203,59991.0,278.1,59991.0
204,134264.0,432.7,134264.0
205,79987.0,439.7,79987.0
206,27139.0,185.3,27139.0
207,17140.0,200.6,17140.0
208,199261.0,69.5,10713.0
209,231398.0,139.0,15712.0
210,293531.0,92.8,6427.0
211,358519.0,200.9,30708.0
212,402796.0,38.6,2142.0
213,482066.0,115.8,7855.0
214,55705.0,324.0,55705.0
215,32138.0,177.6,32138.0
216,38565.0,215.8,38565.0
217,72845.0,432.4,72845.0
218,27853.0,100.4,27853.0
219,144979.0,154.4,33566.0
220,185686.0,100.4,17854.0
221,243532.0,100.3,9284.0
222,304235.0,185.1,47134.0
223,397785.0,107.9,20710.0
224,433490.0,23.1,1428.0
225,473482.0,154.1,24995.0
226,499190.0,46.2,4285.0
227,25710.0,170.0,25710.0
228,27853.0,154.4,27853.0
229,22139.0,208.5,22139.0
230,162114.0,709.0,162114.0
231,24996.0,170.0,24996.0
232,36423.0,223.9,36423.0
233,34994.0,107.9,34994.0
234,16426.0,100.3,16426.0
235,42850.0,162.0,42850.0
236,39279.0,332.0,39279.0
237,27852.0,177.6,27852.0
238,14283.0,139.0,14283.0
239,23567.0,177.6,23567.0
240,126409.0,177.6,33566.0
241,22139.0,146.5,22139.0
242,30709.0,115.8,30709.0
243,12141.0,115.8,12141.0
244,15712.0,92.4,15712.0
245,41422.0,100.3,8570.0
246,142835.0,270.2,30709.0
247,442792.0,169.8,26423.0
248,18568.0,177.6,18568.0
249,83556.0,370.1,83556.0
250,42850.0,231.3,42850.0
251,115694.0,531.8,115694.0
252,105697.0,224.1,30709.0
253,20711.0,108.1,20711.0
254,14997.0,115.8,14997.0
255,89268.0,602.5,89268.0
256,69273.0,455.4,69273.0
257,57133.0,185.3,18568.0
258,18568.0,146.5,18568.0
259,33565.0,154.1,33565.0
260,22139.0,162.3,22139.0
261,47134.0,308.5,47134.0
262,117839.0,61.8,5713.0
263,64275.0,69.5,8570.0
264,155689.0,69.5,11427.0
265,197109.0,131.4,15711.0
266,67844.0,332.1,67844.0
267,50705.0,231.5,50705.0
268,12855.0,84.8,12855.0
269,80700.0,285.7,46420.0
270,14283.0,100.3,14283.0
271,62131.0,277.5,62131.0
272,154973.0,308.4,61417.0
273,58560.0,409.0,58560.0
274,105694.0,84.8,21424.0
275,27852.0,216.2,27852.0
276,32851.0,239.2,32851.0
277,47134.0,38.6,2857.0
278,16425.0,123.4,16425.0
279,25710.0,154.3,25710.0
280,62132.0,115.8,7141.0
281,57132.0,347.6,57132.0
282,34279.0,131.0,34279.0
283,102835.0,656.2,102835.0
284,56418.0,177.6,20710.0
285,119263.0,77.2,4285.0
286,160682.0,108.1,14997.0
287,197816.0,115.8,11426.0
288,62847.0,69.5,2142.0
289,154258.0,84.8,7855.0
290,199964.0,108.1,6427.0
291,41420.0,223.4,41420.0
292,271380.0,193.0,39278.0
293,309230.0,77.2,9998.0
294,347080.0,69.5,3571.0
295,437773.0,185.3,52131.0
296,617011.0,300.8,81407.0
297,34279.0,247.1,34279.0
298,178542.0,123.7,13569.0
299,230674.0,185.3,19282.0
300,320654.0,77.2,25709.0
301,392065.0,262.5,44989.0
302,83554.0,517.3,83554.0
303,17140.0,107.9,17140.0
304,42135.0,223.9,9284.0
305,71414.0,408.7,71414.0
306,58560.0,254.7,58560.0
307,52847.0,339.9,52847.0
308,35708.0,285.6,35708.0
309,80699.0,300.5,80699.0
310,48562.0,215.8,48562.0
311,37849.0,332.2,37849.0
312,37850.0,216.2,37850.0
313,19996.0,123.4,19996.0
314,28566.0,185.3,28566.0
315,89270.0,38.6,1428.0
316,220679.0,139.0,4999.0
317,38564.0,177.5,38564.0
318,99264.0,548.5,99264.0
319,23567.0,239.2,23567.0
320,31422.0,123.4,31422.0
321,32850.0,216.1,32850.0
322,14997.0,100.4,14997.0
323,76412.0,432.7,76412.0
324,119979.0,30.9,714.0
325,180681.0,278.1,40706.0
326,299224.0,324.2,64270.0
327,40706.0,277.8,40706.0
328,24995.0,139.0,24995.0
329,44277.0,200.6,44277.0
330,13569.0,100.3,13569.0
331,29994.0,154.6,29994.0
332,37849.0,215.8,37849.0
333,54274.0,324.2,54274.0
334,24281.0,246.8,24281.0
335,45704.0,332.0,45704.0
336,277808.0,139.0,17139.0
337,384214.0,223.7,30707.0
338,405638.0,38.6,7855.0
339,652727.0,386.2,49273.0
340,784831.0,231.6,90688.0
341,1181867.0,216.2,28562.0
342,52132.0,293.5,52132.0
343,218530.0,115.8,44991.0
344,285658.0,247.1,43561.0
345,177827.0,61.8,12140.0
346,29993.0,231.3,29993.0
347,12140.0,108.1,12140.0
348,48561.0,301.3,48561.0
349,39991.0,332.1,39991.0
350,20710.0,84.8,20710.0
351,20710.0,169.6,20710.0
352,19996.0,84.8,19996.0
353,29994.0,108.1,29994.0
354,47132.0,255.0,47132.0
355,16425.0,123.4,16425.0
356,87837.0,432.4,87837.0
357,14997.0,84.8,14997.0
358,111402.0,563.8,111402.0
359,389217.0,139.0,11426.0
360,431350.0,131.4,21423.0
361,554179.0,92.8,22851.0
362,632015.0,139.0,34276.0
363,691283.0,208.4,24993.0
364,23566.0,193.0,23566.0
365,64271.0,277.4,64271.0
366,746288.0,169.6,49988.0
367,821985.0,185.1,45703.0
368,871974.0,100.3,12140.0
369,1046221.0,123.7,21423.0
370,1147622.0,193.0,29992.0
371,1203321.0,193.0,21422.0
372,28565.0,146.7,28565.0
373,20710.0,115.8,20710.0
374,68556.0,292.9,68556.0
375,173533.0,323.6,110689.0
376,316358.0,393.2,112831.0
377,95694.0,185.3,26423.0
378,152824.0,216.2,34992.0
379,56417.0,69.5,6427.0
380,37135.0,285.3,37135.0
381,13568.0,139.0,13568.0
382,26423.0,177.2,26423.0
383,36420.0,207.9,36420.0
384,82124.0,38.6,4285.0
385,132827.0,246.8,29994.0
386,42133.0,193.2,42133.0
387,165674.0,485.6,165674.0
388,33564.0,262.3,33564.0
389,42133.0,300.8,42133.0
390,17139.0,107.9,17139.0
391,24280.0,100.3,24280.0
392,38562.0,238.9,38562.0
393,749864.0,246.8,60699.0
394,832702.0,146.5,34277.0
395,950531.0,208.2,41418.0
396,1039793.0,316.0,65696.0
397,49988.0,215.8,49988.0
398,66413.0,339.4,66413.0
399,68556.0,193.0,68556.0
400,39990.0,247.1,39990.0
401,72840.0,393.2,72840.0
402,25708.0,154.1,25708.0
403,142824.0,292.9,47846.0
404,251368.0,377.7,84264.0
405,39276.0,254.7,39276.0
406,99977.0,115.8,7855.0
407,37134.0,200.6,37134.0
408,34277.0,208.5,34277.0
409,21423.0,208.4,21423.0
410,122829.0,170.0,20709.0
411,154250.0,69.5,4999.0
412,230658.0,285.7,40703.0
413,368474.0,115.8,11425.0
414,468466.0,247.0,56414.0
415,732687.0,139.0,18566.0
416,921205.0,100.4,17138.0
417,966192.0,139.0,17852.0
418,1013320.0,185.3,27134.0
419,1187554.0,69.5,7141.0
420,29993.0,223.9,29993.0
421,29279.0,84.8,29279.0
422,26422.0,208.2,26422.0
423,26422.0,154.4,26422.0
424,41418.0,216.1,41418.0
425,17139.0,100.3,17139.0
426,57128.0,293.4,57128.0
427,79982.0,69.5,3571.0
428,149250.0,185.3,32135.0
429,203521.0,30.9,714.0
430,247080.0,177.6,28563.0
431,318488.0,162.3,37846.0
432,360617.0,108.1,3570.0
433,24994.0,262.5,24994.0
434,81406.0,77.2,11426.0
435,559163.0,115.8,22137.0
436,672704.0,293.2,74265.0
437,34277.0,393.8,34277.0
438,245655.0,200.6,37847.0
439,38562.0,208.3,38562.0
440,19281.0,146.7,19281.0
441,89263.0,370.1,89263.0
442,14996.0,138.9,14996.0
443,14282.0,100.4,14282.0
444,53557.0,300.8,53557.0
445,97831.0,69.3,6427.0
446,22137.0,223.9,22137.0
447,35705.0,277.8,35705.0
448,45702.0,246.8,45702.0
449,109260.0,131.4,23565.0
450,185668.0,208.5,30706.0
451,12140.0,108.1,12140.0
452,26422.0,170.0,26422.0
453,75695.0,370.1,75695.0
454,51415.0,277.4,51415.0
455,34277.0,277.9,34277.0
456,60698.0,378.5,60698.0
457,23566.0,100.4,23566.0
458,14282.0,115.8,14282.0
459,45702.0,270.4,45702.0
460,77124.0,393.7,77124.0
461,126393.0,594.1,126393.0
462,61412.0,362.9,61412.0
463,43560.0,254.3,43560.0
464,21423.0,131.4,21423.0
465,36419.0,224.0,36419.0
466,32134.0,239.3,32134.0
467,62841.0,362.2,62841.0
468,27136.0,177.5,27136.0
469,22851.0,123.7,22851.0
470,26421.0,200.6,26421.0
471,171380.0,732.0,171380.0
472,65697.0,224.1,65697.0
473,65698.0,154.4,10711.0
474,138536.0,146.7,15710.0
475,164242.0,339.9,74265.0
476,14996.0,177.5,14996.0
477,148531.0,532.1,148531.0
478,34990.0,247.1,34990.0
479,71409.0,462.5,71409.0
480,37133.0,309.0,37133.0
481,37132.0,115.8,37132.0
482,45702.0,339.7,45702.0
483,27850.0,146.7,27850.0
484,24993.0,177.6,24993.0
485,16424.0,115.8,16424.0
486,73553.0,131.4,15710.0
487,127109.0,61.7,15710.0
488,158529.0,154.4,8569.0
489,279921.0,332.0,56411.0
490,22851.0,177.6,22851.0
491,57128.0,115.8,14996.0
492,192090.0,169.6,37132.0
493,252072.0,169.6,32133.0
494,31420.0,169.6,31420.0
495,1059776.0,247.1,50700.0
496,1121187.0,69.5,4998.0
497,1162603.0,100.4,14281.0
498,1256145.0,100.4,12139.0
499,1364682.0,138.9,25706.0
500,44274.0,440.0,44274.0
501,112824.0,571.4,112824.0
502,57841.0,293.2,57841.0
503,27849.0,262.4,27849.0
504,79977.0,386.2,79977.0
505,56413.0,293.2,56413.0
506,29992.0,224.1,29992.0
507,37133.0,154.3,37133.0
508,27849.0,185.3,27849.0
509,69266.0,247.1,69266.0
510,79977.0,401.4,79977.0
511,41417.0,208.4,41417.0
512,28564.0,185.3,28564.0
513,147104.0,200.9,36418.0
514,97830.0,369.8,97830.0
515,106399.0,285.7,48557.0
516,258494.0,185.3,16423.0
517,58555.0,224.1,58555.0
518,33562.0,262.4,33562.0
519,37132.0,270.1,37132.0
520,42131.0,254.8,42131.0
521,126391.0,508.9,126391.0
522,53557.0,216.1,9997.0
523,132106.0,38.6,3570.0
524,13568.0,193.0,13568.0
525,86403.0,447.3,86403.0
526,24279.0,138.9,24279.0
527,60698.0,146.7,11425.0
528,117110.0,100.4,9283.0
529,27135.0,246.7,27135.0
530,37847.0,131.0,37847.0
531,64982.0,316.3,64982.0
532,44273.0,239.2,44273.0
533,39989.0,262.5,39989.0
534,24993.0,162.3,24993.0
535,34276.0,262.2,34276.0
536,41417.0,177.5,41417.0
537,99258.0,177.5,18566.0
538,113537.0,432.7,113537.0
539,29991.0,254.7,29991.0
540,27135.0,285.3,27135.0
541,101399.0,393.8,44988.0
542,43559.0,378.5,43559.0
543,25707.0,185.3,25707.0
544,22851.0,185.3,22851.0
545,63555.0,725.5,63555.0
546,34275.0,146.5,34275.0
547,30705.0,239.5,30705.0
548,38560.0,107.9,38560.0
549,18566.0,123.7,18566.0
550,24993.0,131.4,24993.0
551,15710.0,115.8,15710.0
552,22136.0,200.6,22136.0
553,16424.0,123.4,16424.0
554,78548.0,239.2,37846.0
555,47129.0,246.4,47129.0
556,107113.0,38.6,2856.0
557,173522.0,216.1,38560.0
558,222793.0,77.2,18566.0
559,42844.0,339.9,42844.0
560,41416.0,185.1,41416.0
561,51413.0,316.0,51413.0
562,189948.0,61.7,6427.0
563,274208.0,107.9,24992.0
564,330619.0,231.6,31419.0
565,419142.0,131.4,14281.0
566,490550.0,247.1,37132.0
567,676210.0,223.9,34277.0
568,74978.0,440.3,74978.0
569,37846.0,301.1,37846.0
570,66407.0,254.7,66407.0
571,283495.0,115.8,19280.0
572,462728.0,309.0,62123.0
573,167094.0,455.1,81404.0
574,37846.0,192.7,37846.0
575,54983.0,440.1,54983.0
576,129248.0,355.1,59267.0
577,19994.0,100.3,19994.0
578,430596.0,278.1,39988.0
579,693374.0,38.6,4284.0
580,941143.0,223.6,61407.0
581,1031112.0,69.5,4284.0
582,1055389.0,77.2,2142.0
583,1129646.0,208.4,37129.0
584,1294588.0,115.8,5712.0
585,1316722.0,38.6,714.0
586,23564.0,208.5,23564.0
587,13567.0,115.8,13567.0
588,248504.0,38.6,2142.0
589,362753.0,316.3,84259.0
590,501284.0,131.4,9282.0
591,530559.0,61.7,2856.0
592,29990.0,185.1,29990.0
593,24992.0,131.0,24992.0
594,27849.0,185.1,27849.0
595,82831.0,454.9,82831.0
596,59267.0,315.7,59267.0
597,22136.0,107.9,22136.0
598,20708.0,162.1,20708.0
599,452723.0,100.3,17852.0
600,523415.0,269.8,57124.0
601,24278.0,146.7,24278.0
602,128534.0,216.1,21422.0
603,101397.0,316.6,62837.0
604,174943.0,308.8,40700.0
605,104967.0,354.9,54982.0
606,254921.0,77.2,36417.0
607,279198.0,38.6,5712.0
608,346317.0,370.3,42127.0
609,155667.0,308.7,55696.0
610,294202.0,223.6,34989.0
611,38559.0,269.8,38559.0
612,81403.0,400.8,81403.0
613,24278.0,162.0,24278.0
614,43558.0,393.7,43558.0
615,29991.0,192.6,29991.0
616,34275.0,185.1,34275.0
617,19994.0,185.1,19994.0
618,31419.0,332.0,31419.0
619,94971.0,84.8,13567.0
620,188508.0,309.0,64980.0
621,75692.0,594.7,75692.0
622,278476.0,239.2,44272.0
623,511968.0,262.5,38560.0
624,87116.0,185.1,87116.0
625,31418.0,247.1,31418.0
626,17851.0,84.8,17851.0
627,24992.0,169.6,24992.0
628,32847.0,200.2,32847.0
629,155664.0,292.9,53554.0
630,302765.0,162.0,20708.0
631,20708.0,154.4,20708.0
632,17137.0,100.4,17137.0
633,167808.0,154.4,7855.0
634,214937.0,77.2,4284.0
635,135672.0,492.9,135672.0
636,35703.0,231.8,35703.0
637,208497.0,69.5,6426.0
638,403436.0,563.8,101399.0
639,40701.0,270.4,40701.0
640,151382.0,617.7,151382.0
641,102822.0,193.2,34275.0
642,170659.0,162.3,43558.0
643,251351.0,362.9,58556.0
644,17137.0,208.5,17137.0
645,33560.0,239.5,33560.0
646,99254.0,200.6,40701.0
647,135671.0,177.5,19279.0
648,34275.0,193.0,34275.0
649,1250292.0,362.5,75689.0
650,1619478.0,61.7,8569.0
651,1949346.0,131.0,27847.0
652,1982192.0,38.6,2142.0
653,2008611.0,46.2,8568.0
654,2104288.0,123.4,20707.0
655,2140704.0,38.6,714.0
656,2209964.0,215.7,29275.0
657,2307072.0,192.6,40700.0
658,2363480.0,138.6,29990.0
659,2382759.0,100.3,6426.0
660,29276.0,362.8,29276.0
661,18565.0,92.4,18565.0
662,56410.0,362.9,56410.0
663,360609.0,177.5,9283.0
664,11425.0,154.4,11425.0
665,43557.0,123.7,43557.0
666,54981.0,378.1,54981.0
667,30704.0,216.2,30704.0
668,112104.0,108.1,14281.0
669,142094.0,77.2,4998.0
670,183510.0,131.2,19280.0
671,34988.0,154.1,34988.0
672,62123.0,501.9,62123.0
673,79259.0,332.0,79259.0
674,14995.0,131.2,14995.0
675,1355931.0,239.1,72118.0
676,1405914.0,115.8,22850.0
677,1538018.0,231.2,45700.0
678,2240713.0,131.0,29991.0
679,2278559.0,38.6,3570.0
680,3014115.0,185.3,44272.0
681,3066240.0,115.8,32132.0
682,3161207.0,138.9,27847.0
683,4135777.0,92.4,16422.0
684,4156484.0,23.1,3570.0
685,4202895.0,107.9,22134.0
686,4283579.0,161.6,47124.0
687,4650569.0,230.9,83539.0
688,4664136.0,38.6,714.0
689,5130433.0,77.2,3570.0
690,5172560.0,107.9,22135.0
691,5255387.0,131.0,38556.0
692,5400327.0,61.7,7854.0
693,5468158.0,177.1,42126.0
694,5505286.0,46.2,5712.0
695,5576686.0,192.6,30702.0
696,6055047.0,123.4,27132.0
697,6281397.0,269.5,90680.0
698,7626035.0,439.1,157083.0
699,7890926.0,23.1,713.0
700,7950902.0,208.1,32844.0
701,8035160.0,154.0,52839.0
702,8090142.0,154.1,36418.0
703,9086107.0,169.6,34990.0
704,9485276.0,115.5,38560.0
705,9595235.0,107.9,29277.0
706,9650928.0,23.1,4999.0
707,9723047.0,92.4,40701.0
708,9980804.0,192.6,87114.0
709,10037212.0,138.9,23565.0
710,10070059.0,123.4,14281.0
711,10384970.0,223.6,34990.0
712,10498502.0,169.6,72833.0
713,10555627.0,84.8,22850.0
714,10615608.0,61.7,4998.0
715,10647740.0,123.4,7854.0
716,19993.0,146.5,19993.0
717,12139.0,84.8,12139.0
718,18565.0,100.4,18565.0
719,32846.0,185.1,32846.0
720,30704.0,123.5,30704.0
721,33560.0,239.5,33560.0
722,84971.0,162.0,16423.0
723,21421.0,115.8,21421.0
724,32132.0,192.6,32132.0
725,109960.0,223.9,109960.0
726,34274.0,409.2,34274.0
727,44271.0,139.0,11425.0
728,25706.0,131.4,25706.0
729,19279.0,108.1,19279.0
730,15709.0,138.9,15709.0
731,21421.0,131.2,21421.0
732,23563.0,123.5,23563.0
733,90684.0,416.3,90684.0
734,18565.0,231.6,18565.0
735,129240.0,362.9,40701.0
736,44270.0,177.1,44270.0
737,49268.0,38.6,2856.0
738,113532.0,200.6,29276.0
739,147807.0,38.6,4284.0
740,25706.0,231.6,25706.0
741,94250.0,146.7,7140.0
742,12853.0,100.4,12853.0
743,24277.0,108.1,24277.0
744,24991.0,185.1,24991.0
745,25705.0,200.6,25705.0
746,107106.0,470.3,107106.0
747,62835.0,154.4,9997.0
748,97823.0,23.1,2856.0
749,284907.0,794.9,152096.0
750,456254.0,77.2,4998.0
751,612625.0,108.1,12139.0
752,716164.0,471.0,70692.0
753,780431.0,177.6,20709.0
754,24991.0,146.5,24991.0
755,14281.0,154.4,14281.0
756,322742.0,1134.5,111394.0
757,82830.0,100.4,27847.0
758,159230.0,331.9,38557.0
759,55694.0,108.1,12139.0
760,3933087.0,524.5,185646.0
761,7969638.0,46.2,13566.0
762,8095301.0,162.0,32846.0
763,8174560.0,162.0,23563.0
764,8300225.0,138.9,29276.0
765,8385197.0,162.0,54268.0
766,8513720.0,77.2,7141.0
767,9002863.0,493.5,158525.0
768,9119252.0,131.0,25708.0
769,10398980.0,184.7,76406.0
770,10711011.0,185.1,47131.0
771,10785990.0,131.0,14281.0
772,10872389.0,61.7,15709.0
773,10944512.0,223.7,34991.0
774,10983785.0,46.2,3570.0
775,11047338.0,100.3,26422.0
776,11225853.0,261.9,65697.0
777,11292974.0,84.8,24279.0
778,11380802.0,84.8,11426.0
779,11496479.0,192.7,47844.0
780,11642857.0,100.3,17137.0
781,12780479.0,262.2,68553.0
782,13106840.0,115.5,27137.0
783,13344623.0,200.6,49274.0
784,13455312.0,138.9,22852.0
785,13539580.0,23.1,714.0
786,13653835.0,208.2,77123.0
787,13778095.0,362.5,84269.0
788,14211525.0,185.1,29994.0
789,14292216.0,46.2,4999.0
790,15296353.0,92.4,27137.0
791,15462023.0,223.7,64271.0
792,15522011.0,38.6,2856.0
793,15619131.0,246.8,64986.0
794,15691974.0,239.2,47849.0
795,16373894.0,61.7,5711.0
796,16880234.0,215.8,63547.0
797,16960213.0,169.6,51413.0
798,17197315.0,84.8,16424.0
799,17244446.0,38.6,2856.0
800,17382977.0,354.6,92828.0
801,17680738.0,177.2,46411.0
802,18165659.0,61.7,2855.0
803,18306330.0,285.3,59265.0
804,18364168.0,146.5,43557.0
805,18424152.0,100.3,14280.0
806,18464142.0,23.1,2855.0
807,18798317.0,169.6,49268.0
808,19684427.0,246.4,80686.0
809,19825094.0,269.9,65689.0
810,22556305.0,92.4,17847.0
811,22609860.0,84.8,9995.0
812,22714827.0,231.3,74975.0
813,23304000.0,308.4,84969.0
814,23819538.0,23.1,3570.0
815,23963072.0,223.6,40699.0
816,24026620.0,131.0,25703.0
817,24127314.0,38.6,1429.0
818,24237991.0,146.5,48554.0
819,24263699.0,38.6,3571.0
820,24323677.0,46.2,3568.0
821,24437935.0,38.6,2855.0
822,24460785.0,23.1,2142.0
823,24520765.0,177.2,22848.0
824,24571465.0,38.6,4997.0
825,24701418.0,138.9,27131.0
826,24786390.0,84.8,59266.0
827,24927044.0,547.3,114948.0
828,26263844.0,416.3,154932.0
829,26362375.0,277.7,84965.0
830,30704.0,285.3,30704.0
831,35702.0,347.6,35702.0
832,112817.0,362.9,51411.0
833,31418.0,192.6,31418.0
834,117100.0,193.2,25705.0
835,15709.0,139.0,15709.0
836,54266.0,38.6,714.0
837,172080.0,139.0,18565.0
838,221350.0,231.8,30704.0
839,134952.0,285.3,35702.0
840,13567.0,115.8,13567.0
841,27133.0,293.2,27133.0
842,26419.0,107.9,26419.0
843,18565.0,69.3,18565.0
844,67120.0,193.0,22135.0
845,249197.0,139.0,14994.0
846,282755.0,38.6,2142.0
847,334164.0,139.0,29988.0
848,363438.0,30.9,2142.0
849,400565.0,108.1,13566.0
850,439834.0,69.5,13566.0
851,482672.0,100.4,22847.0
852,566208.0,169.9,17849.0
853,42842.0,393.8,42842.0
854,93540.0,401.3,93540.0
855,24277.0,154.4,24277.0
856,47126.0,231.8,47126.0
857,24991.0,123.4,24991.0
858,34988.0,185.5,34988.0
859,48554.0,200.2,48554.0
860,21421.0,162.0,21421.0
861,24991.0,138.9,24991.0
862,114244.0,570.3,114244.0
863,67119.0,447.3,67119.0
864,12631724.0,46.2,5713.0
865,12718836.0,200.6,46413.0
866,12963049.0,185.1,29277.0
867,13023027.0,115.8,29276.0
868,13092291.0,193.0,54269.0
869,13640702.0,138.9,17852.0
870,14061944.0,292.9,58552.0
871,14728053.0,223.6,70690.0
872,14819446.0,115.5,27848.0
873,15116487.0,370.1,122099.0
874,15463518.0,38.6,714.0
875,15896888.0,277.7,57836.0
876,15956863.0,84.8,23563.0
877,16110365.0,223.6,85675.0
878,16400223.0,115.5,22845.0
879,16443773.0,154.4,21417.0
880,16517313.0,208.1,56404.0
881,17899717.0,208.4,65681.0
882,18305940.0,208.1,42122.0
883,18338781.0,77.2,19989.0
884,18443727.0,38.6,2141.0
885,18545110.0,100.3,28557.0
886,18618647.0,169.5,29984.0
887,18721453.0,69.3,12138.0
888,18834251.0,416.6,93521.0
889,19406883.0,38.6,6424.0
890,19803810.0,138.9,40692.0
891,19848790.0,77.2,12136.0
892,19987997.0,177.4,24984.0
893,20041538.0,115.8,25698.0
894,20966118.0,270.1,67816.0
895,21093184.0,138.8,24982.0
896,21153149.0,200.5,39263.0
897,21332336.0,223.9,44972.0
898,21406578.0,100.3,7139.0
899,21594322.0,262.5,112072.0
900,22156160.0,100.4,7138.0
901,37843.0,331.5,37843.0
902,39272.0,247.0,39272.0
903,21421.0,154.6,21421.0
904,117097.0,115.8,3570.0
905,264900.0,285.7,50697.0
906,82114.0,300.8,82114.0
907,27847.0,92.8,27847.0
908,45698.0,231.6,45698.0
909,102823.0,779.4,102823.0
910,37843.0,154.0,37843.0
911,14994.0,131.2,14994.0
912,98536.0,123.4,13567.0
913,186362.0,254.3,48554.0
914,59264.0,323.9,59264.0
915,12852.0,115.8,12852.0
916,19993.0,138.9,19993.0
917,76401.0,424.8,76401.0
918,105677.0,370.8,105677.0
919,26419.0,100.4,26419.0
920,99250.0,393.2,99250.0
921,24991.0,169.9,24991.0
922,86397.0,370.8,41414.0
923,14995.0,123.4,14995.0
924,92109.0,239.5,32845.0
925,140663.0,30.9,2856.0
926,194931.0,278.1,39987.0
927,84969.0,455.4,84969.0
928,20707.0,108.1,20707.0
929,67118.0,77.2,7140.0
930,18564.0,115.8,18564.0
931,40699.0,254.6,40699.0
932,22135.0,138.5,22135.0
933,16422.0,146.7,16422.0
934,55695.0,138.9,3570.0
935,25705.0,115.8,25705.0
936,70690.0,440.3,70690.0
937,24991.0,200.6,24991.0
938,27133.0,154.4,27133.0
939,19992.0,123.4,19992.0
940,43555.0,185.0,43555.0
941,169936.0,131.0,16422.0
942,20706.0,100.4,20706.0
943,41413.0,169.9,41413.0
944,66404.0,185.3,66404.0
945,50695.0,432.0,50695.0
946,104246.0,239.3,41413.0
947,144233.0,100.3,14995.0
948,47839.0,270.1,47839.0
949,324160.0,146.7,29275.0
950,449117.0,223.6,34274.0
951,616209.0,84.8,11425.0
952,736878.0,246.7,50697.0
953,828988.0,161.6,36416.0
954,856836.0,77.2,6426.0
955,27133.0,193.2,27133.0
956,17850.0,216.1,17850.0
957,27846.0,169.8,27846.0
958,33559.0,154.4,33559.0
959,57122.0,285.7,57122.0
960,19278.0,108.1,19278.0
961,55693.0,200.9,55693.0
962,27132.0,231.6,27132.0
963,30703.0,208.5,30703.0
964,23562.0,200.9,23562.0
965,21420.0,146.7,21420.0
966,59977.0,377.7,59977.0
967,67833.0,594.7,67833.0
968,98533.0,417.1,98533.0
969,62833.0,332.0,62833.0
970,25705.0,177.5,25705.0
971,24990.0,100.3,24990.0
972,29988.0,277.4,29988.0
973,24276.0,239.5,24276.0
974,96393.0,123.7,13566.0
975,134949.0,108.1,16422.0
976,224913.0,270.4,35699.0
977,54264.0,270.2,54264.0
978,114243.0,424.1,114243.0
979,74970.0,254.8,19992.0
980,28561.0,200.9,28561.0
981,26418.0,255.0,26418.0
982,90682.0,517.8,90682.0
983,93534.0,570.8,93534.0
984,15708.0,92.8,15708.0
985,47125.0,177.4,47125.0
986,44269.0,208.4,44269.0
987,22134.0,177.6,22134.0
988,37128.0,231.2,37128.0
989,22134.0,162.0,22134.0
990,84252.0,293.4,39985.0
991,121382.0,115.8,11425.0
992,401977.0,539.6,104246.0
993,958148.0,115.8,7854.0
994,40698.0,285.7,40698.0
995,17136.0,162.1,17136.0
996,78540.0,378.5,78540.0
997,39270.0,262.2,39270.0
998,22848.0,107.9,22848.0
999,36414.0,270.4,36414.0
1000,22134.0,131.4,22134.0
1001,68544.0,455.7,68544.0
1002,34272.0,293.2,34272.0
1003,90678.0,493.5,90678.0
1004,92106.0,146.7,25704.0
1005,316304.0,270.1,65690.0
1006,37842.0,354.6,37842.0
1007,137086.0,293.4,42840.0
1008,31416.0,301.1,31416.0
1009,40698.0,301.1,40698.0
1010,32844.0,370.6,32844.0
1011,21420.0,285.7,21420.0
1012,27132.0,192.9,27132.0
1013,31416.0,231.2,31416.0
1014,39984.0,316.7,39984.0
1015,97106.0,501.6,97106.0
1016,114951.0,872.6,114951.0
1017,49265.0,494.3,49265.0
1018,34272.0,185.0,34272.0
1019,50694.0,285.7,50694.0
1020,163509.0,763.3,163509.0
1021,179211.0,246.7,54979.0
1022,13566.0,107.9,13566.0
1023,21420.0,177.5,21420.0
1024,69973.0,448.0,69973.0
1025,193492.0,138.9,30702.0
1026,274174.0,285.6,47125.0
1027,302021.0,108.1,7140.0
1028,25704.0,139.0,25704.0
1029,21420.0,92.8,21420.0
1030,20706.0,146.7,20706.0
1031,32844.0,277.7,32844.0
1032,47838.0,270.1,47838.0
1033,32844.0,146.5,32844.0
1034,170646.0,501.8,82108.0
1035,105672.0,540.4,105672.0
1036,37128.0,239.3,37128.0
1037,244899.0,455.4,113526.0
1038,32130.0,231.5,32130.0
1039,65687.0,416.9,65687.0
1040,18564.0,123.7,18564.0
1041,44267.0,301.3,44267.0
1042,39984.0,247.0,39984.0
1043,80681.0,193.2,39270.0
1044,124949.0,38.6,4284.0
1045,61402.0,30.9,6426.0
1046,29274.0,185.3,29274.0
1047,96390.0,385.8,96390.0
1048,79968.0,455.5,79968.0
1049,29988.0,185.3,29988.0
1050,73540.0,571.3,73540.0
1051,19278.0,169.9,19278.0
1052,18564.0,138.9,18564.0
1053,27132.0,177.1,27132.0
1054,80683.0,146.7,80683.0
1055,62118.0,563.5,62118.0
1056,93532.0,439.7,93532.0
1057,451228.0,386.2,78540.0
1058,30702.0,154.0,30702.0
1059,14280.0,193.0,14280.0
1060,11424.0,115.8,11424.0
1061,21420.0,92.4,21420.0
1062,101387.0,292.9,58548.0
1063,63544.0,579.4,63544.0
1064,104239.0,826.2,104239.0
1065,69972.0,154.4,13566.0
1066,93534.0,30.9,4284.0
1067,246321.0,988.3,132795.0
1068,286300.0,154.4,7853.0
1069,384818.0,185.3,28555.0
1070,44268.0,278.1,44268.0
1071,158508.0,539.6,158508.0
1072,104957.0,246.7,32844.0
1073,174213.0,185.0,42840.0
1074,329147.0,910.8,74251.0
1075,59976.0,100.3,59976.0
1076,224912.0,493.8,79967.0
1077,52835.0,38.6,714.0
1078,50694.0,532.8,50694.0
1079,25704.0,92.4,25704.0
1080,33558.0,200.9,33558.0
1081,44267.0,247.1,44267.0
1082,29988.0,169.5,29988.0
1083,29274.0,200.5,29274.0
1084,43553.0,324.1,43553.0
1085,52120.0,355.2,52120.0
1086,24276.0,154.4,24276.0
1087,22847.0,108.1,22847.0
1088,61403.0,378.5,61403.0
1089,113525.0,323.9,58547.0
1090,134944.0,23.1,714.0
1091,180640.0,38.6,1428.0
1092,279170.0,192.6,29986.0
1093,317010.0,77.2,10709.0
1094,391264.0,139.0,12851.0
1095,536909.0,385.9,63541.0
1096,600447.0,455.5,39264.0
1097,174930.0,216.0,21419.0
1098,281315.0,370.3,55690.0
1099,324151.0,154.4,25702.0
1100,416250.0,502.0,55687.0
1101,458371.0,339.6,12136.0
1102,15708.0,100.4,15708.0
1103,38555.0,162.0,38555.0
1104,159215.0,223.9,17136.0
1105,41411.0,270.1,41411.0
1106,170642.0,586.8,109955.0
1107,112096.0,509.0,112096.0
1108,43553.0,300.5,43553.0
1109,63545.0,316.6,63545.0
1110,23561.0,208.1,23561.0
1111,49265.0,185.3,19277.0
1112,117807.0,247.1,24275.0
1113,18564.0,154.4,18564.0
1114,21419.0,108.1,21419.0
1115,24989.0,200.9,24989.0
1116,117802.0,1080.5,117802.0
1117,19992.0,177.5,19992.0
1118,70684.0,440.3,70684.0
1119,92103.0,493.1,92103.0
1120,18564.0,138.9,18564.0
1121,46409.0,347.2,46409.0
1122,77111.0,308.6,77111.0
1123,77108.0,69.5,8568.0
1124,228473.0,324.3,77111.0
1125,283451.0,177.6,17850.0
1126,78539.0,285.3,78539.0
1127,62831.0,154.4,62831.0
1128,36413.0,146.7,36413.0
1129,27131.0,177.6,27131.0
1130,57831.0,663.9,57831.0
1131,68541.0,587.0,68541.0
1132,89963.0,231.8,23561.0
1133,154222.0,115.8,14993.0
1134,239185.0,115.8,11423.0
1135,277739.0,177.6,9281.0
1136,86392.0,216.0,19991.0
1137,132800.0,246.6,21419.0
1138,33557.0,223.6,33557.0
1139,32129.0,277.6,32129.0
1140,44981.0,223.6,44981.0
1141,46409.0,200.5,46409.0
1142,47122.0,239.5,47122.0
1143,80680.0,316.5,80680.0
1144,19277.0,169.8,19277.0
1145,21419.0,231.5,21419.0
1146,14280.0,123.4,14280.0
1147,36413.0,301.1,36413.0
1148,22133.0,100.4,22133.0
1149,72827.0,177.6,19277.0
1150,59973.0,362.7,59973.0
1151,23561.0,169.9,23561.0
1152,27845.0,208.5,27845.0
1153,26417.0,169.9,26417.0
1154,201349.0,115.8,9282.0
1155,249900.0,69.5,4284.0
1156,312729.0,77.2,3570.0
1157,59261.0,38.6,4998.0
1158,180637.0,138.9,29273.0
1159,236327.0,154.4,23561.0
1160,414814.0,185.0,59257.0
1161,488350.0,169.5,47833.0
1162,565457.0,107.9,52118.0
1163,744652.0,778.7,154207.0
1164,46409.0,154.0,46409.0
1165,228464.0,108.1,4998.0
1166,374831.0,239.5,52835.0
1167,483357.0,100.4,24276.0
1168,523342.0,77.2,9996.0
1169,656150.0,108.1,18565.0
1170,760398.0,308.4,37130.0
1171,118520.0,370.6,68543.0
1172,12852.0,108.1,12852.0
1173,25703.0,223.3,25703.0
1174,48551.0,138.9,48551.0
1175,26417.0,208.1,26417.0
1176,65686.0,84.8,13565.0
1177,193489.0,254.6,49264.0
1178,285588.0,331.5,54974.0
1179,28559.0,239.1,28559.0
1180,38554.0,393.8,38554.0
1181,27131.0,185.3,27131.0
1182,26417.0,231.5,26417.0
1183,48551.0,277.7,48551.0
1184,287010.0,146.7,13565.0
1185,319853.0,92.8,13566.0
1186,52834.0,270.4,52834.0
1187,75682.0,416.3,75682.0
1188,80681.0,710.7,80681.0
1189,17135.0,131.4,17135.0
1190,20705.0,92.8,20705.0
1191,27845.0,138.9,27845.0
1192,28559.0,123.4,28559.0
1193,252746.0,623.8,202054.0
1194,397684.0,509.0,119949.0
1195,34985.0,138.9,34985.0
1196,20705.0,162.0,20705.0
1197,52834.0,293.4,52834.0
1198,43552.0,239.1,43552.0
1199,43552.0,300.7,43552.0
1200,19277.0,131.4,19277.0
1201,129231.0,223.9,29986.0
1202,199913.0,162.1,10709.0
1203,69969.0,355.2,69969.0
1204,28559.0,162.0,28559.0
1205,21419.0,115.8,21419.0
1206,39268.0,169.9,39268.0
1207,29273.0,216.0,29273.0
1208,19991.0,107.9,19991.0
1209,21419.0,223.9,21419.0
1210,67826.0,355.1,30701.0
1211,19991.0,169.5,19991.0
1212,426965.0,216.0,27844.0
1213,488364.0,38.6,1428.0
1214,695418.0,77.2,10709.0
1215,814644.0,370.4,96381.0
1216,90673.0,92.4,7140.0
1217,174208.0,169.5,34984.0
1218,52120.0,61.7,7140.0
1219,86390.0,115.8,10709.0
1220,107095.0,69.5,1428.0
1221,197054.0,193.0,26416.0
1222,24989.0,193.0,24989.0
1223,79250.0,154.4,26416.0
1224,27845.0,100.3,27845.0
1225,59260.0,208.1,59260.0
1226,24989.0,115.4,24989.0
1227,29987.0,177.6,29987.0
1228,19277.0,108.1,19277.0
1229,85676.0,408.7,85676.0
1230,1964677.0,38.6,2142.0
1231,2018224.0,77.2,3570.0
1232,2134603.0,262.4,69971.0
1233,2476609.0,948.0,293456.0
1234,3526105.0,131.0,68545.0
1235,3584655.0,331.7,33559.0
1236,3671767.0,424.6,66406.0
1237,89958.0,123.4,53546.0
1238,121371.0,69.5,2142.0
1239,102095.0,169.8,12851.0
1240,74253.0,385.8,74253.0
1241,124940.0,586.9,124940.0
1242,174920.0,570.3,174920.0
1243,27845.0,162.0,27845.0
1244,16421.0,107.9,16421.0
1245,63543.0,285.3,63543.0
1246,22133.0,185.0,22133.0
1247,92817.0,532.7,92817.0
1248,47121.0,285.3,47121.0
1249,65686.0,100.4,4284.0
1250,25703.0,200.9,25703.0
1251,68541.0,447.4,68541.0
1252,20705.0,107.9,20705.0
1253,32128.0,300.8,32128.0
1254,72110.0,370.6,72110.0
1255,36412.0,146.7,36412.0
1256,17849.0,84.8,17849.0
1257,20705.0,154.0,20705.0
1258,20705.0,100.3,20705.0
1259,23561.0,154.4,23561.0
1260,18563.0,123.4,18563.0
1261,181337.0,131.4,22847.0
1262,217036.0,108.1,15707.0
1263,256304.0,139.0,24989.0
1264,362690.0,362.7,80682.0
1265,39267.0,130.9,39267.0
1266,25702.0,162.0,25702.0
1267,319844.0,270.4,65685.0
1268,375534.0,308.7,34985.0
1269,32842.0,316.3,32842.0
1270,15707.0,115.4,15707.0
1271,78536.0,138.9,10709.0
1272,29272.0,138.9,29272.0
1273,74250.0,401.7,74250.0
1274,29272.0,262.5,29272.0
1275,477657.0,254.8,32128.0
1276,571183.0,293.4,48547.0
1277,678271.0,486.3,32839.0
1278,29272.0,185.0,29272.0
1279,59258.0,324.3,59258.0
1280,84248.0,146.4,8567.0
1281,48549.0,409.0,48549.0
1282,15707.0,115.8,15707.0
1283,64257.0,463.6,64257.0
1284,37126.0,285.0,37126.0
1285,66397.0,84.8,12137.0
1286,14279.0,154.4,14279.0
1287,22846.0,146.7,22846.0
1288,38554.0,185.3,38554.0
1289,19277.0,169.5,19277.0
1290,148506.0,69.5,3570.0
1291,217046.0,154.4,21418.0
1292,359119.0,115.8,8567.0
1293,385534.0,38.6,1428.0
1294,422659.0,38.6,3570.0
1295,586857.0,470.3,135642.0
1296,671811.0,246.7,45689.0
1297,724639.0,355.1,32124.0
1298,17135.0,100.3,17135.0
1299,26416.0,130.9,26416.0
1300,162782.0,794.7,162782.0
1301,27130.0,107.9,27130.0
1302,212759.0,493.1,140650.0
1303,369120.0,415.9,109952.0
1304,37840.0,254.6,37840.0
1305,38553.0,285.3,38553.0
1306,213471.0,577.6,147788.0
1307,20705.0,123.4,20705.0
1308,27844.0,216.0,27844.0
1309,40695.0,270.1,40695.0
1310,44979.0,339.4,44979.0
1311,76393.0,223.6,19991.0
1312,173491.0,224.1,27129.0
1313,119229.0,501.0,119229.0
1314,49977.0,370.1,49977.0
1315,51404.0,154.0,51404.0
1316,26416.0,185.0,26416.0
1317,49976.0,247.1,49976.0
1318,22132.0,146.4,22132.0
1319,89957.0,23.1,12137.0
1320,187765.0,185.3,22846.0
1321,64254.0,332.0,64254.0
1322,53546.0,401.3,53546.0
1323,33555.0,208.4,33555.0
1324,99241.0,130.9,17135.0
1325,252742.0,347.3,82818.0
1326,24988.0,115.8,24988.0
1327,75678.0,208.4,23560.0
1328,197766.0,409.2,101383.0
1329,29272.0,69.3,29272.0
1330,21418.0,200.5,21418.0
1331,73538.0,494.1,73538.0
1332,12851.0,108.1,12851.0
1333,29272.0,293.4,29272.0
1334,51404.0,200.9,51404.0
1335,47120.0,215.7,47120.0
1336,59971.0,331.2,59971.0
1337,37125.0,208.1,37125.0
1338,23560.0,146.7,23560.0
1339,34983.0,223.6,34983.0
1340,24988.0,108.1,24988.0
1341,97808.0,764.2,97808.0
1342,66397.0,347.6,66397.0
1343,119228.0,231.2,62827.0
1344,156354.0,115.4,13565.0
1345,40694.0,261.9,40694.0
1346,116371.0,323.9,45693.0
1347,28558.0,223.6,28558.0
1348,43550.0,239.3,43550.0
1349,41408.0,239.1,41408.0
1350,15707.0,108.1,15707.0
1351,113515.0,462.4,113515.0
1352,152779.0,1165.2,152779.0
1353,109952.0,146.7,7853.0
1354,82105.0,169.5,82105.0
1355,124937.0,779.8,124937.0
1356,192761.0,115.8,8567.0
1357,607543.0,270.4,52833.0
1358,799602.0,362.9,106383.0
1359,980951.0,146.7,22134.0
1360,204179.0,77.2,7853.0
1361,464769.0,347.0,104236.0
1362,703226.0,239.5,50692.0
1363,855304.0,223.9,76396.0
1364,960975.0,378.5,49981.0
1365,19990.0,107.9,19990.0
1366,24988.0,169.5,24988.0
1367,27844.0,185.3,27844.0
1368,32127.0,208.5,32127.0
1369,57115.0,247.1,57115.0
1370,645404.0,46.2,2142.0
1371,906002.0,238.8,60685.0
1372,964546.0,84.8,19990.0
1373,1037365.0,161.9,14993.0
1374,1082342.0,23.1,714.0
1375,1112327.0,107.9,11423.0
1376,1167299.0,130.9,33555.0
1377,1387913.0,138.9,23560.0
1378,1492148.0,177.4,50689.0
1379,1567108.0,115.8,31412.0
1380,1642067.0,177.4,46403.0
1381,1693468.0,115.8,20703.0
1382,2141780.0,231.2,40691.0
1383,2264563.0,161.9,16419.0
1384,2313822.0,23.1,1428.0
1385,2376642.0,107.8,23558.0
1386,2460166.0,154.4,52828.0
1387,2563678.0,100.3,7139.0
1388,133506.0,662.6,133506.0
1389,21418.0,193.0,21418.0
1390,94954.0,316.6,94954.0
1391,74249.0,462.8,74249.0
1392,63540.0,409.0,63540.0
1393,161348.0,161.9,22846.0
1394,193475.0,61.7,5712.0
1395,289143.0,254.8,45693.0
1396,380530.0,285.7,41411.0
1397,413373.0,38.6,2856.0
1398,479772.0,38.6,2142.0
1399,548316.0,262.7,39270.0
1400,51403.0,308.1,51403.0
1401,129937.0,161.9,39981.0
1402,177770.0,23.1,3570.0
1403,217750.0,193.0,25701.0
1404,14279.0,108.1,14279.0
1405,34269.0,192.6,34269.0
1406,306977.0,108.1,4998.0
1407,371946.0,177.6,39981.0
1408,413355.0,69.5,2142.0
1409,494033.0,208.5,52834.0
1410,595419.0,416.8,79966.0
1411,22846.0,169.5,22846.0
1412,23560.0,115.8,23560.0
1413,34983.0,293.4,34983.0
1414,22846.0,139.0,22846.0
1415,54973.0,308.4,54973.0
1416,99950.0,285.3,99950.0
1417,37838.0,192.9,37838.0
1418,21418.0,177.4,21418.0
1419,28557.0,108.1,28557.0
1420,92098.0,270.1,34982.0
1421,33555.0,108.1,33555.0
1422,87101.0,370.6,87101.0
1423,28557.0,193.0,28557.0
1424,69250.0,138.9,7853.0
1425,69251.0,161.9,20704.0
1426,114943.0,200.5,24274.0
1427,32841.0,200.5,32841.0
1428,49975.0,208.5,49975.0
1429,32127.0,216.2,32127.0
1430,66395.0,378.5,66395.0
1431,69963.0,108.1,9281.0
1432,25701.0,123.4,25701.0
1433,97092.0,77.2,5711.0
1434,135644.0,108.1,12851.0
1435,187762.0,139.0,14279.0
1436,121367.0,254.6,44978.0
1437,267013.0,509.4,101382.0
1438,27129.0,139.0,27129.0
1439,22846.0,100.3,22846.0
1440,54972.0,301.1,54972.0
1441,14279.0,115.8,14279.0
1442,27129.0,92.8,27129.0
1443,14279.0,84.8,14279.0
1444,129228.0,108.1,2856.0
1445,319142.0,115.8,42836.0
1446,485494.0,216.2,37124.0
1447,610435.0,108.1,7139.0
1448,683966.0,362.9,44975.0
1449,166354.0,69.3,29985.0
1450,61398.0,161.6,61398.0
1451,234882.0,686.8,114226.0
1452,38552.0,254.8,38552.0
1453,44263.0,393.2,44263.0
1454,74962.0,270.2,74962.0
1455,116370.0,246.7,51402.0
1456,357674.0,577.9,205609.0
1457,57828.0,177.1,26415.0
1458,24987.0,246.7,24987.0
1459,520478.0,354.9,49260.0
1460,646129.0,416.8,38550.0
1461,94951.0,524.9,94951.0
1462,62111.0,409.4,62111.0
1463,35696.0,200.2,35696.0
1464,126362.0,193.0,24273.0
1465,31412.0,100.3,31412.0
1466,29271.0,193.0,29271.0
1467,20704.0,185.3,20704.0
1468,24987.0,200.7,24987.0
1469,59969.0,162.1,17848.0
1470,36410.0,192.6,36410.0
1471,209891.0,316.5,77105.0
1472,364101.0,393.5,91386.0
1473,22845.0,216.2,22845.0
1474,136360.0,262.7,69964.0
1475,173483.0,208.5,20703.0
1476,22132.0,193.0,22132.0
1477,34982.0,246.7,34982.0
1478,25701.0,177.6,25701.0
1479,184908.0,347.0,42835.0
1480,197754.0,301.1,37124.0
1481,193480.0,362.5,62826.0
1482,44977.0,301.1,44977.0
1483,179911.0,863.8,179911.0
1484,15706.0,108.1,15706.0
1485,52116.0,239.3,52116.0
1486,154922.0,416.2,89955.0
1487,18562.0,146.7,18562.0
1488,24987.0,131.4,24987.0
1489,16420.0,84.8,16420.0
1490,44263.0,309.0,44263.0
1491,76390.0,146.7,22845.0
1492,152783.0,154.4,14278.0
1493,29985.0,115.8,29985.0
1494,48547.0,61.8,7139.0
1495,80674.0,77.2,6425.0
1496,106375.0,61.8,3570.0
1497,132075.0,30.9,714.0
1498,180621.0,169.9,21417.0
1499,271284.0,247.1,40691.0
1500,25701.0,146.4,25701.0
1501,17134.0,123.4,17134.0
1502,26415.0,161.9,26415.0
1503,24273.0,108.1,24273.0
1504,29985.0,185.3,29985.0
1505,62110.0,586.3,62110.0
1506,22845.0,154.4,22845.0
1507,20704.0,177.4,20704.0
1508,355514.0,185.3,19276.0
1509,533996.0,100.3,23560.0
1510,635375.0,262.2,49262.0
1511,656079.0,108.1,7854.0
1512,38551.0,200.9,38551.0
1513,73533.0,300.5,73533.0
1514,54972.0,200.5,54972.0
1515,70678.0,200.5,22131.0
1516,134216.0,262.5,40693.0
1517,107801.0,508.9,107801.0
1518,113515.0,154.6,21417.0
1519,19990.0,115.8,19990.0
1520,30698.0,169.9,30698.0
1521,18562.0,162.3,18562.0
1522,21417.0,139.0,21417.0
1523,72818.0,61.8,9281.0
1524,89239.0,485.8,89239.0
1525,28557.0,130.9,28557.0
1526,39265.0,262.5,39265.0
1527,436942.0,177.6,10709.0
1528,1188020.0,131.4,6425.0
1529,1250845.0,38.6,714.0
1530,97091.0,493.7,97091.0
1531,67821.0,308.7,67821.0
1532,623214.0,177.4,26415.0
1533,799546.0,30.9,2856.0
1534,937336.0,439.9,82817.0
1535,62824.0,285.3,62824.0
1536,29270.0,185.3,29270.0
1537,34982.0,285.0,34982.0
1538,50688.0,286.0,50688.0
1539,60682.0,185.3,60682.0
1540,30698.0,185.3,30698.0
1541,21417.0,154.6,21417.0
1542,102805.0,555.8,102805.0
1543,90669.0,532.7,90669.0
1544,21418.0,84.8,21418.0
1545,35696.0,269.8,35696.0
1546,26415.0,185.0,26415.0
1547,64965.0,540.0,64965.0
1548,65680.0,277.4,65680.0
1549,38551.0,208.5,38551.0
1550,29270.0,161.9,29270.0
1551,534009.0,61.7,4997.0
1552,583982.0,115.4,17848.0
1553,726770.0,107.9,17848.0
1554,766749.0,38.6,7853.0
1555,833142.0,223.6,39979.0
1556,912387.0,69.5,12850.0
1557,1107282.0,223.9,30697.0
1558,1539163.0,84.8,13564.0
1559,1591274.0,154.4,17132.0
1560,1628394.0,23.1,3569.0
1561,1778307.0,200.5,59250.0
1562,1908945.0,108.1,48542.0
1563,59969.0,239.0,59969.0
1564,908065.0,239.1,67108.0
1565,1177918.0,185.3,41408.0
1566,1482060.0,231.5,90671.0
1567,1675539.0,278.1,77108.0
1568,1735513.0,92.8,16422.0
1569,1978271.0,440.1,87109.0
1570,62825.0,417.1,62825.0
1571,50687.0,215.7,50687.0
1572,102803.0,370.6,58540.0
1573,14278.0,100.3,14278.0
1574,24987.0,185.0,24987.0
1575,27128.0,246.7,27128.0
1576,28556.0,254.8,28556.0
1577,30698.0,239.5,30698.0
1578,278434.0,38.6,1428.0
1579,29984.0,200.5,29984.0
1580,154924.0,254.8,24987.0
1581,227029.0,154.4,24986.0
1582,34268.0,332.0,34268.0
1583,130645.0,254.6,38550.0
1584,149207.0,92.4,10709.0
1585,177049.0,84.8,7139.0
1586,25701.0,216.0,25701.0
1587,34267.0,177.4,34267.0
1588,256302.0,162.3,27128.0
1589,614677.0,200.5,37122.0
1590,725333.0,61.7,7853.0
1591,893091.0,238.8,55682.0
1592,931639.0,46.2,4283.0
1593,991605.0,61.7,17133.0
1594,1013734.0,100.3,4283.0
1595,1330705.0,169.8,45686.0
1596,1386383.0,38.6,1428.0
1597,1489893.0,115.8,30695.0
1598,1574838.0,216.0,57820.0
1599,1634084.0,192.9,32121.0
1600,85667.0,362.9,85667.0
1601,86383.0,285.0,86383.0
1602,130645.0,115.4,24273.0
1603,180619.0,177.4,24273.0
1604,232735.0,108.1,21417.0
1605,283421.0,146.7,7853.0
1606,329824.0,61.8,14992.0
1607,405493.0,285.6,59964.0
1608,451894.0,77.2,10708.0
1609,485445.0,123.7,15705.0
1610,516854.0,108.1,13563.0
1611,548976.0,100.4,12135.0
1612,57827.0,339.6,57827.0
1613,43548.0,308.4,43548.0
1614,2954910.0,316.3,112797.0
1615,3104119.0,308.7,112801.0
1616,3336143.0,108.1,34270.0
1617,3383978.0,154.4,12852.0
1618,3426816.0,38.6,2142.0
1619,3908035.0,254.6,83536.0
1620,4022985.0,177.6,42840.0
1621,28556.0,185.3,28556.0
1622,32126.0,154.4,32126.0
1623,43548.0,424.5,43548.0
1624,42119.0,108.1,42119.0
1625,143492.0,69.5,7853.0
1626,197034.0,100.4,8567.0
1627,332679.0,301.1,69965.0
1628,361950.0,30.9,714.0
1629,47831.0,231.8,47831.0
1630,138499.0,130.9,37123.0
1631,192041.0,161.9,26415.0
1632,232733.0,115.4,21417.0
1633,311261.0,215.7,45690.0
1634,42120.0,208.5,42120.0
1635,301978.0,61.7,8567.0
1636,357661.0,100.3,12136.0
1637,397641.0,69.3,14992.0
1638,454754.0,185.0,32126.0
1639,563978.0,100.3,14278.0
1640,54971.0,277.7,54971.0
1641,17134.0,231.5,17134.0
1642,75672.0,532.8,75672.0
1643,16420.0,100.3,16420.0
1644,169196.0,277.7,63537.0
1645,228448.0,146.4,35694.0
1646,69962.0,370.6,69962.0
1647,32126.0,308.4,32126.0
1648,60682.0,38.6,1428.0
1649,32839.0,192.6,32839.0
1650,54970.0,316.6,54970.0
1651,32839.0,439.9,32839.0
1652,32125.0,131.4,32125.0
1653,115650.0,524.0,115650.0
1654,238448.0,169.9,28556.0
1655,259865.0,38.6,1428.0
1656,315547.0,177.6,33552.0
1657,454040.0,200.9,33551.0
1658,490447.0,92.8,12849.0
1659,523998.0,77.2,11421.0
1660,53542.0,324.3,53542.0
1661,35695.0,231.5,35695.0
1662,36409.0,247.1,36409.0
1663,20703.0,216.2,20703.0
1664,45689.0,401.5,45689.0
1665,68534.0,362.9,68534.0
1666,54257.0,231.5,54257.0
1667,79244.0,578.8,79244.0
1668,54970.0,208.5,54970.0
1669,17134.0,123.4,17134.0
1670,17847.0,84.8,17847.0
1671,38550.0,130.9,38550.0
1672,94235.0,277.7,36409.0
1673,26414.0,115.8,26414.0
1674,137786.0,648.9,137786.0
1675,29270.0,269.8,29270.0
1676,22845.0,154.4,22845.0
1677,20703.0,100.4,20703.0
1678,59966.0,594.7,59966.0
1679,108510.0,471.2,108510.0
1680,52114.0,378.5,52114.0
1681,43548.0,154.3,43548.0
1682,42833.0,286.0,42833.0
1683,19989.0,169.8,19989.0
1684,73531.0,447.2,73531.0
1685,28556.0,208.1,28556.0
1686,47118.0,108.1,47118.0
1687,69248.0,347.2,69248.0
1688,92092.0,215.7,38551.0
1689,232730.0,269.8,68536.0
1690,149917.0,254.8,47118.0
1691,173476.0,108.1,2856.0
1692,37122.0,362.9,37122.0
1693,68534.0,347.6,68534.0
1694,19275.0,108.1,19275.0
1695,189180.0,301.1,68534.0
1696,228446.0,69.5,4283.0
1697,61395.0,230.9,61395.0
1698,118504.0,162.3,29270.0
1699,154913.0,69.5,7139.0
1700,200603.0,131.4,11423.0
1701,242011.0,69.5,4997.0
1702,30697.0,161.9,30697.0
1703,52114.0,362.9,52114.0
1704,17134.0,100.3,17134.0
1705,74958.0,286.0,74958.0
1706,21417.0,208.5,21417.0
1707,42834.0,208.1,42834.0
1708,59967.0,239.3,59967.0
1709,54256.0,293.2,54256.0
1710,47831.0,185.0,47831.0
1711,29270.0,239.5,29270.0
1712,45689.0,354.6,45689.0
1713,166342.0,972.3,166342.0
1714,122791.0,362.1,75674.0
1715,92092.0,370.1,92092.0
1716,27128.0,177.4,27128.0
1717,38550.0,192.6,38550.0
1718,20703.0,115.8,20703.0
1719,99229.0,401.7,99229.0
1720,22844.0,154.4,22844.0
1721,109227.0,446.9,109227.0
1722,23558.0,162.3,23558.0
1723,60681.0,339.9,60681.0
1724,107797.0,446.9,107797.0
1725,20703.0,169.9,20703.0
1726,76386.0,301.0,76386.0
1727,49972.0,262.2,49972.0
1728,31411.0,239.0,31411.0
1729,40692.0,231.5,40692.0
1730,34267.0,262.7,34267.0
1731,152059.0,639.2,152059.0
1732,324822.0,594.3,83524.0
1733,351949.0,38.6,714.0
1734,433328.0,316.3,21415.0
1735,32125.0,254.8,32125.0
1736,69963.0,115.8,69963.0
1737,31411.0,223.9,31411.0
1738,29983.0,208.1,29983.0
1739,44975.0,254.8,44975.0
1740,198456.0,154.6,18561.0
1741,242004.0,139.0,16420.0
1742,19275.0,108.1,19275.0
1743,27128.0,146.7,27128.0
1744,32839.0,162.3,32839.0
1745,24986.0,108.1,24986.0
1746,58539.0,216.2,58539.0
1747,39264.0,223.6,39264.0
1748,70675.0,355.0,70675.0
1749,127072.0,38.6,5711.0
1750,158483.0,100.3,19275.0
1751,236297.0,177.4,44975.0
1752,356235.0,509.3,97093.0
1753,114224.0,448.0,114224.0
1754,42120.0,316.5,42120.0
1755,87095.0,162.3,26414.0
1756,158482.0,270.4,48543.0
1757,326234.0,1018.8,130631.0
1758,152058.0,77.2,4997.0
1759,321254.0,177.1,29269.0
1760,25700.0,185.3,25700.0
1761,995100.0,77.2,11422.0
1762,1068630.0,69.5,9281.0
1763,1257100.0,447.7,65680.0
1764,1470566.0,130.9,33555.0
1765,1546240.0,115.8,7853.0
1766,1800388.0,154.4,4998.0
1767,33553.0,231.2,33553.0
1768,132068.0,185.0,34266.0
1769,201314.0,223.6,45688.0
1770,222730.0,38.6,4283.0
1771,40691.0,193.2,40691.0
1772,43546.0,324.6,43546.0
1773,22844.0,177.4,22844.0
1774,43547.0,269.8,43547.0
1775,43547.0,216.5,43547.0
1776,107083.0,254.8,38549.0
1777,159195.0,192.9,24985.0
1778,82096.0,470.7,82096.0
1779,27127.0,177.4,27127.0
1780,116362.0,339.4,47117.0
1781,51399.0,270.0,51399.0
1782,13564.0,100.3,13564.0
1783,12136.0,100.4,12136.0
1784,73530.0,323.5,73530.0
1785,49257.0,270.0,49257.0
1786,23558.0,185.3,23558.0
1787,62821.0,339.9,62821.0
1788,149922.0,38.6,714.0
1789,62821.0,247.0,62821.0
1790,90663.0,231.5,42833.0
1791,30697.0,107.8,30697.0
1792,20702.0,177.4,20702.0
1793,32839.0,216.2,32839.0
1794,102084.0,154.4,12850.0
1795,491879.0,455.3,89948.0
1796,554701.0,115.8,2855.0
1797,23558.0,169.5,23558.0
1798,150630.0,38.6,7139.0
1799,242720.0,331.7,71387.0
1800,452595.0,440.1,101366.0
1801,491856.0,100.4,7852.0
1802,34266.0,285.7,34266.0
1803,39263.0,269.8,39263.0
1804,84237.0,455.5,84237.0
1805,35694.0,208.5,35694.0
1806,17847.0,161.9,17847.0
1807,43547.0,301.1,43547.0
1808,59252.0,185.5,59252.0
1809,21416.0,177.6,21416.0
1810,67105.0,231.2,67105.0
1811,124212.0,408.6,124212.0
1812,42832.0,332.2,42832.0
1813,62107.0,362.9,62107.0
1814,39263.0,285.7,39263.0
1815,37121.0,316.6,37121.0
1816,104942.0,115.8,4997.0
1817,22130.0,200.5,22130.0
1818,88523.0,139.0,12136.0
1819,148484.0,600.9,148484.0
1820,15705.0,84.8,15705.0
1821,123503.0,139.0,22844.0
1822,184182.0,108.1,5711.0
1823,283408.0,169.8,50683.0
1824,384777.0,100.4,17132.0
1825,442598.0,61.8,6424.0
1826,501131.0,254.8,40688.0
1827,15705.0,131.2,15705.0
1828,49257.0,324.3,49257.0
1829,107795.0,524.9,61394.0
1830,203458.0,332.1,40694.0
1831,249150.0,30.9,714.0
1832,21416.0,154.4,21416.0
1833,42832.0,185.0,42832.0
1834,53540.0,255.0,53540.0
1835,31410.0,177.6,31410.0
1836,14277.0,138.9,14277.0
1837,135639.0,115.8,8566.0
1838,68532.0,277.6,68532.0
1839,23558.0,177.6,23558.0
1840,35693.0,285.5,35693.0
1841,54969.0,239.1,54969.0
1842,193460.0,261.9,89234.0
1843,286264.0,169.5,38549.0
1844,407621.0,362.1,85664.0
1845,18561.0,92.8,18561.0
1846,23558.0,169.9,23558.0
1847,142056.0,1149.7,142056.0
1848,55681.0,115.8,55681.0
1849,17847.0,100.3,17847.0
1850,30696.0,192.9,30696.0
1851,72102.0,347.6,72102.0
1852,163472.0,69.5,7853.0
1853,296249.0,92.8,19989.0
1854,364069.0,301.3,49973.0
1855,59965.0,246.7,59965.0
1856,32838.0,185.3,32838.0
1857,99943.0,192.9,14277.0
1858,38549.0,146.7,38549.0
1859,49971.0,285.7,49971.0
1860,69959.0,446.9,69959.0
1861,19274.0,115.8,19274.0
1862,126351.0,895.7,126351.0
1863,72814.0,285.7,72814.0
1864,28555.0,239.0,28555.0
1865,60679.0,246.4,60679.0
1866,29983.0,123.4,29983.0
1867,23558.0,162.3,23558.0
1868,150626.0,763.8,150626.0
1869,15705.0,100.4,15705.0
1870,64249.0,301.3,64249.0
1871,27127.0,169.5,27127.0
1872,70674.0,131.4,9280.0
1873,218443.0,138.9,23557.0
1874,269128.0,77.2,6425.0
1875,374775.0,185.0,52824.0
1876,501123.0,463.1,74951.0
1877,152762.0,749.3,152762.0
1878,67103.0,408.6,67103.0
1879,154197.0,362.6,54253.0
1880,220585.0,532.8,106364.0
1881,88519.0,161.9,13563.0
1882,24271.0,115.8,24271.0
1883,30696.0,247.1,30696.0
1884,96374.0,516.8,96374.0
1885,12850.0,108.1,12850.0
1886,16419.0,108.1,16419.0
1887,44260.0,478.2,44260.0
1888,164185.0,224.1,28555.0
1889,84236.0,355.1,84236.0
1890,108511.0,38.6,2855.0
1891,172046.0,30.9,714.0
1892,244147.0,146.7,12136.0
1893,320528.0,386.2,59248.0
1894,53539.0,231.2,53539.0
1895,137062.0,454.5,137062.0
1896,172752.0,208.5,25699.0
1897,276979.0,293.6,61394.0
1898,79952.0,316.0,79952.0
1899,133493.0,38.6,2142.0
1900,197741.0,146.7,42832.0
1901,226295.0,38.6,3569.0
1902,311242.0,177.4,36406.0
1903,429023.0,339.0,90656.0
1904,123502.0,30.9,714.0
1905,44259.0,239.3,44259.0
1906,99939.0,602.1,99939.0
1907,117790.0,139.0,16419.0
1908,299105.0,563.7,164182.0
1909,354783.0,131.4,16417.0
1910,476843.0,247.1,85656.0
1911,19988.0,131.4,19988.0
1912,22130.0,177.4,22130.0
1913,22130.0,200.9,22130.0
1914,27127.0,293.4,27127.0
1915,227017.0,77.2,2855.0
1916,439749.0,177.4,35693.0
1917,594650.0,107.8,22129.0
1918,634625.0,154.0,27840.0
1919,840920.0,169.5,44257.0
1920,48542.0,277.4,48542.0
1921,57110.0,77.2,8566.0
1922,111363.0,115.4,25699.0
1923,150625.0,84.8,15705.0
1924,261272.0,617.3,87089.0
1925,59964.0,462.7,59964.0
1926,102792.0,138.9,102792.0
1927,64248.0,393.6,64248.0
1928,17133.0,108.1,17133.0
1929,74954.0,409.4,74954.0
1930,68530.0,339.0,68530.0
1931,94945.0,586.8,94945.0
1932,366934.0,108.1,20702.0
1933,436178.0,162.3,25699.0
1934,501138.0,139.0,12135.0
1935,51397.0,347.6,51397.0
1936,34979.0,216.2,34979.0
1937,37834.0,262.2,37834.0
1938,27841.0,146.7,27841.0
1939,51398.0,292.9,51398.0
1940,26413.0,185.3,26413.0
1941,597435.0,77.2,1428.0
1942,653828.0,108.1,8566.0
1943,168467.0,200.9,87804.0
1944,17847.0,169.9,17847.0
1945,28554.0,216.0,28554.0
1946,36407.0,138.9,36407.0
1947,92803.0,370.6,92803.0
1948,84234.0,77.2,2142.0
1949,62819.0,77.2,7852.0
1950,32837.0,177.6,32837.0
1951,43545.0,246.7,43545.0
1952,87802.0,587.0,87802.0
1953,19988.0,185.3,19988.0
1954,23557.0,208.5,23557.0
1955,23557.0,208.1,23557.0
1956,32124.0,185.5,32124.0
1957,64960.0,355.5,64960.0
1958,134921.0,247.1,42831.0
1959,222721.0,331.7,73524.0
1960,17846.0,154.4,17846.0
1961,29268.0,177.6,29268.0
1962,17132.0,108.1,17132.0
1963,44972.0,146.7,44972.0
1964,42831.0,254.6,42831.0
1965,40689.0,200.9,40689.0
1966,44258.0,108.1,5711.0
1967,87092.0,393.8,87092.0
1968,17133.0,154.3,17133.0
1969,166332.0,108.1,13563.0
1970,34979.0,177.4,34979.0
1971,238430.0,146.4,29982.0
1972,300536.0,100.3,29268.0
1973,426173.0,400.7,101367.0
1974,108505.0,46.2,10708.0
1975,24985.0,107.8,24985.0
1976,62819.0,285.7,62819.0
1977,18560.0,146.7,18560.0
1978,44973.0,270.4,44973.0
1979,17133.0,138.9,17133.0
1980,17132.0,107.8,17132.0
1981,99942.0,146.7,22130.0
1982,110647.0,501.0,110647.0
1983,23557.0,139.0,23557.0
1984,12136.0,146.7,12136.0
1985,35693.0,146.7,35693.0
1986,39262.0,355.2,39262.0
1987,21416.0,92.8,21416.0
1988,32837.0,223.9,32837.0
1989,12849.0,92.8,12849.0
1990,438295.0,130.9,29982.0
1991,471132.0,100.3,14991.0
1992,497546.0,46.2,4997.0
1993,663159.0,316.0,70673.0
1994,780944.0,107.8,15705.0
1995,819493.0,185.0,22844.0
1996,46400.0,215.7,46400.0
1997,43545.0,331.9,43545.0
1998,93512.0,694.8,93512.0
1999,217724.0,1065.4,115640.0
2000,77096.0,262.5,34978.0
2001,14277.0,100.3,14277.0
2002,24984.0,100.4,24984.0
2003,25699.0,185.0,25699.0
2004,100653.0,454.8,100653.0
2005,64245.0,440.1,64245.0
2006,24271.0,185.3,24271.0
2007,47828.0,139.0,47828.0
2008,28554.0,262.5,28554.0
2009,24985.0,161.6,24985.0
2010,27126.0,208.5,27126.0
2011,89944.0,509.6,89944.0
2012,59962.0,540.3,59962.0
2013,29981.0,285.5,29981.0
2014,89947.0,108.1,8566.0
2015,122784.0,69.5,5711.0
2016,239856.0,69.5,6425.0
2017,274834.0,69.5,4997.0
2018,424022.0,486.6,91368.0
2019,521099.0,69.5,2141.0
2020,34265.0,254.8,34265.0
2021,17846.0,216.2,17846.0
2022,51397.0,262.2,51397.0
2023,28554.0,161.9,28554.0
2024,13563.0,115.8,13563.0
2025,102080.0,293.6,49970.0
2026,94940.0,154.6,24271.0
2027,17846.0,108.1,17846.0
2028,161327.0,154.0,19988.0
2029,205586.0,84.8,7852.0
2030,247704.0,138.5,24985.0
2031,38547.0,285.7,38547.0
2032,37120.0,254.3,37120.0
2033,354795.0,185.5,29267.0
2034,414043.0,100.4,17846.0
2035,488280.0,339.6,51394.0
2036,106360.0,486.8,106360.0
2037,35692.0,146.7,35692.0
2038,29981.0,131.4,29981.0
2039,182033.0,548.2,77094.0
2040,115643.0,377.6,55679.0
2041,22129.0,123.3,22129.0
2042,36406.0,223.6,36406.0
2043,18560.0,146.7,18560.0
2044,35692.0,185.0,35692.0
2045,44973.0,108.1,9280.0
2046,87090.0,100.4,9280.0
2047,179175.0,123.7,12135.0
2048,294813.0,448.0,72808.0
2049,45685.0,138.9,45685.0
2050,33551.0,185.0,33551.0
2051,57821.0,154.6,20702.0
2052,91372.0,77.2,7852.0
2053,38547.0,270.1,38547.0
2054,189884.0,355.0,68528.0
2055,29267.0,146.7,29267.0
2056,34264.0,200.5,34264.0
2057,64247.0,100.4,12849.0
2058,14277.0,146.7,14277.0
2059,52824.0,308.0,52824.0
2060,94942.0,432.4,39975.0
2061,189168.0,108.1,6424.0
2062,31409.0,378.0,31409.0
2063,84231.0,656.3,84231.0
2064,306963.0,555.7,52824.0
2065,496848.0,69.5,7852.0
2066,735974.0,355.2,137049.0
2067,868028.0,23.1,714.0
2068,57820.0,524.1,57820.0
2069,104935.0,216.2,39975.0
2070,169893.0,138.8,31408.0
2071,229139.0,23.1,714.0
2072,299092.0,146.4,39973.0
2073,371185.0,331.4,37832.0
2074,82093.0,455.3,82093.0
2075,29267.0,262.2,29267.0
2076,50683.0,285.3,50683.0
2077,27840.0,277.7,27840.0
2078,167747.0,100.3,9994.0
2079,92798.0,439.3,92798.0
2080,12849.0,115.8,12849.0
2081,24984.0,177.6,24984.0
2082,29981.0,309.0,29981.0
2083,134915.0,177.4,43544.0
2084,356926.0,292.9,84949.0
2085,418318.0,300.8,37121.0
2086,33551.0,308.6,33551.0
2087,2356533.0,200.9,21415.0
2088,2380089.0,30.9,714.0
2089,2709154.0,293.4,97078.0
2090,2995390.0,154.6,22841.0
2091,3027511.0,30.9,4283.0
2092,3155276.0,463.3,97073.0
2093,20701.0,108.1,20701.0
2094,22843.0,169.9,22843.0
2095,17846.0,123.3,17846.0
2096,46400.0,208.5,46400.0
2097,14991.0,115.8,14991.0
2098,28553.0,223.9,28553.0
2099,47827.0,316.6,47827.0
2100,55679.0,262.5,55679.0
2101,20701.0,115.8,20701.0
2102,112789.0,517.2,112789.0
2103,54966.0,378.5,54966.0
2104,30695.0,247.1,30695.0
2105,62818.0,331.5,62818.0
2106,91373.0,100.4,9280.0
2107,144910.0,131.4,32123.0
2108,48541.0,308.4,48541.0
2109,25698.0,185.3,25698.0
2110,38547.0,247.1,38547.0
2111,32836.0,177.4,32836.0
2112,132772.0,161.9,14991.0
2113,89229.0,339.0,89229.0
2114,14277.0,123.3,14277.0
2115,29981.0,239.5,29981.0
2116,28553.0,231.8,28553.0
2117,34264.0,192.9,34264.0
2118,42830.0,385.5,42830.0
2119,147762.0,324.5,62104.0
2120,25698.0,354.8,25698.0
2121,70668.0,254.8,12849.0
2122,100650.0,108.1,4283.0
2123,271244.0,293.4,44258.0
2124,54964.0,223.9,54964.0
2125,157044.0,254.5,30695.0
2126,47113.0,200.9,47113.0
2127,19273.0,107.8,19273.0
2128,21415.0,169.5,21415.0
2129,558228.0,223.3,64958.0
2130,608911.0,23.1,5711.0
2131,653168.0,138.5,22842.0
2132,684577.0,23.1,4283.0
2133,725978.0,69.3,11421.0
2134,795220.0,238.8,54965.0
2135,52824.0,339.0,52824.0
2136,27126.0,208.4,27126.0
2137,1385618.0,100.3,20701.0
2138,1449862.0,262.4,37833.0
2139,1494833.0,38.6,4997.0
2140,3158183.0,177.6,29266.0
2141,3229562.0,216.2,39258.0
2142,3365179.0,309.0,94218.0
2143,3489376.0,216.0,17844.0
2144,59249.0,115.8,4283.0
2145,129920.0,38.6,5711.0
2146,162755.0,69.5,5711.0
2147,213436.0,154.4,32836.0
2148,319079.0,100.3,19273.0
2149,503236.0,485.4,156319.0
2150,19987.0,115.8,19987.0
2151,100650.0,609.0,100650.0
2152,24270.0,139.0,24270.0
2153,27126.0,177.6,27126.0
2154,24984.0,169.9,24984.0
2155,48540.0,270.4,48540.0
2156,22843.0,192.9,22843.0
2157,41402.0,161.9,41402.0
2158,22842.0,185.0,22842.0
2159,24270.0,223.9,24270.0
2160,71383.0,239.1,31408.0
2161,49254.0,208.5,49254.0
2162,44971.0,215.7,44971.0
2163,112787.0,38.6,4997.0
2164,164897.0,185.3,23556.0
2165,258405.0,23.1,3569.0
2166,354056.0,239.1,62101.0
2167,415442.0,46.2,8566.0
2168,450418.0,130.9,19986.0
2169,506093.0,115.4,21414.0
2170,532503.0,61.7,10707.0
2171,654561.0,246.3,65668.0
2172,689536.0,23.1,6424.0
2173,717374.0,100.3,9993.0
2174,748780.0,69.3,7138.0
2175,778046.0,61.7,9279.0
2176,814449.0,115.8,19272.0
2177,886541.0,115.8,28551.0
2178,927226.0,38.6,4283.0
2179,1067121.0,216.0,59241.0
2180,1262686.0,570.9,153453.0
2181,19987.0,146.7,19987.0
2182,207730.0,131.2,14990.0
2183,466147.0,309.0,37832.0
2184,523251.0,115.8,9993.0
2185,54251.0,370.0,54251.0
2186,33550.0,177.4,33550.0
2187,43544.0,254.3,43544.0
2188,77094.0,208.5,27839.0
2189,17846.0,123.3,17846.0
2190,21415.0,339.6,21415.0
2191,49254.0,370.6,49254.0
2192,40688.0,200.5,40688.0
2193,74952.0,239.1,74952.0
2194,23556.0,169.9,23556.0
2195,13563.0,84.8,13563.0
2196,33550.0,185.3,33550.0
2197,49254.0,270.4,49254.0
2198,24270.0,162.3,24270.0
2199,17846.0,69.3,17846.0
2200,111353.0,810.5,111353.0
2201,76378.0,656.2,76378.0
2202,83516.0,239.5,27125.0
2203,109214.0,115.8,7139.0
2204,18559.0,262.5,18559.0
2205,27839.0,139.0,27839.0
2206,34264.0,231.8,34264.0
2207,42116.0,169.8,42116.0
2208,49253.0,246.7,49253.0
2209,108504.0,177.6,19987.0
2210,28553.0,177.6,28553.0
2211,27125.0,208.1,27125.0
2212,1411281.0,216.0,59961.0
2213,1495508.0,138.8,14276.0
2214,1619710.0,231.2,75662.0
2215,1749619.0,385.5,106355.0
2216,1849552.0,246.7,63528.0
2217,37119.0,393.8,37119.0
2218,19987.0,107.8,19987.0
2219,62817.0,100.4,7138.0
2220,163465.0,494.2,62101.0
2221,24270.0,177.4,24270.0
2222,27125.0,200.2,27125.0
2223,24270.0,270.0,24270.0
2224,82087.0,717.9,82087.0
2225,28553.0,254.6,28553.0
2226,29266.0,154.4,29266.0
2227,67814.0,532.8,67814.0
2228,36405.0,285.7,36405.0
2229,93512.0,192.9,16418.0
2230,19273.0,246.9,19273.0
2231,119919.0,517.7,119919.0
2232,48540.0,316.3,48540.0
2233,32122.0,115.8,32122.0
2234,136339.0,470.6,90654.0
2235,27125.0,262.2,27125.0
2236,14990.0,108.1,14990.0
2237,129913.0,223.9,24984.0
2238,19987.0,169.5,19987.0
2239,55679.0,192.9,55679.0
2240,86372.0,447.6,86372.0
2241,47112.0,432.4,47112.0
2242,22128.0,216.0,22128.0
2243,144199.0,1196.5,144199.0
2244,67812.0,324.5,67812.0
2245,34977.0,239.5,34977.0
2246,22842.0,208.5,22842.0
2247,29980.0,262.5,29980.0
2248,40687.0,293.4,40687.0
2249,29980.0,208.5,29980.0
2250,144191.0,154.0,53535.0
2251,177028.0,61.7,2141.0
2252,213432.0,46.2,8566.0
2253,271251.0,177.1,34263.0
2254,347626.0,115.4,20700.0
2255,388313.0,77.2,7852.0
2256,56391.0,285.4,56391.0
2257,39260.0,208.4,39260.0
2258,65671.0,386.0,65671.0
2259,27125.0,146.7,27125.0
2260,17845.0,100.3,17845.0
2261,28553.0,216.2,28553.0
2262,26411.0,192.9,26411.0
2263,75664.0,308.0,75664.0
2264,104217.0,61.7,7852.0
2265,149902.0,23.1,2141.0
2266,235561.0,238.8,39260.0
2267,295522.0,23.1,714.0
2268,346915.0,46.2,7138.0
2269,388317.0,84.8,12849.0
2270,57821.0,115.8,57821.0
2271,346898.0,324.3,47826.0
2272,653820.0,38.6,2142.0
2273,846552.0,324.3,24985.0
2274,106358.0,308.8,43543.0
2275,160610.0,146.7,19274.0
2276,28553.0,92.3,28553.0
2277,88515.0,30.9,714.0
2278,199869.0,285.7,62101.0
2279,29980.0,216.0,29980.0
2280,30694.0,223.9,30694.0
2281,588904.0,77.2,10707.0
2282,609604.0,38.6,714.0
2283,965822.0,161.6,35691.0
2284,997231.0,38.6,1428.0
2285,1187108.0,200.5,54249.0
2286,1238501.0,146.4,27124.0
2287,1282757.0,169.5,29980.0
2288,1327010.0,23.1,2141.0
2289,165606.0,624.3,165606.0
2290,247701.0,146.7,31408.0
2291,301236.0,169.9,34262.0
2292,427581.0,30.9,2141.0
2293,820163.0,532.8,128478.0
2294,21414.0,169.9,21414.0
2295,19987.0,131.4,19987.0
2296,17845.0,100.3,17845.0
2297,828802.0,324.5,57104.0
2298,1381288.0,246.9,49251.0
2299,33549.0,293.4,33549.0
2300,73522.0,38.6,15704.0
2301,198440.0,455.6,90656.0
2302,236273.0,108.1,9280.0
2303,59958.0,38.6,714.0
2304,105644.0,354.9,58532.0
2305,19273.0,123.3,19273.0
2306,32835.0,208.5,32835.0
2307,120638.0,493.8,120638.0
2308,21414.0,138.8,21414.0
2309,23556.0,200.9,23556.0
2310,31408.0,200.9,31408.0
2311,159890.0,648.5,159890.0
2312,43542.0,292.9,43542.0
2313,54249.0,254.3,54249.0
2314,124204.0,331.8,59960.0
2315,14990.0,100.3,14990.0
2316,29980.0,216.2,29980.0
2317,36404.0,324.1,36404.0
2318,36404.0,270.1,36404.0
2319,34977.0,200.9,34977.0
2320,117778.0,524.9,117778.0
2321,102788.0,463.3,60673.0
2322,27125.0,185.0,27125.0
2323,39974.0,38.6,714.0
2324,26411.0,216.0,26411.0
2325,86370.0,438.9,86370.0
2326,478974.0,77.2,13562.0
2327,517520.0,115.8,14276.0
2328,554637.0,77.2,5710.0
2329,729512.0,686.5,141327.0
2330,795180.0,77.2,37117.0
2331,882977.0,61.7,5710.0
2332,33549.0,285.5,33549.0
2333,93508.0,548.2,93508.0
2334,47825.0,331.4,47825.0
2335,63528.0,92.3,19273.0
2336,234842.0,362.1,108500.0
2337,419000.0,323.9,69240.0
2338,467538.0,138.8,15704.0
2339,526072.0,107.8,16418.0
2340,641703.0,38.6,3569.0
2341,717370.0,123.3,11421.0
2342,793031.0,69.3,7138.0
2343,820869.0,69.3,11421.0
2344,925802.0,69.3,11421.0
2345,1024308.0,223.6,49966.0
2346,1050006.0,38.6,2855.0
2347,1318382.0,130.9,17845.0
2348,1365491.0,38.6,2855.0
2349,1441868.0,177.1,46397.0
2350,1561071.0,292.9,72094.0
2351,1614607.0,46.2,12848.0
2352,1703114.0,69.3,9993.0
2353,1736663.0,69.3,9993.0
2354,1836594.0,192.6,68523.0
2355,2063587.0,177.4,27124.0
2356,2094993.0,38.6,3569.0
2357,2177788.0,84.8,2855.0
2358,2232034.0,69.2,14989.0
2359,2262727.0,61.7,8565.0
2360,2485424.0,439.6,121339.0
2361,14990.0,146.7,14990.0
2362,37118.0,216.2,37118.0
2363,39260.0,115.8,39260.0
2364,94936.0,555.4,94936.0
2365,84943.0,269.8,84943.0
2366,62815.0,485.5,62815.0
2367,67812.0,309.0,67812.0
2368,19273.0,154.4,19273.0
2369,22842.0,216.2,22842.0
2370,87085.0,347.2,45684.0
2371,72094.0,316.9,72094.0
2372,15704.0,177.4,15704.0
2373,14276.0,108.1,14276.0
2374,89938.0,432.4,89938.0
2375,15704.0,146.7,15704.0
2376,36403.0,92.6,36403.0
2377,102077.0,177.4,14990.0
2378,23556.0,169.8,23556.0
2379,873744.0,30.9,1428.0
2380,901583.0,38.6,1428.0
2381,967252.0,115.8,22841.0
2382,1102157.0,293.4,69951.0
2383,58532.0,354.5,58532.0
2384,20700.0,139.0,20700.0
2385,34976.0,115.8,34976.0
2386,24983.0,84.8,24983.0
2387,34262.0,169.5,34262.0
2388,114919.0,77.2,5710.0
2389,31407.0,177.6,31407.0
2390,139906.0,231.2,54964.0
2391,231987.0,223.6,53536.0
2392,14990.0,84.8,14990.0
2393,17845.0,169.9,17845.0
2394,15704.0,115.8,15704.0
2395,84230.0,92.8,14990.0
2396,167743.0,463.3,64240.0
2397,103500.0,563.6,103500.0
2398,22842.0,131.4,22842.0
2399,177023.0,602.3,85658.0
2400,34263.0,185.3,34263.0
2401,105640.0,525.0,105640.0
2402,60674.0,38.6,714.0
2403,158464.0,301.3,67096.0
2404,292654.0,138.8,23554.0
2405,376879.0,200.9,35688.0
2406,27838.0,169.8,27838.0
2407,155613.0,100.4,5710.0
2408,254116.0,216.2,49965.0
2409,24269.0,177.1,24269.0
2410,81375.0,77.2,9993.0
2411,182019.0,100.3,15703.0
2412,264103.0,308.4,58530.0
2413,89939.0,385.5,89939.0
2414,54963.0,354.9,54963.0
2415,69951.0,115.8,7852.0
2416,23555.0,177.6,23555.0
2417,137045.0,686.5,137045.0
2418,29266.0,285.3,29266.0
2419,77803.0,562.3,77803.0
2420,34262.0,270.0,34262.0
2421,172032.0,919.0,172032.0
2422,2471575.0,656.3,101361.0
2423,163467.0,872.7,163467.0
2424,16417.0,92.8,16417.0
2425,15704.0,192.9,15704.0
2426,140618.0,284.9,69952.0
2427,62813.0,154.4,62813.0
2428,16417.0,115.8,16417.0
2429,49251.0,401.7,49251.0
2430,19986.0,123.7,19986.0
2431,81372.0,130.9,16417.0
2432,263395.0,192.9,16417.0
2433,19986.0,100.4,19986.0
2434,17131.0,146.7,17131.0
2435,161311.0,30.9,2855.0
2436,205566.0,293.4,29266.0
2437,190317750.0,138.8,35721.0
2438,190465520.0,38.6,5707.0
2439,190638980.0,77.2,15000.0
2440,190746080.0,184.9,51422.0
2441,191180830.0,38.6,1419.0
2442,191292250.0,246.7,83572.0
2443,191567830.0,354.9,124954.0
2444,192293180.0,23.1,717.0
2445,192440250.0,123.4,60692.0
2446,192595890.0,23.1,2853.0
2447,193313420.0,107.8,33569.0
2448,193327700.0,38.6,1433.0
2449,193347690.0,46.1,4288.0
2450,193397660.0,46.3,4288.0
2451,193566830.0,84.7,21412.0
2452,193733180.0,253.9,97824.0
2453,193808880.0,131.0,43579.0
2454,194166550.0,277.0,121393.0
2455,194188690.0,46.2,5008.0
2456,194836260.0,23.1,1434.0
2457,195265370.0,161.6,44296.0
2458,195413850.0,100.2,47834.0
2459,196110700.0,200.2,96405.0
2460,196287770.0,161.6,52124.0
2461,196309190.0,46.2,8574.0
2462,197430630.0,223.2,47857.0
2463,197520600.0,107.9,64270.0
2464,197604140.0,69.3,38570.0
2465,197722660.0,69.2,50701.0
2466,197763370.0,46.1,7874.0
2467,198463060.0,61.6,21423.0
2468,198611590.0,246.5,79285.0
2469,199073530.0,23.1,3571.0
2470,199773760.0,162.0,46398.0
2471,199942250.0,92.3,18570.0
2472,200112880.0,115.4,41438.0
2473,200349930.0,207.7,65013.0
2474,200522690.0,38.7,4293.0
2475,200584090.0,84.7,27130.0
2476,201952760.0,392.8,117828.0
2477,202051280.0,107.9,42845.0
2478,202116260.0,38.5,2862.0
2479,203677290.0,408.7,146388.0
2480,203795100.0,184.9,20721.0
2481,203846510.0,61.8,8576.0
2482,203966460.0,131.2,9293.0
2483,203991460.0,146.7,7147.0
2484,204368350.0,61.6,5720.0
2485,204469010.0,69.3,7154.0
2486,204489000.0,38.6,3571.0
2487,207071260.0,238.8,110685.0
2488,207125520.0,77.1,5005.0
2489,207244740.0,123.3,20712.0
2490,207448880.0,61.7,27125.0
2491,207725880.0,300.9,167779.0
2492,207803710.0,192.6,34286.0
2493,207993590.0,38.5,26413.0
2494,208229900.0,23.1,1434.0
2495,208980800.0,77.2,14280.0
2496,209080760.0,38.7,2151.0
2497,209204300.0,285.4,92839.0
2498,209351360.0,23.1,2866.0
2499,209386350.0,38.6,3578.0
2500,209476320.0,131.1,26428.0
2501,209534870.0,61.6,16429.0
2502,209698360.0,23.1,717.0
2503,215534380.0,285.6,65001.0
2504,215874240.0,30.9,10712.0
2505,215954910.0,38.7,1429.0
2506,216124110.0,31.0,2863.0
2507,216216930.0,77.1,8575.0
2508,216254790.0,138.9,20004.0
2509,216475430.0,231.2,50003.0
2510,216770340.0,485.5,189240.0
2511,218629290.0,231.2,58560.0
2512,218952040.0,254.4,97839.0
2513,218978470.0,46.0,7858.0
2514,219055600.0,270.2,57856.0
2515,219424760.0,339.8,171390.0
2516,245841430.0,247.1,54291.0
2517,245978550.0,138.8,24292.0
2518,246104950.0,138.8,32154.0
2519,246354920.0,493.5,117152.0
2520,250098830.0,192.7,72144.0
2521,250179520.0,30.9,1430.0
2522,250262370.0,169.8,48581.0
2523,253031980.0,247.1,209243.0
2524,253299800.0,308.7,178558.0
2525,253641130.0,100.2,18581.0
2526,253728260.0,84.8,17853.0
2527,253881840.0,246.8,90025.0
2528,12848.0,192.9,12848.0
2529,33549.0,355.2,33549.0
2530,268380.0,733.3,55678.0
2531,98505.0,640.8,98505.0
2532,20700.0,146.4,20700.0
2533,109926.0,169.5,29266.0
2534,229845.0,246.7,52106.0
2535,259110.0,123.3,12848.0
2536,48538.0,231.2,48538.0
2537,38545.0,208.5,38545.0
2538,43541.0,246.9,43541.0
2539,220577.0,30.9,714.0
2540,265547.0,115.8,7852.0
2541,23555.0,192.9,23555.0
2542,40686.0,447.7,40686.0
2543,131340.0,432.0,30693.0
2544,47111.0,77.2,3569.0
2545,19272.0,100.3,19272.0
2546,32121.0,208.1,32121.0
2547,41400.0,432.0,41400.0
2548,34262.0,177.6,34262.0
2549,25696.0,169.9,25696.0
2550,44255.0,254.8,44255.0
2551,35690.0,131.4,35690.0
2552,112068.0,794.4,112068.0
2553,91365.0,424.4,34262.0
2554,24983.0,185.3,24983.0
2555,381160.0,678.7,129908.0
2556,670225.0,177.1,35688.0
2557,22841.0,254.6,22841.0
2558,17845.0,146.7,17845.0
2559,55676.0,323.9,55676.0
2560,32834.0,200.9,32834.0
2561,27124.0,239.3,27124.0
2562,1832421.0,84.8,17131.0
2563,1971609.0,262.2,70664.0
2564,2229294.0,30.9,3569.0
2565,2356344.0,401.5,114916.0
2566,84941.0,400.7,84941.0
2567,33548.0,185.0,33548.0
2568,13562.0,115.8,13562.0
2569,21414.0,146.4,21414.0
2570,47110.0,370.5,47110.0
2571,19986.0,107.8,19986.0
2572,49965.0,401.5,49965.0
2573,29979.0,293.4,29979.0
2574,31407.0,215.7,31407.0
2575,158462.0,216.0,17845.0
2576,16417.0,84.8,16417.0
2577,44968.0,108.1,44968.0
2578,33548.0,424.7,33548.0
2579,32834.0,254.8,32834.0
2580,48537.0,301.3,48537.0
2581,34262.0,246.9,34262.0
2582,30693.0,185.3,30693.0
2583,52820.0,277.4,52820.0
2584,42828.0,370.3,42828.0
2585,12134.0,115.8,12134.0
2586,17845.0,185.3,17845.0
2587,56389.0,370.0,56389.0
2588,23555.0,185.3,23555.0
2589,16417.0,115.8,16417.0
2590,12134.0,100.3,12134.0
2591,24269.0,216.2,24269.0
2592,40686.0,154.3,40686.0
2593,36403.0,370.3,36403.0
2594,28551.0,169.9,28551.0
2595,126335.0,177.6,5710.0
2596,14989.0,192.9,14989.0
2597,34975.0,208.4,34975.0
2598,27838.0,223.6,27838.0
2599,42827.0,216.0,42827.0
2600,17131.0,154.3,17131.0
2601,29978.0,108.1,29978.0
2602,129201.0,1119.7,129201.0
2603,43541.0,347.5,43541.0
2604,36403.0,185.3,36403.0
2605,22841.0,123.3,22841.0
2606,27837.0,200.2,27837.0
2607,23555.0,100.3,23555.0
2608,16417.0,154.3,16417.0
2609,39972.0,278.0,39972.0
2610,36403.0,193.2,36403.0
2611,33547.0,231.5,33547.0
2612,62097.0,115.8,6424.0
2613,59959.0,92.8,11420.0
2614,83514.0,30.9,5710.0
2615,169881.0,108.1,29979.0
2616,209138.0,139.0,20699.0
2617,49251.0,254.8,49251.0
2618,40686.0,269.8,40686.0
2619,27837.0,84.8,27837.0
2620,22127.0,115.8,22127.0
2621,110635.0,446.9,110635.0
2622,30692.0,208.1,30692.0
2623,19272.0,146.7,19272.0
2624,17131.0,270.1,17131.0
2625,49250.0,301.0,49250.0
2626,44255.0,61.8,6424.0
2627,14276.0,146.7,14276.0
2628,80658.0,648.8,80658.0
2629,35689.0,185.0,35689.0
2630,101359.0,115.8,6424.0
2631,12134.0,123.3,12134.0
2632,34261.0,277.7,34261.0
2633,37116.0,92.3,37116.0
2634,122052.0,138.8,15703.0
2635,106353.0,663.1,106353.0
2636,64953.0,423.8,64953.0
2637,54246.0,385.8,54246.0
2638,15703.0,131.2,15703.0
2639,32833.0,416.8,32833.0
2640,67808.0,331.4,67808.0
2641,169162.0,401.5,73519.0
2642,207707.0,100.4,13562.0
2643,146328.0,725.8,146328.0
2644,21413.0,130.9,21413.0
2645,194143.0,177.6,45682.0
2646,232687.0,154.4,17845.0
2647,662381.0,378.5,95652.0
2648,736620.0,548.0,52111.0
2649,200566.0,300.7,58530.0
2650,334042.0,177.4,49966.0
2651,110635.0,223.9,44968.0
2652,51391.0,524.5,51391.0
2653,69949.0,463.3,69949.0
2654,209141.0,208.5,39257.0
2655,286227.0,246.9,19985.0
2656,49965.0,115.4,49965.0
2657,89221.0,347.5,89221.0
2658,28551.0,185.3,28551.0
2659,24268.0,177.6,24268.0
2660,23554.0,231.5,23554.0
2661,183436.0,424.5,53533.0
2662,48536.0,146.4,48536.0
2663,269822.0,100.4,3569.0
2664,287666.0,115.8,2855.0
2665,14989.0,100.4,14989.0
2666,39971.0,270.1,39971.0
2667,157031.0,77.2,7138.0
2668,184154.0,92.8,12848.0
2669,214132.0,38.6,1428.0
2670,269091.0,146.7,19985.0
2671,391853.0,617.5,88503.0
2672,28551.0,216.0,28551.0
2673,12848.0,108.1,12848.0
2674,79942.0,270.4,79942.0
2675,39257.0,185.0,39257.0
2676,67809.0,493.6,67809.0
2677,71376.0,38.6,6424.0
2678,91364.0,416.8,91364.0
2679,68523.0,463.1,68523.0
2680,127050.0,223.6,33547.0
2681,231259.0,108.1,18558.0
2682,250531.0,77.2,7138.0
2683,47109.0,262.7,47109.0
2684,31406.0,131.4,31406.0
2685,30692.0,154.3,30692.0
2686,113488.0,370.5,113488.0
2687,42112.0,324.0,42112.0
2688,37116.0,231.5,37116.0
2689,202714.0,370.5,78514.0
2690,259101.0,69.5,4996.0
2691,113487.0,740.4,113487.0
2692,47109.0,292.8,47109.0
2693,88507.0,154.0,20699.0
2694,28551.0,208.1,28551.0
2695,25427494.0,61.8,7137.0
2696,25477457.0,108.1,30691.0
2697,25501724.0,146.7,8564.0
2698,37830.0,277.7,37830.0
2699,30692.0,123.3,30692.0
2700,112062.0,725.2,112062.0
2701,44254.0,309.0,44254.0
2702,46394.0,285.7,46394.0
2703,33547.0,139.0,33547.0
2704,42112.0,223.9,42112.0
2705,2486301.0,38.6,2855.0
2706,2537692.0,254.8,37116.0
2707,2571952.0,30.9,714.0
2708,2793929.0,293.4,27122.0
2709,2904558.0,115.8,2141.0
2710,14275.0,84.8,14275.0
2711,4979382.0,30.9,1428.0
2712,19272.0,138.8,19272.0
2713,18558.0,146.4,18558.0
2714,78515.0,494.0,78515.0
2715,29978.0,115.8,29978.0
2716,14275.0,138.8,14275.0
2717,12848.0,100.3,12848.0
2718,157742.0,378.3,87791.0
2719,270510.0,332.0,52815.0
2720,27123.0,131.2,27123.0
2721,67807.0,331.4,67807.0
2722,17844.0,146.7,17844.0
2723,27837.0,108.1,27837.0
2724,69948.0,192.9,17130.0
2725,257669.0,579.1,90651.0
2726,304780.0,216.2,13563.0
2727,97787.0,493.8,97787.0
2728,80656.0,432.2,46395.0
2729,22126.0,100.4,22126.0
2730,209855.0,38.6,714.0
2731,334766.0,208.4,19271.0
2732,33547.0,339.6,33547.0
2733,61383.0,355.2,61383.0
2734,17130.0,146.7,17130.0
2735,194855.0,894.0,194855.0
2736,42825.0,270.1,42825.0
2737,174873.0,324.3,57814.0
2738,44967.0,215.7,44967.0
2739,236969.0,647.7,136331.0
2740,15703.0,84.8,15703.0
2741,71376.0,323.9,71376.0
2742,78514.0,447.7,78514.0
2743,95644.0,192.9,33546.0
2744,197710.0,316.6,55671.0
2745,74944.0,332.2,74944.0
2746,77085.0,308.3,77085.0
2747,49249.0,309.0,49249.0
2748,37829.0,309.0,37829.0
2749,71375.0,324.0,29264.0
2750,25695.0,138.8,25695.0
2751,226263.0,486.4,69233.0
2752,84935.0,694.8,84935.0
2753,24982.0,185.2,24982.0
2754,2532566.0,115.8,8565.0
2755,30691.0,231.5,30691.0
2756,79940.0,500.9,79940.0
2757,14275.0,154.3,14275.0
2758,52104.0,262.4,52104.0
2759,29264.0,262.4,29264.0
2760,109205.0,285.7,61383.0
2761,57814.0,308.8,57814.0
2762,57101.0,238.8,57101.0
2763,59241.0,301.3,59241.0
2764,39257.0,300.8,39257.0
2765,19985.0,177.1,19985.0
2766,27123.0,223.6,27123.0
2767,91362.0,146.7,14989.0
2768,187002.0,525.1,68518.0
2769,33546.0,300.8,33546.0
2770,56387.0,254.8,56387.0
2771,116339.0,77.2,3569.0
2772,214124.0,463.3,72090.0
2773,324763.0,802.6,65671.0
2774,25695.0,169.5,25695.0
2775,25695.0,92.6,25695.0
2776,18557.0,100.4,18557.0
2777,43539.0,254.6,43539.0
2778,77084.0,224.1,26409.0
2779,4250598.0,216.2,45681.0
2780,4583941.0,323.9,74234.0
2781,4699579.0,100.3,9994.0
2782,4925838.0,77.2,6424.0
2783,5063599.0,223.8,59246.0
2784,5151396.0,177.6,27839.0
2785,5254899.0,139.0,16418.0
2786,5470478.0,231.4,58535.0
2787,5536865.0,61.7,17132.0
2788,5616104.0,177.4,34979.0
2789,5771013.0,571.1,114221.0
2790,85651.0,370.6,85651.0
2791,39256.0,246.9,39256.0
2792,80654.0,362.1,80654.0
2793,29264.0,146.4,29264.0
2794,34974.0,177.1,34974.0
2795,432496.0,38.6,1427.0
2796,25695.0,185.3,25695.0
2797,29264.0,177.4,29264.0
2798,23554.0,139.0,23554.0
2799,42825.0,269.8,42825.0
2800,732266.0,131.4,11420.0
2801,847895.0,301.3,42112.0
2802,1186223.0,355.2,101359.0
2803,1277592.0,416.9,72096.0
2804,1333271.0,38.6,714.0
2805,1414647.0,239.3,12849.0
2806,122053.0,570.2,122053.0
2807,69234.0,315.6,69234.0
2808,29263.0,308.3,29263.0
2809,29264.0,192.9,29264.0
2810,30691.0,216.0,30691.0
2811,17130.0,231.5,17130.0
2812,34974.0,192.9,34974.0
2813,32118.0,278.0,32118.0
2814,82797.0,602.3,82797.0
2815,45680.0,409.0,45680.0
2816,24981.0,192.9,24981.0
2817,47821.0,247.1,47821.0
2818,33546.0,439.9,33546.0
2819,42824.0,161.9,42824.0
2820,39255.0,115.8,39255.0
2821,29263.0,339.0,29263.0
2822,146320.0,439.9,24267.0
2823,204132.0,61.7,4996.0
2824,258376.0,23.1,1427.0
2825,52817.0,370.5,52817.0
2826,83510.0,478.9,83510.0
2827,191280.0,779.2,191280.0
2828,40683.0,285.7,40683.0
2829,27836.0,239.1,27836.0
2830,22126.0,146.7,22126.0
2831,18557.0,161.9,18557.0
2832,137042.0,579.3,137042.0
2833,67806.0,362.1,67806.0
2834,103488.0,30.9,714.0
2835,17843.0,100.4,17843.0
2836,30691.0,208.5,30691.0
2837,18557.0,185.0,18557.0
2838,135614.0,100.4,7851.0
2839,159882.0,30.9,5710.0
2840,194855.0,77.2,7137.0
2841,280502.0,192.9,27835.0
2842,207702.0,223.9,41397.0
2843,251954.0,108.1,12133.0
2844,39256.0,262.2,39256.0
2845,112773.0,740.9,112773.0
2846,82795.0,494.2,82795.0
2847,21412.0,193.2,21412.0
2848,44251.0,169.5,44251.0
2849,100637.0,416.8,100637.0
2850,20698.0,146.7,20698.0
2851,32119.0,108.1,32119.0
2852,21412.0,146.4,21412.0
2853,97070.0,440.0,97070.0
2854,29977.0,231.5,29977.0
2855,114915.0,625.6,114915.0
2856,216260.0,909.2,216260.0
2857,13561.0,154.3,13561.0
2858,81367.0,386.1,81367.0
2859,59953.0,331.6,59953.0
2860,385415.0,817.2,214836.0
2861,31405.0,262.2,31405.0
2862,23553.0,115.8,23553.0
2863,32832.0,216.0,32832.0
2864,25694.0,154.3,25694.0
2865,69946.0,377.6,69946.0
2866,69233.0,486.3,69233.0
2867,41397.0,355.2,41397.0
2868,22126.0,262.4,22126.0
2869,33546.0,108.1,33546.0
2870,65664.0,270.1,22839.0
2871,13561.0,100.3,13561.0
2872,53531.0,123.3,6424.0
2873,45679.0,293.4,45679.0
2874,32831.0,331.9,32831.0
2875,20698.0,107.8,20698.0
2876,24267.0,185.0,24267.0
2877,22126.0,100.4,22126.0
2878,32832.0,254.6,32832.0
2879,141319.0,246.7,49961.0
2880,253378.0,231.2,42825.0
2881,21412.0,123.3,21412.0
2882,115625.0,269.8,64949.0
2883,188425.0,239.4,40682.0
2884,32118.0,154.3,32118.0
2885,24267.0,139.0,24267.0
2886,70660.0,162.3,17843.0
2887,27836.0,177.1,27836.0
2888,33545.0,84.8,33545.0
2889,63521.0,416.4,63521.0
2890,34259.0,231.2,34259.0
2891,41396.0,146.7,41396.0
2892,51387.0,77.2,2141.0
2893,61381.0,370.2,61381.0
2894,81365.0,231.8,81365.0
2895,111341.0,215.7,28549.0
2896,39969.0,146.7,39969.0
2897,111344.0,502.0,111344.0
2898,58525.0,455.1,58525.0
2899,19984.0,84.8,19984.0
2900,57812.0,261.8,57812.0
2901,112773.0,30.9,2141.0
2902,194852.0,270.2,42823.0
2903,29263.0,293.4,29263.0
2904,165583.0,115.8,13561.0
2905,212688.0,69.5,8565.0
2906,331169.0,293.6,69947.0
2907,432524.0,409.1,62099.0
2908,58527.0,586.6,58527.0
2909,89215.0,332.0,89215.0
2910,52816.0,409.4,52816.0
2911,108488.0,524.3,108488.0
2912,48533.0,316.6,48533.0
2913,119191.0,161.9,32118.0
2914,34259.0,115.8,34259.0
2915,329736.0,293.2,58526.0
2916,82079.0,100.3,20698.0
2917,124899.0,146.7,12847.0
2918,62094.0,261.8,62094.0
2919,25694.0,154.4,25694.0
2920,149885.0,346.9,54957.0
2921,103492.0,254.8,30690.0
2922,38541.0,154.3,38541.0
2923,48533.0,300.8,48533.0
2924,30690.0,185.0,30690.0
2925,52816.0,301.0,52816.0
2926,70658.0,231.2,70658.0
2927,124898.0,285.7,22126.0
2928,86360.0,408.9,86360.0
2929,35686.0,207.7,35686.0
2930,167010.0,277.3,49961.0
2931,219834.0,1126.2,219834.0
2932,61378.0,38.6,4282.0
2933,20698.0,115.8,20698.0
2934,69946.0,424.7,69946.0
2935,22839.0,262.2,22839.0
2936,54244.0,223.9,54244.0
2937,14988.0,115.8,14988.0
2938,18444700.0,100.3,20697.0
2939,18507510.0,61.7,9277.0
2940,18568174.0,115.4,28547.0
2941,18745901.0,23.1,2853.0
2942,18952873.0,215.7,58524.0
2943,19013536.0,84.7,29260.0
2944,19087051.0,100.3,40682.0
2945,19161991.0,123.3,17129.0
2946,19395393.0,92.3,24265.0
2947,19507444.0,77.2,3568.0
2948,19575250.0,161.6,39968.0
2949,19679453.0,207.8,83504.0
2950,19742258.0,107.8,9277.0
2951,19838610.0,146.4,38540.0
2952,19947811.0,177.1,71371.0
2953,20440975.0,239.1,60668.0
2954,104200.0,69.5,10706.0
2955,62093.0,285.3,62093.0
2956,156306.0,609.0,92072.0
2957,93499.0,131.3,28549.0
2958,152737.0,223.9,43536.0
2959,35686.0,262.4,35686.0
2960,154162.0,261.8,67089.0
2961,219111.0,424.4,37114.0
2962,63521.0,215.7,63521.0
2963,124186.0,470.2,124186.0
2964,59239.0,308.3,59239.0
2965,34258.0,161.9,34258.0
2966,62808.0,409.0,62808.0
2967,15702.0,108.1,15702.0
2968,41396.0,285.7,41396.0
2969,58526.0,270.1,58526.0
2970,37827.0,185.0,37827.0
2971,30690.0,216.0,30690.0
2972,20698.0,146.7,20698.0
2973,38541.0,239.4,38541.0
2974,54242.0,293.6,54242.0
2975,74225.0,131.4,31403.0
2976,185568.0,548.1,77084.0
2977,167722.0,640.7,88502.0
2978,323301.0,432.3,33545.0
2979,35686.0,292.8,35686.0
2980,28549.0,378.2,28549.0
2981,29976.0,177.4,29976.0
2982,25694.0,154.3,25694.0
2983,22125.0,139.0,22125.0
2984,36399.0,316.6,36399.0
2985,16415.0,146.7,16415.0
2986,57812.0,393.8,57812.0
2987,42109.0,216.2,42109.0
2988,39968.0,292.8,39968.0
2989,55670.0,408.2,55670.0
2990,121330.0,732.1,121330.0
2991,15702.0,100.3,15702.0
2992,23552.0,223.9,23552.0
2993,126322.0,30.9,9992.0
2994,72798.0,138.8,11419.0
2995,246943.0,578.9,88503.0
2996,60666.0,161.9,60666.0
2997,17129.0,162.1,17129.0
2998,61378.0,378.2,61378.0
2999,13560.0,138.8,13560.0
3000,55668.0,38.6,1427.0
3001,28549.0,262.4,28549.0
3002,16415.0,108.1,16415.0
3003,16415.0,100.3,16415.0
3004,27121.0,239.4,27121.0
3005,86358.0,69.5,4996.0
3006,47105.0,308.7,47105.0
3007,48532.0,377.6,48532.0
3008,40682.0,509.5,40682.0
3009,14274.0,131.2,14274.0
3010,43536.0,185.3,43536.0
3011,40681.0,177.6,40681.0
3012,84217.0,485.4,84217.0
3013,81363.0,346.8,81363.0
3014,258356.0,216.2,50673.0
3015,391110.0,262.4,50675.0
3016,14274.0,108.1,14274.0
3017,24266.0,154.3,24266.0
3018,38540.0,238.7,38540.0
3019,43537.0,177.4,43537.0
3020,64947.0,278.0,64947.0
3021,44963.0,292.8,44963.0
3022,27835.0,200.9,27835.0
3023,19984.0,131.2,19984.0
3024,44964.0,578.9,44964.0
3025,34258.0,285.7,34258.0
3026,53529.0,532.8,53529.0
3027,31403.0,339.9,31403.0
3028,38540.0,308.3,38540.0
3029,142028.0,77.2,4282.0
3030,242658.0,130.9,27121.0
3031,278343.0,138.5,22125.0
3032,475333.0,46.2,5710.0
3033,504594.0,100.3,11419.0
3034,567400.0,254.2,46390.0
3035,32830.0,308.3,32830.0
3036,50673.0,339.3,50673.0
3037,33544.0,316.6,33544.0
3038,23552.0,177.6,23552.0
3039,32117.0,146.7,32117.0
3040,61380.0,617.6,61380.0
3041,78510.0,38.6,2141.0
3042,94212.0,38.6,1427.0
3043,22838.0,108.1,22838.0
3044,79221.0,377.6,79221.0
3045,70656.0,393.1,70656.0
3046,80646.0,30.9,3568.0
3047,172000.0,409.4,65662.0
3048,54242.0,324.1,54242.0
3049,22838.0,107.8,22838.0
3050,14988.0,115.8,14988.0
3051,29262.0,223.6,29262.0
3052,20697.0,161.9,20697.0
3053,28548.0,192.9,28548.0
3054,14274.0,185.3,14274.0
3055,203398.0,185.3,19270.0
3056,52814.0,223.5,52814.0
3057,42822.0,223.6,42822.0
3058,110626.0,185.0,18556.0
3059,17129.0,146.7,17129.0
3060,57811.0,417.3,57811.0
3061,15701.0,131.3,15701.0
3062,56382.0,440.1,56382.0
3063,20697.0,84.7,20697.0
3064,276197.0,231.2,38540.0
3065,428931.0,392.7,113481.0
3066,487456.0,77.2,18557.0
3067,698703.0,123.3,5710.0
3068,778639.0,169.5,48533.0
3069,1080527.0,192.9,49961.0
3070,1281082.0,223.9,75657.0
3071,1497353.0,494.0,94218.0
3072,102773.0,23.1,714.0
3073,87785.0,300.1,87785.0
3074,19984.0,115.8,19984.0
3075,49959.0,239.1,49959.0
3076,797933.0,223.6,42108.0
3077,143450.0,254.8,32116.0
3078,56383.0,409.1,56383.0
3079,60665.0,416.9,60665.0
3080,438189.0,38.6,3568.0
3081,538108.0,393.4,54955.0
3082,59950.0,354.5,59950.0
3083,18556.0,169.9,18556.0
3084,113472.0,38.6,714.0
3085,32116.0,347.3,32116.0
3086,41394.0,108.1,41394.0
3087,145597.0,123.3,19270.0
3088,132032.0,246.7,42822.0
3089,289747.0,69.5,9278.0
3090,320436.0,69.5,9992.0
3091,453181.0,139.0,18556.0
3092,505996.0,131.4,14274.0
3093,536686.0,30.9,2141.0
3094,790778.0,625.8,118484.0
3095,872861.0,38.6,1428.0
3096,31403.0,247.1,31403.0
3097,144882.0,269.7,51387.0
3098,378258.0,939.8,213392.0
3099,27121.0,324.3,27121.0
3100,29975.0,316.6,29975.0
3101,37111.0,100.3,37111.0
3102,33544.0,146.7,33544.0
3103,48531.0,278.0,48531.0
3104,27120.0,185.3,27120.0
3105,45677.0,354.8,45677.0
3106,194129.0,725.6,194129.0
3107,37112.0,169.5,37112.0
3108,75649.0,100.3,4996.0
3109,13560.0,115.8,13560.0
3110,148448.0,440.0,58524.0
3111,34257.0,254.7,34257.0
3112,34258.0,293.6,34258.0
3113,46390.0,115.8,3568.0
3114,75651.0,61.8,4282.0
3115,13560.0,108.1,13560.0
3116,17842.0,108.1,17842.0
3117,124183.0,587.0,124183.0
3118,39252.0,69.5,3568.0
3119,12133.0,108.1,12133.0
3120,24266.0,139.0,24266.0
3121,124182.0,262.2,33543.0
3122,39966.0,146.7,39966.0
3123,53526.0,146.7,53526.0
3124,23552.0,108.1,23552.0
3125,39967.0,640.5,39967.0
3126,34971.0,223.2,34971.0
3127,108483.0,602.6,108483.0
3128,59237.0,355.2,59237.0
3129,81362.0,401.7,81362.0
3130,134884.0,108.1,17842.0
3131,25693.0,216.0,25693.0
3132,12676387.0,154.0,50670.0
3133,12784150.0,269.7,68512.0
3134,12846240.0,61.7,10705.0
3135,13161712.0,107.8,34970.0
3136,13542807.0,323.8,92065.0
3137,13659142.0,185.0,29260.0
3138,13863970.0,138.8,24266.0
3139,13966743.0,238.7,85644.0
3140,16334507.0,61.7,11419.0
3141,16376614.0,69.2,8562.0
3142,16453695.0,138.5,49961.0
3143,16732780.0,69.3,19983.0
3144,16868382.0,115.4,29975.0
3145,16964730.0,246.7,72795.0
3146,17046804.0,184.7,47102.0
3147,18115849.0,23.1,2855.0
3148,18198643.0,69.2,30689.0
3149,18229334.0,23.1,1427.0
3150,18368504.0,277.3,82787.0
3151,21631550.0,254.2,107771.0
3152,21811409.0,331.4,109911.0
3153,22585000.0,107.8,55666.0
3154,22651373.0,61.7,4996.0
3155,22836227.0,215.7,75649.0
3156,22935438.0,123.3,41397.0
3157,23380053.0,208.1,81361.0
3158,23502810.0,146.4,62092.0
3159,23574896.0,200.5,38540.0
3160,23671960.0,215.7,76367.0
3161,24509253.0,61.7,17128.0
3162,24823313.0,146.4,27834.0
3163,25309328.0,377.6,119899.0
3164,25659771.0,138.8,31402.0
3165,25735422.0,215.7,49245.0
3166,26499004.0,23.1,714.0
3167,26616045.0,69.2,21409.0
3168,26809452.0,354.1,157721.0
3169,27035707.0,161.9,31404.0
3170,27119205.0,185.0,39250.0
3171,27233402.0,38.6,10704.0
3172,27356869.0,277.3,86355.0
3173,27386131.0,23.1,8564.0
3174,27700865.0,886.1,285471.0
3175,28964264.0,38.6,713.0
3176,41394.0,455.1,41394.0
3177,26406.0,200.7,26406.0
3178,95631.0,115.8,5710.0
3179,16415.0,115.8,16415.0
3180,65659.0,439.1,65659.0
3181,32830.0,246.7,32830.0
3182,13560.0,115.8,13560.0
3183,89213.0,115.8,5709.0
3184,43535.0,316.6,43535.0
3185,28548.0,247.1,28548.0
3186,18556.0,107.8,18556.0
3187,236935.0,30.9,2141.0
3188,310445.0,262.7,54955.0
3189,394663.0,393.8,38541.0
3190,16415.0,115.8,16415.0
3191,15701.0,192.9,15701.0
3192,13560.0,108.1,13560.0
3193,38539.0,301.0,38539.0
3194,61377.0,385.8,61377.0
3195,23552.0,123.3,23552.0
3196,19270.0,107.8,19270.0
3197,39253.0,239.4,39253.0
3198,1712820.0,231.2,55667.0
3199,1924078.0,215.7,58522.0
3200,2095362.0,346.9,106336.0
3201,3452619.0,146.4,40679.0
3202,3508998.0,77.2,4996.0
3203,3583221.0,192.9,41393.0
3204,3615336.0,77.2,2855.0
3205,3698125.0,84.7,32116.0
3206,4136309.0,177.4,41395.0
3207,4209106.0,38.6,2141.0
3208,4520293.0,439.6,94927.0
3209,4547415.0,23.1,1428.0
3210,7141328.0,354.5,108489.0
3211,7495366.0,69.2,19271.0
3212,7690920.0,107.8,23554.0
3213,7853646.0,154.0,38543.0
3214,8324733.0,331.4,94208.0
3215,8424651.0,146.4,45677.0
3216,8595936.0,61.7,27835.0
3217,8662310.0,169.5,35683.0
3218,8713695.0,61.7,10705.0
3219,8947088.0,177.4,35684.0
3220,9103396.0,38.6,6423.0
3221,9154068.0,138.8,27833.0
3222,9415981.0,315.9,91347.0
3223,180561.0,455.6,81361.0
3224,40680.0,339.3,40680.0
3225,44248.0,231.4,44248.0
3226,39967.0,409.1,39967.0
3227,27120.0,293.4,27120.0
3228,35684.0,347.5,35684.0
3229,27120.0,192.9,27120.0
3230,69230.0,756.5,69230.0
3231,37824.0,108.1,37824.0
3232,19269.0,100.4,19269.0
3233,24979.0,200.9,24979.0
3234,16415.0,131.3,16415.0
3235,202682.0,894.3,202682.0
3236,19983.0,154.0,19983.0
3237,40680.0,393.8,40680.0
3238,105626.0,602.1,105626.0
3239,13560.0,115.8,13560.0
3240,14987.0,108.1,14987.0
3241,19983.0,223.8,19983.0
3242,58522.0,323.5,58522.0
3243,336855.0,130.9,29261.0
3244,444623.0,308.3,60664.0
3245,98491.0,718.0,98491.0
3246,49957.0,108.1,49957.0
3247,70656.0,486.6,70656.0
3248,61377.0,292.8,61377.0
3249,99914.0,216.0,22838.0
3250,57807.0,231.2,57807.0
3251,12846.0,161.9,12846.0
3252,73509.0,346.9,73509.0
3253,20697.0,192.6,20697.0
3254,30688.0,208.5,30688.0
3255,865642.0,77.2,4996.0
3256,929873.0,131.3,21411.0
3257,996246.0,231.8,25693.0
3258,1066189.0,139.0,28548.0
3259,363254.0,563.7,107767.0
3260,38538.0,108.1,38538.0
3261,27120.0,177.1,27120.0
3262,79219.0,454.4,79219.0
3263,183411.0,61.7,5709.0
3264,14987.0,84.7,14987.0
3265,31401.0,231.5,31401.0
3266,82073.0,416.7,82073.0
3267,25692.0,108.1,25692.0
3268,117044.0,631.8,117044.0
3269,28547.0,162.3,28547.0
3270,27120.0,138.8,27120.0
3271,143446.0,61.8,5709.0
3272,205537.0,301.3,42821.0
3273,42821.0,293.4,42821.0
3274,34257.0,262.7,34257.0
3275,18556.0,84.7,18556.0
3276,121322.0,38.6,4282.0
3277,170566.0,216.0,30688.0
3278,42821.0,208.1,42821.0
3279,34257.0,254.2,34257.0
3280,16415.0,69.2,16415.0
3281,20697.0,100.4,20697.0
3282,63518.0,46.2,3568.0
3283,129888.0,100.3,16415.0
3284,176992.0,123.3,13560.0
3285,203398.0,61.7,14273.0
3286,243364.0,115.4,26406.0
3287,259065.0,23.1,3568.0
3288,305454.0,146.4,22124.0
3289,326865.0,61.7,6423.0
3290,381105.0,115.8,5709.0
3291,87783.0,563.4,87783.0
3292,54239.0,146.7,8564.0
3293,44962.0,247.1,44962.0
3294,62088.0,30.9,4282.0
3295,119896.0,115.8,7851.0
3296,184842.0,115.8,29975.0
3297,306171.0,625.3,76367.0
3298,17128.0,100.4,17128.0
3299,65657.0,409.2,65657.0
3300,33543.0,192.9,33543.0
3301,110617.0,185.5,12133.0
3302,178416.0,108.1,12133.0
3303,251926.0,247.1,31403.0
3304,42107.0,316.6,42107.0
3305,37825.0,285.2,37825.0
3306,80646.0,354.8,80646.0
3307,39252.0,208.5,39252.0
3308,42820.0,308.2,42820.0
3309,32115.0,192.9,32115.0
3310,44962.0,247.1,44962.0
3311,14274.0,100.3,14274.0
3312,74222.0,438.9,74222.0
3313,85643.0,517.7,85643.0
3314,27833.0,177.1,27833.0
3315,151304.0,926.6,151304.0
3316,71368.0,462.3,71368.0
3317,49957.0,315.9,49957.0
3318,34256.0,254.5,34256.0
3319,72795.0,293.4,72795.0
3320,180555.0,278.0,37825.0
3321,29261.0,262.4,29261.0
3322,24979.0,192.8,24979.0
3323,106334.0,69.5,11419.0
3324,142732.0,154.3,19983.0
3325,256922.0,401.3,75651.0
3326,366116.0,138.8,13561.0
3327,67086.0,501.9,67086.0
3328,52099.0,501.9,52099.0
3329,64231.0,471.2,64231.0
3330,22124.0,247.1,22124.0
3331,22124.0,270.4,22124.0
3332,19269.0,84.7,19269.0
3333,134166.0,69.5,4996.0
3334,180555.0,139.0,18555.0
3335,25692.0,123.3,25692.0
3336,47816.0,185.3,47816.0
3337,16414.0,223.8,16414.0
3338,15701.0,138.8,15701.0
3339,14273.0,108.1,14273.0
3340,34256.0,223.6,34256.0
3341,42820.0,300.4,42820.0
3342,114184.0,516.4,114184.0
3343,22837.0,139.0,22837.0
3344,26405.0,100.4,26405.0
3345,51385.0,409.4,51385.0
3346,67797.0,154.3,7137.0
3347,95634.0,587.0,95634.0
3348,132027.0,300.4,92062.0
3349,236219.0,115.8,23551.0
3350,293312.0,223.8,22124.0
3351,371104.0,61.7,12133.0
3352,395369.0,38.6,2141.0
3353,12132.0,154.3,12132.0
3354,22837.0,146.4,22837.0
3355,99197.0,115.8,99197.0
3356,155577.0,331.9,69226.0
3357,49243.0,270.1,49243.0
3358,66371.0,385.5,66371.0
3359,27833.0,192.6,27833.0
3360,157008.0,586.4,157008.0
3361,163429.0,762.7,163429.0
3362,19983.0,139.0,19983.0
3363,62802.0,446.8,62802.0
3364,40679.0,339.3,40679.0
3365,69940.0,455.7,69940.0
3366,48530.0,417.3,48530.0
3367,56380.0,362.9,56380.0
3368,87067.0,369.6,87067.0
3369,51384.0,200.5,51384.0
3370,52097.0,308.3,52097.0
3371,90635.0,362.4,90635.0
3372,56379.0,278.0,56379.0
3373,528085.0,139.0,24264.0
3374,717924.0,609.8,155582.0
3375,74935.0,516.6,74935.0
3376,49956.0,216.0,49956.0
3377,73508.0,540.1,73508.0
3378,32829.0,416.8,32829.0
3379,106335.0,286.0,47102.0
3380,239081.0,579.3,83503.0
3381,295465.0,416.8,16416.0
3382,27833.0,169.9,27833.0
3383,29974.0,216.0,29974.0
3384,34256.0,208.5,34256.0
3385,209102.0,416.5,88492.0
3386,29260.0,185.3,29260.0
3387,34255.0,185.0,34255.0
3388,29260.0,185.0,29260.0
3389,57807.0,363.0,57807.0
3390,32115.0,154.3,32115.0
3391,22123.0,100.2,22123.0
3392,59232.0,61.8,8564.0
3393,124890.0,432.4,43534.0
3394,201254.0,200.5,39253.0
3395,91349.0,531.9,91349.0
3396,82070.0,439.2,82070.0
3397,69223.0,463.3,69223.0
3398,114188.0,640.7,114188.0
3399,55666.0,440.0,55666.0
3400,104196.0,401.4,104196.0
3401,94917.0,115.8,5709.0
3402,51383.0,324.3,51383.0
3403,59947.0,293.4,59947.0
3404,19269.0,131.3,19269.0
3405,29260.0,185.3,29260.0
3406,47815.0,308.3,47815.0
3407,34969.0,246.9,34969.0
3408,19269.0,161.9,19269.0
3409,118469.0,100.2,7850.0
3410,54238.0,231.2,54238.0
3411,23551.0,154.3,23551.0
3412,67084.0,446.8,67084.0
3413,49956.0,308.9,49956.0
3414,49956.0,277.7,49956.0
3415,32828.0,185.0,32828.0
3416,59233.0,347.5,59233.0
3417,31401.0,161.9,31401.0
3418,52810.0,339.0,52810.0
3419,31401.0,185.3,31401.0
3420,63515.0,323.5,63515.0
3421,36396.0,193.2,36396.0
3422,54950.0,409.2,54950.0
3423,22123.0,238.7,22123.0
3424,35683.0,285.2,35683.0
3425,30687.0,192.9,30687.0
3426,29259.0,255.0,29259.0
3427,54238.0,324.3,54238.0
3428,111328.0,308.9,36396.0
3429,187689.0,38.6,22124.0
3430,65656.0,262.4,65656.0
3431,14987.0,115.8,14987.0
3432,17841.0,131.3,17841.0
3433,24264.0,146.7,24264.0
3434,43532.0,254.8,43532.0
3435,48528.0,323.5,48528.0
3436,36396.0,277.8,36396.0
3437,55664.0,223.8,55664.0
3438,49242.0,269.7,49242.0
3439,134879.0,161.9,26405.0
3440,228366.0,177.6,16414.0
3441,291882.0,154.3,40679.0
3442,381806.0,100.3,10705.0
3443,408213.0,61.7,5710.0
3444,457457.0,38.6,4282.0
3445,493142.0,107.8,15701.0
3446,600197.0,254.2,87072.0
3447,630886.0,23.1,3569.0
3448,745793.0,470.7,87787.0
3449,59232.0,347.5,59232.0
3450,57805.0,285.5,57805.0
3451,13559.0,100.4,13559.0
3452,32114.0,223.6,32114.0
3453,19982.0,131.3,19982.0
3454,39251.0,169.8,39251.0
3455,164854.0,569.8,164854.0
3456,323281.0,339.0,61374.0
3457,52810.0,246.9,52810.0
3458,79929.0,362.9,79929.0
3459,17841.0,177.6,17841.0
3460,591599.0,169.5,32114.0
3461,675808.0,77.2,10705.0
3462,722909.0,77.2,9277.0
3463,788566.0,138.8,34969.0
3464,859219.0,200.5,49957.0
3465,34969.0,216.2,34969.0
3466,60660.0,231.2,60660.0
3467,32114.0,200.9,32114.0
3468,67083.0,216.0,15700.0
3469,69936.0,177.6,34255.0
3470,162713.0,517.3,60662.0
3471,109186.0,285.5,45673.0
3472,92774.0,362.8,92774.0
3473,69224.0,332.2,69224.0
3474,189116.0,269.4,58518.0
3475,73504.0,100.4,4996.0
3476,91347.0,254.8,40677.0
3477,34255.0,355.0,34255.0
3478,140583.0,77.2,4282.0
3479,357533.0,608.6,167707.0
3480,29259.0,223.8,29259.0
3481,22123.0,208.5,22123.0
3482,42818.0,324.1,42818.0
3483,83497.0,478.6,83497.0
3484,27118.0,108.1,27118.0
3485,49242.0,231.4,49242.0
3486,18555.0,107.8,18555.0
3487,52810.0,192.9,52810.0
3488,28545.0,107.8,28545.0
3489,63514.0,416.7,63514.0
3490,111326.0,200.5,38537.0
3491,193393.0,108.1,9277.0
3492,227648.0,30.9,1427.0
3493,323993.0,185.3,44247.0
3494,396788.0,308.6,52812.0
3495,28545.0,130.9,28545.0
3496,37822.0,30.9,1427.0
3497,85636.0,108.1,19268.0
3498,206243.0,278.0,98484.0
3499,289030.0,393.8,57808.0
3500,24264.0,146.7,24264.0
3501,54950.0,285.2,54950.0
3502,92774.0,447.4,92774.0
3503,37109.0,208.5,37109.0
3504,99198.0,679.6,99198.0
3505,30686.0,277.7,30686.0
3506,130595.0,400.6,130595.0
3507,22123.0,177.4,22123.0
3508,81354.0,277.3,81354.0
3509,50668.0,254.6,50668.0
3510,254054.0,500.9,113468.0
3511,518110.0,161.6,61374.0
3512,579483.0,154.0,42105.0
3513,92774.0,269.7,92774.0
3514,22836.0,130.9,22836.0
3515,22836.0,208.3,22836.0
3516,56377.0,447.0,56377.0
3517,22123.0,192.9,22123.0
3518,200532.0,462.3,115611.0
3519,312571.0,61.7,8564.0
3520,478848.0,231.2,65657.0
3521,615156.0,300.8,94918.0
3522,41391.0,262.7,41391.0
3523,19982.0,169.9,19982.0
3524,17127.0,177.4,17127.0
3525,27832.0,146.7,27832.0
3526,17127.0,123.3,17127.0
3527,33541.0,208.1,33541.0
3528,86349.0,192.9,24977.0
3529,123459.0,115.8,12132.0
3530,208384.0,161.9,21410.0
3531,296166.0,200.5,13560.0
3532,341127.0,223.8,29974.0
3533,404646.0,77.2,3569.0
3534,22123.0,123.3,22123.0
3535,17841.0,146.4,17841.0
3536,32827.0,215.6,32827.0
3537,139162.0,748.4,139162.0
3538,146295.0,470.2,79214.0
3539,17127.0,100.4,17127.0
3540,19268.0,154.3,19268.0
3541,209094.0,462.3,111328.0
3542,99908.0,469.9,99908.0
3543,22836.0,177.4,22836.0
3544,47813.0,185.3,47813.0
3545,24977.0,193.2,24977.0
3546,19268.0,146.7,19268.0
3547,16413.0,123.7,16413.0
3548,62800.0,447.5,62800.0
3549,12132.0,108.1,12132.0
3550,112041.0,523.6,112041.0
3551,29972.0,185.3,29972.0
3552,19982.0,185.3,19982.0
3553,16414.0,200.5,16414.0
3554,171987.0,115.8,12132.0
3555,20695.0,100.4,20695.0
3556,15700.0,115.8,15700.0
3557,166274.0,508.1,166274.0
3558,77073.0,347.4,77073.0
3559,44959.0,246.7,44959.0
3560,100624.0,733.4,100624.0
3561,20695.0,154.0,20695.0
3562,78498.0,169.9,24263.0
3563,113467.0,30.9,12846.0
3564,227651.0,540.5,84212.0
3565,44958.0,177.6,44958.0
3566,153432.0,161.9,19268.0
3567,226221.0,177.1,29972.0
3568,318993.0,185.0,23549.0
3569,123457.0,262.4,75645.0
3570,235501.0,269.7,60660.0
3571,272612.0,23.1,2855.0
3572,554515.0,624.6,264061.0
3573,19981.0,154.3,19981.0
3574,37822.0,107.8,37822.0
3575,37109.0,231.8,37109.0
3576,37822.0,247.1,37822.0
3577,132737.0,740.0,132737.0
3578,48526.0,285.7,48526.0
3579,72788.0,38.6,714.0
3580,134161.0,169.5,44245.0
3581,203384.0,161.6,44959.0
3582,341115.0,431.3,119890.0
3583,80641.0,432.4,80641.0
3584,135589.0,215.6,41390.0
3585,219797.0,346.9,40676.0
3586,26404.0,169.9,26404.0
3587,39249.0,161.9,39249.0
3588,118460.0,169.9,24977.0
3589,169842.0,177.6,18555.0
3590,238353.0,486.0,46388.0
3591,149862.0,393.1,89918.0
3592,34968.0,277.6,34968.0
3593,67081.0,455.3,67081.0
3594,19982.0,216.2,19982.0
3595,39250.0,108.1,39250.0
3596,109187.0,115.8,5709.0
3597,167705.0,139.0,19268.0
3598,210522.0,146.7,22122.0
3599,530210.0,724.8,196236.0
3600,628682.0,269.7,54231.0
3601,19268.0,185.0,19268.0
3602,59230.0,346.5,59230.0
3603,52808.0,239.1,52808.0
3604,2332717.0,354.5,107758.0
3605,2989932.0,108.1,14986.0
3606,3099118.0,169.9,52810.0
3607,3209735.0,285.7,57807.0
3608,22836.0,123.7,22836.0
3609,127737.0,239.4,47813.0
3610,191251.0,231.8,40678.0
3611,245489.0,154.3,19983.0
3612,44958.0,323.5,44958.0
3613,169838.0,161.9,30686.0
3614,298288.0,324.3,32827.0
3615,29259.0,169.5,29259.0
3616,88490.0,107.8,14273.0
3617,145581.0,185.0,24977.0
3618,171986.0,100.2,4282.0
3619,106330.0,616.6,106330.0
3620,154853.0,740.9,49954.0
3621,47813.0,246.7,47813.0
3622,19268.0,146.7,19268.0
3623,97054.0,539.5,97054.0
3624,191965.0,208.1,29258.0
3625,19981.0,123.3,19981.0
3626,43531.0,324.1,43531.0
3627,20695.0,216.2,20695.0
3628,14986.0,100.2,14986.0
3629,39963.0,231.8,39963.0
3630,72789.0,339.9,72789.0
3631,73503.0,154.3,36395.0
3632,190538.0,301.0,69223.0
3633,219085.0,38.6,714.0
3634,65652.0,100.4,12132.0
3635,173411.0,354.7,69937.0
3636,284736.0,162.3,18555.0
3637,198387.0,69.2,12131.0
3638,277597.0,130.9,18554.0
3639,353954.0,38.6,4282.0
3640,431739.0,269.7,53522.0
3641,560906.0,192.9,12845.0
3642,619425.0,61.8,30687.0
3643,762869.0,517.2,88494.0
3644,40676.0,308.9,40676.0
3645,36395.0,247.1,36395.0
3646,17127.0,169.8,17127.0
3647,29258.0,239.1,29258.0
3648,38536.0,261.8,38536.0
3649,34253.0,123.5,34253.0
3650,47812.0,223.8,47812.0
3651,18554.0,154.3,18554.0
3652,62085.0,270.0,62085.0
3653,186967.0,625.3,100622.0
3654,42103.0,161.9,42103.0
3655,60657.0,277.3,60657.0
3656,519484.0,38.6,2854.0
3657,619392.0,409.1,82781.0
3658,140584.0,547.0,140584.0
3659,31399.0,161.9,31399.0
3660,152718.0,764.3,152718.0
3661,59944.0,315.9,59944.0
3662,42817.0,223.2,42817.0
3663,89916.0,424.3,89916.0
3664,29972.0,107.8,29972.0
3665,114177.0,516.3,114177.0
3666,69934.0,107.8,31399.0
3667,130589.0,77.2,4995.0
3668,275451.0,231.8,51381.0
3669,100620.0,409.4,100620.0
3670,21408.0,100.4,21408.0
3671,18554.0,100.2,18554.0
3672,47099.0,277.3,47099.0
3673,158422.0,585.3,158422.0
3674,22836.0,223.6,22836.0
3675,39249.0,246.7,39249.0
3676,38535.0,131.3,38535.0
3677,18554.0,108.1,18554.0
3678,47812.0,247.1,47812.0
3679,18554.0,161.9,18554.0
3680,20695.0,154.3,20695.0
3681,39961.0,108.1,39961.0
3682,15699.0,231.5,15699.0
3683,13559.0,154.3,13559.0
3684,20695.0,139.0,20695.0
3685,95623.0,392.7,95623.0
3686,39249.0,331.4,39249.0
3687,17127.0,161.9,17127.0
3688,320396.0,69.5,9277.0
3689,478107.0,995.3,97767.0
3690,607278.0,123.7,29974.0
3691,84921.0,440.0,84921.0
3692,21408.0,130.9,21408.0
3693,28544.0,223.8,28544.0
3694,401743.0,38.6,6422.0
3695,577292.0,316.9,61372.0
3696,1178898.0,161.6,22123.0
3697,1209584.0,61.7,13559.0
3698,1952446.0,208.5,21410.0
3699,2053071.0,154.3,22123.0
3700,2450598.0,77.2,19269.0
3701,2593338.0,169.9,21410.0
3702,3164268.0,92.8,16415.0
3703,3229216.0,69.5,9279.0
3704,3297019.0,208.5,29263.0
3705,3468314.0,115.8,14989.0
3706,3494009.0,38.6,3569.0
3707,3534692.0,61.8,7851.0
3708,74930.0,377.9,74930.0
3709,480955.0,61.7,5709.0
3710,576577.0,177.4,27117.0
3711,642229.0,185.3,27118.0
3712,103475.0,517.1,103475.0
3713,92770.0,386.4,92770.0
3714,55661.0,239.1,55661.0
3715,23549.0,185.3,23549.0
3716,21408.0,162.3,21408.0
3717,48525.0,300.4,48525.0
3718,25690.0,223.8,25690.0
3719,131302.0,208.5,49239.0
3720,195528.0,177.4,25691.0
3721,324697.0,107.8,17128.0
3722,387497.0,185.0,50669.0
3723,32112.0,285.2,32112.0
3724,14986.0,108.1,14986.0
3725,94910.0,440.0,94910.0
3726,23549.0,231.4,23549.0
3727,42103.0,261.8,42103.0
3728,107754.0,384.8,107754.0
3729,58516.0,254.7,58516.0
3730,34967.0,177.6,34967.0
3731,14272.0,139.0,14272.0
3732,68507.0,409.1,68507.0
3733,19267.0,177.4,19267.0
3734,29971.0,254.8,29971.0
3735,47098.0,262.7,47098.0
3736,104897.0,139.0,8563.0
3737,20694.0,146.7,20694.0
3738,17840.0,123.3,17840.0
3739,42817.0,324.0,42817.0
3740,144152.0,957.5,144152.0
3741,97766.0,609.6,97766.0
3742,109182.0,462.3,109182.0
3743,27117.0,177.6,27117.0
3744,22122.0,107.8,22122.0
3745,161982.0,115.8,6422.0
3746,302562.0,254.2,110608.0
3747,470975.0,354.5,115607.0
3748,580872.0,292.8,59232.0
3749,721452.0,108.1,9277.0
3750,12845.0,108.1,12845.0
3751,159846.0,84.7,27117.0
3752,212654.0,239.1,34253.0
3753,31399.0,231.8,31399.0
3754,72075.0,625.6,72075.0
3755,111324.0,562.8,111324.0
3756,109897.0,494.0,109897.0
3757,75643.0,517.1,75643.0
3758,28544.0,84.7,28544.0
3759,10053475.0,115.8,9990.0
3760,10209756.0,223.6,49951.0
3761,10254001.0,23.1,1427.0
3762,10292535.0,77.2,17840.0
3763,10349626.0,23.1,2140.0
3764,10457377.0,269.7,73499.0
3765,10883400.0,500.9,161989.0
3766,11028261.0,38.6,713.0
3767,11439323.0,686.2,292593.0
3768,12952811.0,131.2,67799.0
3769,13126945.0,586.4,133455.0
3770,24976.0,177.1,24976.0
3771,62084.0,270.4,62084.0
3772,22835.0,161.9,22835.0
3773,157706.0,307.9,86346.0
3774,269740.0,362.0,80637.0
3775,49239.0,439.8,49239.0
3776,189109.0,293.2,189109.0
3777,218359.0,269.7,53521.0
3778,57088.0,215.6,57088.0
3779,25690.0,254.8,25690.0
3780,97761.0,463.5,97761.0
3781,60656.0,262.5,60656.0
3782,49238.0,161.5,49238.0
3783,74215.0,77.2,4282.0
3784,99191.0,138.8,3568.0
3785,164127.0,277.7,41389.0
3786,54947.0,393.0,54947.0
3787,51379.0,239.4,51379.0
3788,27831.0,92.3,27831.0
3789,131303.0,307.9,69219.0
3790,177688.0,77.2,5709.0
3791,77782.0,362.9,38535.0
3792,95622.0,377.5,95622.0
3793,119887.0,640.0,119887.0
3794,28544.0,262.2,28544.0
3795,54234.0,355.0,54234.0
3796,34253.0,161.9,34253.0
3797,49952.0,308.3,49952.0
3798,204093.0,324.3,55660.0
3799,302570.0,30.9,3568.0
3800,371076.0,177.4,19266.0
3801,20694.0,154.3,20694.0
3802,99900.0,38.6,7136.0
3803,204086.0,277.7,39962.0
3804,27117.0,192.6,27117.0
3805,36393.0,177.6,36393.0
3806,34253.0,231.4,34253.0
3807,35680.0,300.7,35680.0
3808,27117.0,223.8,27117.0
3809,130585.0,254.6,16413.0
3810,196950.0,169.9,39248.0
3811,46383.0,331.4,46383.0
3812,17126.0,100.4,17126.0
3813,37821.0,216.2,37821.0
3814,49238.0,293.6,49238.0
3815,107753.0,585.2,107753.0
3816,247616.0,423.3,114177.0
3817,49238.0,300.9,49238.0
3818,49238.0,246.6,49238.0
3819,52806.0,254.8,52806.0
3820,50666.0,355.2,50666.0
3821,93481.0,385.9,93481.0
3822,43529.0,169.5,43529.0
3823,84917.0,354.8,84917.0
3824,22121.0,139.0,22121.0
3825,97764.0,185.3,27830.0
3826,74213.0,370.0,74213.0
3827,82777.0,524.6,82777.0
3828,283287.0,69.5,6422.0
3829,361070.0,162.3,32826.0
3830,405313.0,92.8,8563.0
3831,455266.0,38.6,2854.0
3832,607981.0,293.4,41391.0
3833,1014042.0,239.1,48529.0
3834,1075415.0,38.6,5709.0
3835,1127513.0,185.3,15701.0
3836,44957.0,315.9,44957.0
3837,19980.0,115.8,19980.0
3838,55661.0,378.3,55661.0
3839,50665.0,292.8,50665.0
3840,14985.0,100.4,14985.0
3841,50665.0,162.3,50665.0
3842,123452.0,547.7,123452.0
3843,131302.0,555.9,131302.0
3844,148424.0,231.5,36394.0
3845,55660.0,308.9,55660.0
3846,64224.0,308.3,64224.0
3847,225489.0,462.9,56374.0
3848,32111.0,324.3,32111.0
3849,34252.0,254.2,34252.0
3850,127735.0,100.2,6422.0
3851,34252.0,386.1,34252.0
3852,16413.0,107.8,16413.0
3853,65651.0,601.7,65651.0
3854,69931.0,308.6,35680.0
3855,69932.0,462.6,69932.0
3856,22835.0,146.4,22835.0
3857,95622.0,154.3,18553.0
3858,26403.0,177.4,26403.0
3859,19980.0,115.8,19980.0
3860,165548.0,270.4,44242.0
3861,55660.0,393.6,55660.0
3862,24975.0,192.9,24975.0
3863,61369.0,193.2,61369.0
3864,14985.0,92.8,14985.0
3865,23548.0,154.3,23548.0
3866,38534.0,200.9,38534.0
3867,32825.0,370.6,32825.0
3868,69217.0,38.6,2854.0
3869,67078.0,339.9,67078.0
3870,24262.0,200.5,24262.0
3871,37820.0,208.1,37820.0
3872,95622.0,486.8,95622.0
3873,109893.0,440.0,109893.0
3874,17840.0,131.3,17840.0
3875,21408.0,146.7,21408.0
3876,29257.0,246.6,29257.0
3877,39248.0,77.2,5709.0
3878,13558.0,84.7,13558.0
3879,39961.0,308.1,39961.0
3880,26403.0,108.1,26403.0
3881,2385272.0,270.4,54233.0
3882,2434511.0,100.4,26403.0
3883,2694270.0,262.4,67794.0
3884,4369636.0,131.4,21410.0
3885,4695059.0,30.9,2141.0
3886,4795685.0,169.9,18556.0
3887,4834938.0,177.6,23552.0
3888,4898457.0,216.2,29262.0
3889,4946274.0,77.2,6424.0
3890,4979105.0,108.1,9993.0
3891,31398.0,185.3,31398.0
3892,221934.0,146.7,12131.0
3893,148422.0,139.0,28543.0
3894,171970.0,30.9,3568.0
3895,246896.0,108.1,7136.0
3896,122736.0,508.8,122736.0
3897,131298.0,223.6,40674.0
3898,171971.0,46.2,7849.0
3899,299699.0,216.0,32825.0
3900,394609.0,223.6,37821.0
3901,462399.0,100.2,15699.0
3902,653637.0,138.8,25690.0
3903,829906.0,69.2,4282.0
3904,861306.0,61.7,8564.0
3905,922678.0,130.9,32113.0
3906,1068258.0,354.5,86348.0
3907,1284474.0,61.7,14986.0
3908,1390807.0,92.3,14986.0
3909,1499276.0,323.5,82780.0
3910,15699.0,138.8,15699.0
3911,144858.0,554.6,144858.0
3912,69931.0,292.4,69931.0
3913,39961.0,254.2,39961.0
3914,47097.0,331.4,47097.0
3915,19980.0,108.1,19980.0
3916,106322.0,393.0,106322.0
3917,57087.0,261.8,57087.0
3918,14272.0,100.2,14272.0
3919,144148.0,702.7,144148.0
3920,73498.0,385.5,73498.0
3921,30684.0,185.0,30684.0
3922,43528.0,162.3,43528.0
3923,21407.0,100.2,21407.0
3924,53518.0,38.6,714.0
3925,117739.0,139.0,27830.0
3926,201230.0,262.4,56374.0
3927,149852.0,246.3,57800.0
3928,77781.0,146.7,17839.0
3929,777046.0,61.8,7136.0
3930,864817.0,262.7,40675.0
3931,1079611.0,200.9,50666.0
3932,1511357.0,355.1,74931.0
3933,1569877.0,231.5,43533.0
3934,62081.0,223.6,23548.0
3935,94904.0,38.6,3568.0
3936,214784.0,108.1,13558.0
3937,38533.0,270.1,38533.0
3938,32825.0,208.1,32825.0
3939,127020.0,586.3,127020.0
3940,23548.0,146.4,23548.0
3941,66363.0,331.0,66363.0
3942,212644.0,130.9,14985.0
3943,242613.0,23.1,1427.0
3944,307550.0,107.8,27116.0
3945,388896.0,208.1,39247.0
3946,68504.0,293.1,68504.0
3947,27116.0,154.0,27116.0
3948,27829.0,169.7,27829.0
3949,27116.0,270.0,27116.0
3950,40674.0,377.9,40674.0
3951,435267.0,363.1,70645.0
3952,663617.0,69.5,9990.0
3953,901956.0,162.3,34254.0
3954,983310.0,154.3,22123.0
3955,1247354.0,293.4,54951.0
3956,1316578.0,77.2,5709.0
3957,46383.0,146.4,46383.0
3958,52091.0,316.6,52091.0
3959,51378.0,285.4,51378.0
3960,52805.0,177.6,52805.0
3961,112745.0,416.5,112745.0
3962,174115.0,108.1,14271.0
3963,270447.0,185.3,24261.0
3964,290427.0,61.8,5708.0
3965,311124.0,254.2,63508.0
3966,419588.0,208.5,30683.0
3967,499508.0,108.1,10703.0
3968,569436.0,216.0,39245.0
3969,525184.0,38.6,714.0
3970,678605.0,477.8,119168.0
3971,87057.0,23.1,3568.0
3972,189813.0,254.8,51377.0
3973,331095.0,169.5,23547.0
3974,67790.0,316.6,67790.0
3975,27116.0,154.0,27116.0
3976,31397.0,208.5,31397.0
3977,539430.0,61.7,4995.0
3978,597231.0,115.8,11417.0
3979,949011.0,100.4,11417.0
3980,991827.0,100.4,17840.0
3981,1044633.0,108.1,35680.0
3982,1188781.0,162.3,17127.0
3983,1445689.0,471.2,116324.0
3984,20694.0,139.0,20694.0
3985,60653.0,84.7,11417.0
3986,112745.0,346.9,35679.0
3987,47810.0,332.2,47810.0
3988,510200.0,292.8,52091.0
3989,542311.0,84.7,9277.0
3990,52805.0,439.7,52805.0
3991,145572.0,301.0,68503.0
3992,57800.0,262.1,57800.0
3993,49237.0,293.2,49237.0
3994,68502.0,115.8,8563.0
3995,120592.0,139.0,13558.0
3996,262592.0,139.0,17840.0
3997,72072.0,246.6,72072.0
3998,94905.0,331.0,94905.0
3999,354633.0,77.2,3568.0
4000,109890.0,61.7,6422.0
4001,259739.0,208.1,77067.0
4002,358928.0,308.3,52091.0
4003,52090.0,385.5,52090.0
4004,26402.0,100.2,26402.0
4005,104184.0,533.1,104184.0
4006,18553.0,123.3,18553.0
4007,85629.0,200.1,27116.0
4008,30684.0,107.8,30684.0
4009,109177.0,369.6,109177.0
4010,910556.0,424.0,59940.0
4011,114886.0,355.2,114886.0
4012,54231.0,208.5,54231.0
4013,94903.0,139.0,38532.0
4014,565839.0,223.8,23548.0
4015,634342.0,108.1,17126.0
4016,725683.0,285.7,47811.0
4017,39246.0,239.1,39246.0
4018,69216.0,316.2,69216.0
4019,30408142.0,154.3,69216.0
4020,30558710.0,138.8,51376.0
4021,30867683.0,347.2,113461.0
4022,30956884.0,38.6,4281.0
4023,31230898.0,115.8,48524.0
4024,31520634.0,323.8,156998.0
4025,31608410.0,123.3,39250.0
4026,31717594.0,123.3,37109.0
4027,31768261.0,146.4,15698.0
4028,32005188.0,315.9,49960.0
4029,33621452.0,177.4,46388.0
4030,33725647.0,161.9,29260.0
4031,33757763.0,77.2,15701.0
4032,62769840.0,146.4,47813.0
4033,62786255.0,77.1,1427.0
4034,62869038.0,223.6,44243.0
4035,63024620.0,77.2,29261.0
4036,63170223.0,77.2,32116.0
4037,63721176.0,77.2,12845.0
4038,63850360.0,254.6,110626.0
4039,63873917.0,77.2,6424.0
4040,63936726.0,108.1,37115.0
4041,64318610.0,447.7,162775.0
4042,66172450.0,23.1,4288.0
4043,66231710.0,154.0,43564.0
4044,66748550.0,69.2,15717.0
4045,66875610.0,69.2,14287.0
4046,67256830.0,438.9,192047.0
4047,67390305.0,46.2,7142.0
4048,67567345.0,92.4,10715.0
4049,67867200.0,377.3,217061.0
4050,68304726.0,46.2,4999.0
4051,68401100.0,23.1,6432.0
4052,68673070.0,215.7,88536.0
4053,68751600.0,84.8,10006.0
4054,68777306.0,38.6,2148.0
4055,68920110.0,284.9,115685.0
4056,69132110.0,61.7,6432.0
4057,91325410.0,184.7,37140.0
4058,91458920.0,231.2,89973.0
4059,91506750.0,61.7,27840.0
4060,91678810.0,239.1,72121.0
4061,91732350.0,100.3,14282.0
4062,103894780.0,262.2,97816.0
4063,104432340.0,185.1,45700.0
4064,104550150.0,370.1,82830.0
4065,104637240.0,38.6,2861.0
4066,104776436.0,84.8,17146.0
4067,105068400.0,84.7,26413.0
4068,105106240.0,46.2,14290.0
4069,105153350.0,38.6,1432.0
4070,105239720.0,92.3,27846.0
4071,105485990.0,238.8,60702.0
4072,105682990.0,92.3,29277.0
4073,106214806.0,123.4,54970.0
4074,106274055.0,61.7,34269.0
4075,106327600.0,61.6,6432.0
4076,106497480.0,146.4,39981.0
4077,106857200.0,92.3,36418.0
4078,107052810.0,346.6,132802.0
4079,107130610.0,61.7,7851.0
4080,108014350.0,115.4,15717.0
4081,108285630.0,177.1,53551.0
4082,108380560.0,38.6,720.0
4083,108800350.0,184.6,93552.0
4084,108895294.0,123.4,47127.0
4085,109050930.0,138.5,37857.0
4086,119930000.0,23.1,1429.0
4087,120118480.0,400.7,172058.0
4088,120677440.0,107.8,35706.0
4089,120895890.0,215.7,82115.0
4090,121065796.0,254.3,136361.0
4091,121630440.0,108.1,43545.0
4092,121899510.0,77.1,22130.0
4093,121993740.0,123.4,51399.0
4094,122505486.0,269.8,117086.0
4095,122561890.0,154.1,16434.0
4096,122665400.0,69.2,58544.0
4097,122822420.0,61.7,5717.0
4098,122860970.0,107.8,16426.0
4099,123072975.0,154.4,44266.0
4100,123145065.0,77.2,2861.0
4101,123286390.0,146.4,42836.0
4102,123349220.0,123.4,37132.0
4103,123640460.0,23.1,3571.0
4104,123873146.0,208.1,38560.0
4105,123930250.0,23.1,723.0
4106,123982360.0,23.1,2144.0
4107,124052315.0,46.2,8574.0
4108,124158676.0,38.6,2861.0
4109,124347150.0,408.7,147794.0
4110,124394264.0,61.6,7141.0
4111,124543495.0,416.2,120682.0
4112,124607735.0,23.1,719.0
4113,137736830.0,23.1,2152.0
4114,141235490.0,61.6,9277.0
4115,141269740.0,38.6,710.0
4116,141331850.0,100.3,24989.0
4117,141589520.0,108.2,31418.0
4118,141615220.0,38.5,2857.0
4119,141648070.0,115.8,7159.0
4120,141925000.0,370.0,75677.0
4121,142008510.0,61.7,10004.0
4122,142137010.0,200.5,27870.0
4123,142425370.0,46.1,17853.0
4124,142543150.0,239.1,77817.0
4125,142625950.0,84.7,7145.0
4126,142724440.0,61.7,4288.0
4127,144256520.0,192.6,22867.0
4128,144444230.0,38.6,717.0
4129,144684000.0,23.0,1423.0
4130,144756840.0,146.4,22873.0
4131,144870330.0,69.3,28564.0
4132,144908170.0,92.3,21427.0
4133,144988850.0,192.6,49272.0
4134,145058800.0,77.2,16436.0
4135,147973370.0,100.3,10010.0
4136,148151080.0,92.3,14991.0
4137,148179640.0,100.3,12863.0
4138,148256010.0,107.8,15701.0
4139,148383790.0,84.8,14305.0
4140,148434480.0,115.7,37130.0
4141,148515140.0,123.4,14999.0
4142,148582230.0,38.6,3571.0
4143,148665730.0,38.6,1423.0
4144,148701430.0,270.1,18577.0
4145,155801930.0,154.0,62097.0
4146,155963230.0,77.2,8582.0
4147,156147350.0,146.4,29274.0
4148,156758910.0,38.6,4279.0
4149,156925960.0,177.1,56427.0
4150,156970210.0,46.2,7858.0
4151,156991620.0,23.1,4272.0
4152,157020900.0,46.1,3590.0
4153,157121580.0,231.2,84263.0
4154,157536290.0,130.9,22858.0
4155,157579820.0,23.1,2136.0
4156,157793950.0,154.0,58550.0
4157,157896060.0,246.7,43579.0
4158,161225390.0,154.3,22132.0
4159,161508040.0,115.8,24277.0
4160,161622250.0,262.5,73531.0
4161,161790710.0,200.7,20718.0
4162,162722260.0,246.7,48569.0
4163,162835750.0,23.1,2136.0
4164,163426740.0,23.0,709.0
4165,163458160.0,69.3,13574.0
4166,163559510.0,23.1,712.0
4167,163714430.0,285.3,78552.0
4168,163960020.0,400.6,149939.0
4169,164017850.0,84.8,27852.0
4170,164132780.0,115.7,34987.0
4171,164286970.0,154.0,53543.0
4172,164645340.0,192.6,97092.0
4173,164780300.0,315.9,77148.0
4174,26402.0,262.1,26402.0
4175,12131.0,115.8,12131.0
4176,82775.0,377.9,82775.0
4177,16412.0,100.4,16412.0
4178,37819.0,161.5,37819.0
4179,194803.0,339.3,75639.0
4180,31397.0,177.4,31397.0
4181,269719.0,30.9,2141.0
4182,360342.0,185.3,22121.0
4183,393880.0,77.2,5709.0
4184,699301.0,123.3,35680.0
4185,779224.0,354.8,64938.0
4186,14271.0,115.8,14271.0
4187,67791.0,408.9,67791.0
4188,159130.0,123.7,12844.0
4189,306839.0,131.3,34964.0
4190,161981.0,316.2,28542.0
4191,22834.0,146.4,22834.0
4192,16412.0,115.8,16412.0
4193,26402.0,231.1,26402.0
4194,17839.0,161.9,17839.0
4195,67787.0,30.9,1427.0
4196,89908.0,61.7,4281.0
4197,158411.0,192.6,37819.0
4198,30683.0,169.7,30683.0
4199,18553.0,108.1,18553.0
4200,121310.0,670.6,121310.0
4201,54944.0,223.8,54944.0
4202,44241.0,223.8,44241.0
4203,37105.0,262.1,37105.0
4204,36392.0,208.5,36392.0
4205,43527.0,261.8,43527.0
4206,99898.0,270.4,42814.0
4207,79206.0,269.6,79206.0
4208,41386.0,408.9,41386.0
4209,14985.0,84.7,14985.0
4210,51377.0,231.1,51377.0
4211,1229365.0,30.9,714.0
4212,1347104.0,270.4,41388.0
4213,1414895.0,92.8,17126.0
4214,1554758.0,69.5,18554.0
4215,1611133.0,231.8,34967.0
4216,1656805.0,131.3,16413.0
4217,1696054.0,38.6,4282.0
4218,2115665.0,177.4,32114.0
4219,2354031.0,718.3,189124.0
4220,2376157.0,192.9,8565.0
4221,2445389.0,332.0,34974.0
4222,107037.0,478.5,107037.0
4223,17839.0,108.1,17839.0
4224,35678.0,154.0,35678.0
4225,64934.0,254.8,64934.0
4226,32824.0,293.2,32824.0
4227,32110.0,262.1,32110.0
4228,46381.0,239.4,46381.0
4229,14271.0,154.2,14271.0
4230,30683.0,385.5,30683.0
4231,199796.0,246.6,50663.0
4232,42100.0,177.0,42100.0
4233,38532.0,246.9,38532.0
4234,56371.0,215.9,56371.0
4235,67075.0,300.4,67075.0
4236,34965.0,177.4,34965.0
4237,19266.0,161.9,19266.0
4238,57798.0,115.8,6422.0
4239,91335.0,100.4,17126.0
4240,146994.0,193.2,24975.0
4241,241188.0,131.3,25690.0
4242,76352.0,408.2,76352.0
4243,55658.0,277.3,55658.0
4244,184807.0,115.8,14271.0
4245,343220.0,223.2,49236.0
4246,362486.0,38.6,1427.0
4247,68503.0,439.2,68503.0
4248,76350.0,115.8,12131.0
4249,58512.0,478.1,58512.0
4250,77779.0,100.2,4995.0
4251,69214.0,540.3,69214.0
4252,62080.0,346.9,62080.0
4253,20693.0,154.3,20693.0
4254,99898.0,362.8,99898.0
4255,28542.0,169.5,28542.0
4256,24974.0,192.9,24974.0
4257,22834.0,161.9,22834.0
4258,39959.0,370.5,39959.0
4259,35678.0,378.3,35678.0
4260,131292.0,77.2,5708.0
4261,195513.0,331.9,20694.0
4262,87054.0,247.1,28542.0
4263,109888.0,77.2,2854.0
4264,34964.0,254.8,34964.0
4265,123447.0,177.4,17839.0
4266,34251.0,455.6,34251.0
4267,32823.0,139.0,32823.0
4268,16412.0,131.3,16412.0
4269,72070.0,92.3,12844.0
4270,219058.0,146.4,27829.0
4271,17839.0,108.1,17839.0
4272,107032.0,655.2,107032.0
4273,22120.0,123.3,22120.0
4274,119163.0,177.4,54230.0
4275,157695.0,108.1,19266.0
4276,52090.0,308.3,52090.0
4277,34964.0,239.3,34964.0
4278,38532.0,301.3,38532.0
4279,129867.0,200.5,33537.0
4280,205506.0,100.2,22834.0
4281,425284.0,362.7,122017.0
4282,48521.0,455.3,48521.0
4283,57798.0,308.9,57798.0
4284,19980.0,138.8,19980.0
4285,116308.0,138.8,27115.0
4286,165543.0,146.7,29969.0
4287,56371.0,324.1,56371.0
4288,29969.0,115.4,29969.0
4289,80631.0,216.2,27829.0
4290,12844.0,138.8,12844.0
4291,98470.0,354.1,98470.0
4292,37105.0,161.5,37105.0
4293,89193.0,115.7,24261.0
4294,37105.0,200.5,37105.0
4295,28542.0,293.2,28542.0
4296,25688.0,100.2,25688.0
4297,5698629.0,154.0,24974.0
4298,5887012.0,169.5,42811.0
4299,8272073.0,231.1,52801.0
4300,8359837.0,169.5,39244.0
4301,8388379.0,23.1,1427.0
4302,8568905.0,216.0,75637.0
4303,10152178.0,478.1,171257.0
4304,10473311.0,23.1,2140.0
4305,10631729.0,300.7,85631.0
4306,11440925.0,200.5,29971.0
4307,11650740.0,38.6,713.0
4308,11753505.0,200.5,37107.0
4309,11839141.0,200.5,65654.0
4310,12003282.0,161.9,35683.0
4311,12065372.0,38.6,5710.0
4312,12210239.0,185.0,35681.0
4313,12277323.0,130.9,32826.0
4314,12293736.0,23.1,2140.0
4315,12378659.0,269.7,50667.0
4316,12537102.0,84.7,12846.0
4317,12769749.0,38.6,4996.0
4318,12799721.0,192.9,12844.0
4319,12886794.0,23.1,713.0
4320,12992417.0,161.9,49244.0
4321,13041660.0,38.6,713.0
4322,13113029.0,239.1,38538.0
4323,13195102.0,77.2,12132.0
4324,13262192.0,100.2,5710.0
4325,13346409.0,200.5,38538.0
4326,13444899.0,169.5,42822.0
4327,44241.0,231.5,44241.0
4328,141993.0,216.2,19266.0
4329,206927.0,77.2,2854.0
4330,35678.0,216.2,35678.0
4331,67074.0,177.4,13558.0
4332,144137.0,77.2,22120.0
4333,57084.0,277.3,57084.0
4334,37818.0,393.8,37818.0
4335,335358.0,115.7,19266.0
4336,415278.0,293.1,57085.0
4337,28542.0,92.6,28542.0
4338,19266.0,131.3,19266.0
4339,21407.0,208.1,21407.0
4340,50662.0,185.0,50662.0
4341,29256.0,177.0,29256.0
4342,149130.0,270.2,44954.0
4343,238327.0,77.2,15698.0
4344,289705.0,169.5,22121.0
4345,29256.0,154.6,29256.0
4346,42100.0,331.7,42100.0
4347,124872.0,308.3,85628.0
4348,274721.0,485.0,115598.0
4349,12130.0,123.3,12130.0
4350,20693.0,154.3,20693.0
4351,16412.0,123.3,16412.0
4352,54230.0,401.3,54230.0
4353,44240.0,200.5,44240.0
4354,19266.0,200.9,19266.0
4355,24974.0,185.0,24974.0
4356,124160.0,532.8,124160.0
4357,35678.0,185.0,35678.0
4358,80631.0,161.9,24261.0
4359,19979.0,200.5,19979.0
4360,117735.0,477.4,117735.0
4361,103466.0,123.3,13557.0
4362,198364.0,69.2,6422.0
4363,329651.0,123.3,28542.0
4364,188377.0,355.2,89195.0
4365,254026.0,193.2,19980.0
4366,292560.0,30.9,4282.0
4367,411732.0,185.3,23549.0
4368,19266.0,146.4,19266.0
4369,68500.0,77.2,5708.0
4370,129866.0,146.4,24261.0
4371,218344.0,23.1,10704.0
4372,340363.0,401.2,92764.0
4373,27828.0,185.0,27828.0
4374,119159.0,115.7,14271.0
4375,104891.0,239.3,42100.0
4376,22834.0,100.2,22834.0
4377,93473.0,339.3,93473.0
4378,110600.0,161.9,25688.0
4379,379621.0,100.2,8563.0
4380,443839.0,177.4,37817.0
4381,478088.0,46.2,7135.0
4382,587973.0,292.8,69926.0
4383,28542.0,308.7,28542.0
4384,12130.0,100.2,12130.0
4385,22833.0,146.7,22833.0
4386,37104.0,216.2,37104.0
4387,102752.0,400.9,102752.0
4388,65646.0,370.0,65646.0
4389,125582.0,447.3,125582.0
4390,33537.0,231.1,33537.0
4391,343198.0,30.9,2141.0
4392,375307.0,38.6,2854.0
4393,424543.0,154.3,29969.0
4394,538711.0,177.6,24975.0
4395,622200.0,69.5,17126.0
4396,954006.0,278.0,42102.0
4397,973987.0,38.6,2141.0
4398,1008240.0,154.3,5709.0
4399,1053198.0,30.9,2141.0
4400,1271566.0,640.6,80641.0
4401,1357918.0,69.5,2855.0
4402,1509207.0,77.2,7137.0
4403,12844.0,138.8,12844.0
4404,25688.0,162.3,25688.0
4405,81345.0,331.7,81345.0
4406,22120.0,146.4,22120.0
4407,28542.0,154.6,28542.0
4408,30683.0,262.1,30683.0
4409,42812.0,139.0,42812.0
4410,19979.0,161.9,19979.0
4411,33536.0,285.7,33536.0
4412,149129.0,724.0,149129.0
4413,450975.0,262.1,33536.0
4414,931200.0,347.3,54941.0
4415,33537.0,123.3,33537.0
4416,46380.0,216.2,46380.0
4417,22833.0,154.3,22833.0
4418,22120.0,293.2,22120.0
4419,17125.0,108.1,17125.0
4420,35677.0,254.2,35677.0
4421,34250.0,278.0,34250.0
4422,14984.0,92.8,14984.0
4423,24260.0,138.8,24260.0
4424,19979.0,162.3,19979.0
4425,44240.0,285.2,44240.0
4426,27828.0,185.3,27828.0
4427,29255.0,216.2,29255.0
4428,67787.0,192.9,67787.0
4429,121299.0,555.8,121299.0
4430,52802.0,261.8,52802.0
4431,199791.0,432.6,117732.0
4432,227618.0,30.9,713.0
4433,258298.0,162.1,16410.0
4434,151269.0,363.1,54230.0
4435,52089.0,285.2,52089.0
4436,64218.0,347.5,64218.0
4437,25687.0,184.9,25687.0
4438,15698.0,100.4,15698.0
4439,29255.0,254.8,29255.0
4440,28542.0,169.5,28542.0
4441,124870.0,531.5,124870.0
4442,155550.0,184.6,40672.0
4443,55656.0,123.3,17838.0
4444,121303.0,277.3,49235.0
4445,59224.0,331.0,59224.0
4446,299684.0,377.9,161970.0
4447,378887.0,69.2,11416.0
4448,422413.0,61.7,24260.0
4449,488771.0,107.8,37103.0
4450,523735.0,77.2,7135.0
4451,582959.0,138.8,4995.0
4452,659305.0,177.4,41384.0
4453,853379.0,647.6,146982.0
4454,47093.0,362.8,47093.0
4455,24974.0,177.6,24974.0
4456,175526.0,208.3,44240.0
4457,212631.0,100.2,8563.0
4458,72782.0,409.1,72782.0
4459,37104.0,231.5,37104.0
4460,34963.0,278.0,34963.0
4461,50661.0,369.6,50661.0
4462,19979.0,146.4,19979.0
4463,100606.0,108.1,14984.0
4464,132002.0,108.1,17839.0
4465,184091.0,278.0,32824.0
4466,47093.0,354.1,47093.0
4467,47094.0,269.7,47094.0
4468,15698.0,84.7,15698.0
4469,114878.0,177.6,33536.0
4470,191228.0,216.2,32110.0
4471,73494.0,524.6,73494.0
4472,29255.0,177.4,29255.0
4473,84908.0,138.8,11417.0
4474,297542.0,100.4,14984.0
4475,398153.0,231.5,48522.0
4476,54943.0,347.5,54943.0
4477,26401.0,301.0,26401.0
4478,37817.0,339.9,37817.0
4479,17838.0,115.7,17838.0
4480,48520.0,154.6,48520.0
4481,13557.0,154.3,13557.0
4482,14271.0,92.6,14271.0
4483,57796.0,385.7,57796.0
4484,26401.0,185.0,26401.0
4485,30682.0,270.0,30682.0
4486,36390.0,200.5,36390.0
4487,102750.0,470.4,102750.0
4488,126289.0,77.2,4995.0
4489,47093.0,254.8,47093.0
4490,17125.0,138.8,17125.0
4491,42812.0,293.6,42812.0
4492,48520.0,231.1,48520.0
4493,26401.0,231.1,26401.0
4494,102750.0,501.1,102750.0
4495,12130.0,115.7,12130.0
4496,103461.0,231.8,43526.0
4497,416703.0,277.3,60650.0
4498,39244.0,369.9,39244.0
4499,52088.0,278.0,52088.0
4500,34963.0,277.3,34963.0
4501,39958.0,216.2,39958.0
4502,23547.0,146.4,23547.0
4503,104889.0,401.2,104889.0
4504,48520.0,293.3,48520.0
4505,32109.0,139.0,32109.0
4506,27114.0,262.4,27114.0
4507,37817.0,192.5,37817.0
4508,97756.0,77.2,4281.0
4509,47093.0,315.9,47093.0
4510,26401.0,192.5,26401.0
4511,22833.0,107.8,22833.0
4512,87051.0,331.8,87051.0
4513,16411.0,100.4,16411.0
4514,61363.0,385.5,61363.0
4515,38530.0,216.2,38530.0
4516,15698.0,177.4,15698.0
4517,67786.0,424.6,67786.0
4518,45666.0,254.6,45666.0
4519,54228.0,285.7,54228.0
4520,48520.0,223.8,48520.0
4521,38530.0,293.3,38530.0
4522,44239.0,200.8,44239.0
4523,58509.0,231.4,58509.0
4524,14984.0,100.2,14984.0
4525,88477.0,424.0,88477.0
4526,37103.0,123.3,37103.0
4527,84910.0,346.8,84910.0
4528,42098.0,331.7,42098.0
4529,23546.0,108.1,23546.0
4530,102748.0,362.8,102748.0
4531,27827.0,177.4,27827.0
4532,59222.0,138.8,14271.0
4533,93472.0,38.6,714.0
4534,134855.0,23.1,714.0
4535,225472.0,262.1,58507.0
4536,371743.0,277.6,72064.0
4537,546553.0,285.5,53512.0
4538,806968.0,92.3,21404.0
4539,969640.0,385.1,139841.0
4540,50660.0,362.4,50660.0
4541,22119.0,177.4,22119.0
4542,93471.0,200.5,29967.0
4543,127006.0,77.2,7135.0
4544,165537.0,38.6,713.0
4545,135570.0,277.6,62076.0
4546,194792.0,100.2,18551.0
4547,42097.0,370.2,42097.0
4548,27114.0,169.5,27114.0
4549,48520.0,231.4,48520.0
4550,26400.0,200.9,26400.0
4551,13557.0,100.2,13557.0
4552,32822.0,192.5,32822.0
4553,30681.0,138.8,30681.0
4554,47806.0,323.8,47806.0
4555,27827.0,154.4,27827.0
4556,77774.0,455.6,77774.0
4557,94900.0,640.9,94900.0
4558,25687.0,169.5,25687.0
4559,57082.0,301.3,57082.0
4560,67784.0,308.3,67784.0
4561,14270.0,84.7,14270.0
4562,33536.0,239.1,33536.0
4563,94186.0,362.3,94186.0
4564,186231.0,192.5,23546.0
4565,19978.0,177.6,19978.0
4566,15697.0,100.2,15697.0
4567,47092.0,200.5,47092.0
4568,19265.0,239.1,19265.0
4569,29968.0,216.2,29968.0
4570,74207.0,192.9,20692.0
4571,24973.0,177.0,24973.0
4572,25687.0,146.4,25687.0
4573,82054.0,408.4,82054.0
4574,27827.0,162.3,27827.0
4575,52801.0,300.9,52801.0
4576,80627.0,477.4,80627.0
4577,20692.0,123.3,20692.0
4578,102745.0,146.4,20692.0
4579,149838.0,123.3,20692.0
4580,246165.0,154.0,30682.0
4581,14270.0,154.3,14270.0
4582,133427.0,355.2,66358.0
4583,62790.0,401.4,62790.0
4584,42097.0,277.3,42097.0
4585,144130.0,401.0,89903.0
4586,34962.0,138.8,34962.0
4587,35676.0,200.5,35676.0
4588,51373.0,239.4,51373.0
4589,22832.0,161.9,22832.0
4590,40671.0,108.1,40671.0
4591,32822.0,192.9,32822.0
4592,27113.0,177.4,27113.0
4593,14270.0,192.9,14270.0
4594,42810.0,308.9,42810.0
4595,23546.0,154.3,23546.0
4596,32108.0,231.5,32108.0
4597,372455.0,200.1,38529.0
4598,474488.0,292.8,37816.0
4599,47092.0,400.6,47092.0
4600,55654.0,278.0,55654.0
4601,149121.0,239.4,37103.0
4602,214764.0,77.2,10703.0
4603,353906.0,417.0,96329.0
4604,24973.0,130.9,24973.0
4605,26400.0,216.0,26400.0
4606,19265.0,154.3,19265.0
4607,19978.0,100.2,19978.0
4608,89901.0,131.3,22119.0
4609,133426.0,169.9,29255.0
4610,233320.0,77.2,14984.0
4611,311097.0,223.6,65647.0
4612,423126.0,408.5,92050.0
4613,117732.0,716.8,117732.0
4614,167673.0,270.0,42098.0
4615,45665.0,362.8,45665.0
4616,57795.0,362.6,57795.0
4617,962486.0,77.2,5708.0
4618,1065947.0,115.7,29967.0
4619,1130876.0,38.6,714.0
4620,1215073.0,223.8,54942.0
4621,1269303.0,100.2,23547.0
4622,1382760.0,154.3,35678.0
4623,1412016.0,131.2,11417.0
4624,39957.0,370.5,39957.0
4625,21406.0,339.6,21406.0
4626,16411.0,92.6,16411.0
4627,49233.0,100.2,49233.0
4628,19265.0,208.3,19265.0
4629,29967.0,300.7,29967.0
4630,52799.0,246.3,52799.0
4631,37103.0,208.0,37103.0
4632,27113.0,223.6,27113.0
4633,54941.0,370.2,54941.0
4634,11416.0,100.2,11416.0
4635,139130.0,30.9,3568.0
4636,170524.0,38.6,4281.0
4637,235454.0,339.5,39244.0
4638,27113.0,200.1,27113.0
4639,78486.0,338.9,78486.0
4640,49232.0,338.9,49232.0
4641,35675.0,130.9,35675.0
4642,38530.0,269.7,38530.0
4643,64215.0,216.2,27827.0
4644,62789.0,439.5,62789.0
4645,40670.0,131.2,40670.0
4646,26400.0,192.9,26400.0
4647,76347.0,100.4,8562.0
4648,114876.0,115.7,13557.0
4649,20692.0,177.6,20692.0
4650,35675.0,208.0,35675.0
4651,15697.0,115.7,15697.0
4652,25686.0,216.0,25686.0
4653,13557.0,92.3,13557.0
4654,57080.0,100.2,7849.0
4655,212625.0,177.0,29967.0
4656,18551.0,100.2,18551.0
4657,50659.0,423.7,50659.0
4658,50659.0,262.1,50659.0
4659,40669.0,131.2,3568.0
4660,155541.0,909.3,155541.0
4661,19265.0,138.8,19265.0
4662,66357.0,30.9,714.0
4663,32108.0,246.9,32108.0
4664,32821.0,293.1,32821.0
4665,24259.0,208.0,24259.0
4666,49232.0,246.6,49232.0
4667,29254.0,161.9,29254.0
4668,39243.0,362.0,39243.0
4669,17124.0,115.7,17124.0
4670,74917.0,108.1,7135.0
4671,119154.0,139.0,27114.0
4672,146268.0,38.6,4281.0
4673,219048.0,339.3,58510.0
4674,24259.0,123.3,24259.0
4675,24259.0,223.6,24259.0
4676,74916.0,38.6,1427.0
4677,105597.0,100.4,7135.0
4678,207630.0,378.2,86336.0
4679,22832.0,69.2,22832.0
4680,428813.0,261.8,42097.0
4681,24259.0,169.5,24259.0
4682,27827.0,216.2,27827.0
4683,44951.0,354.8,44951.0
4684,28540.0,161.9,28540.0
4685,153406.0,100.4,12843.0
4686,221188.0,270.4,38528.0
4687,63502.0,231.4,63502.0
4688,274704.0,169.9,42810.0
4689,328929.0,177.4,15697.0
4690,29254.0,100.4,29254.0
4691,78486.0,401.7,78486.0
4692,129853.0,169.7,15697.0
4693,36388.0,138.4,36388.0
4694,12130.0,108.1,12130.0
4695,14984.0,107.8,14984.0
4696,26400.0,192.5,26400.0
4697,156251.0,139.0,13557.0
4698,19264.0,146.4,19264.0
4699,137703.0,146.7,12130.0
4700,189788.0,115.7,17838.0
4701,218328.0,30.9,714.0
4702,342482.0,285.5,82056.0
4703,436669.0,208.5,55657.0
4704,526578.0,169.7,34251.0
4705,17124.0,108.1,17124.0
4706,24972.0,185.2,24972.0
4707,29253.0,246.6,29253.0
4708,57793.0,278.0,57793.0
4709,203352.0,139.0,12129.0
4710,13556.0,84.7,13556.0
4711,154828.0,208.0,42096.0
4712,227607.0,169.5,25686.0
4713,256148.0,69.2,12843.0
4714,201200.0,169.9,32821.0
4715,263989.0,208.5,33535.0
4716,313221.0,69.5,3568.0
4717,337482.0,61.8,4281.0
4718,670700.0,38.6,3568.0
4719,816978.0,323.8,133433.0
4720,864072.0,138.8,24975.0
4721,1006785.0,401.4,62081.0
4722,102745.0,532.8,102745.0
4723,94896.0,61.7,8562.0
4724,18551.0,161.9,18551.0
4725,42096.0,208.5,42096.0
4726,30680.0,269.7,30680.0
4727,114873.0,469.8,114873.0
4728,201202.0,100.2,34248.0
4729,284682.0,200.5,34248.0
4730,17837.0,115.7,17837.0
4731,79912.0,555.7,79912.0
4732,24972.0,154.3,24972.0
4733,26399.0,108.1,26399.0
4734,34248.0,316.6,34248.0
4735,40669.0,346.9,40669.0
4736,18551.0,154.3,18551.0
4737,44950.0,292.4,44950.0
4738,51371.0,362.4,51371.0
4739,69208.0,138.8,18551.0
4740,112731.0,138.8,17124.0
4741,40669.0,200.1,40669.0
4742,23545.0,154.3,23545.0
4743,85619.0,392.6,85619.0
4744,39956.0,192.5,39956.0
4745,36388.0,185.0,36388.0
4746,29254.0,108.1,29254.0
4747,121292.0,725.0,121292.0
4748,22118.0,92.8,22118.0
4749,20691.0,169.9,20691.0
4750,92041.0,138.8,17837.0
4751,24972.0,177.6,24972.0
4752,52798.0,354.8,52798.0
4753,46377.0,277.3,46377.0
4754,27113.0,138.8,27113.0
4755,23545.0,139.0,23545.0
4756,17837.0,100.2,17837.0
4757,17837.0,107.8,17837.0
4758,34248.0,247.1,34248.0
4759,33534.0,270.1,33534.0
4760,28539.0,131.2,28539.0
4761,38528.0,200.1,38528.0
4762,26399.0,115.7,26399.0
4763,43523.0,292.8,43523.0
4764,26399.0,169.9,26399.0
4765,37815.0,270.4,37815.0
4766,35674.0,246.9,35674.0
4767,571480.0,154.6,29253.0
4768,809791.0,115.7,25686.0
4769,874719.0,77.2,7849.0
4770,898979.0,38.6,4281.0
4771,988170.0,216.2,54228.0
4772,1032410.0,131.2,8563.0
4773,1136587.0,239.4,47095.0
4774,1428434.0,154.3,17126.0
4775,49231.0,270.4,49231.0
4776,30680.0,169.5,30680.0
4777,38528.0,400.9,38528.0
4778,57792.0,115.7,57792.0
4779,24258.0,139.0,24258.0
4780,23545.0,231.8,23545.0
4781,95609.0,61.8,5708.0
4782,156968.0,301.0,32820.0
4783,72776.0,424.7,72776.0
4784,74203.0,478.0,74203.0
4785,756297.0,431.6,104882.0
4786,48516.0,308.6,48516.0
4787,45663.0,215.6,45663.0
4788,19264.0,185.0,19264.0
4789,83476.0,177.4,14983.0
4790,206196.0,401.2,92754.0
4791,43523.0,208.5,43523.0
4792,74203.0,331.9,74203.0
4793,50657.0,216.2,50657.0
4794,18551.0,130.9,18551.0
4795,27112.0,200.5,27112.0
4796,319631.0,161.9,34247.0
4797,405965.0,231.5,59934.0
4798,595037.0,216.2,32822.0
4799,769845.0,100.4,7135.0
4800,933244.0,77.2,7849.0
4801,1009594.0,216.2,39959.0
4802,44949.0,269.7,44949.0
4803,168377.0,146.7,16410.0
4804,253282.0,231.4,26399.0
4805,58505.0,231.5,58505.0
4806,97749.0,571.4,97749.0
4807,73489.0,208.3,26399.0
4808,173374.0,185.0,46375.0
4809,217609.0,115.7,20690.0
4810,24258.0,138.8,24258.0
4811,112016.0,362.8,51371.0
4812,3345154.0,246.6,75630.0
4813,3430057.0,38.6,2141.0
4814,3554208.0,239.1,42097.0
4815,3758980.0,192.9,52087.0
4816,3861727.0,208.5,55655.0
4817,3913103.0,285.7,39245.0
4818,264701.0,146.4,17123.0
4819,283965.0,38.6,713.0
4820,401688.0,323.4,92752.0
4821,448064.0,84.7,22118.0
4822,24972.0,208.5,24972.0
4823,79911.0,46.1,3567.0
4824,28539.0,215.9,28539.0
4825,37101.0,177.4,37101.0
4826,25685.0,92.3,25685.0
4827,36387.0,169.9,36387.0
4828,84903.0,185.2,21405.0
4829,35674.0,262.1,35674.0
4830,64927.0,23.1,713.0
4831,124144.0,123.3,9989.0
4832,166954.0,92.3,24258.0
4833,197633.0,107.8,12843.0
4834,261134.0,146.4,39242.0
4835,348895.0,223.6,60648.0
4836,460917.0,362.0,84195.0
4837,114157.0,254.2,64214.0
4838,170523.0,123.3,30680.0
4839,213333.0,107.8,16410.0
4840,234739.0,38.6,2140.0
4841,258284.0,123.3,12130.0
4842,312510.0,161.5,30681.0
4843,20691.0,177.4,20691.0
4844,89900.0,362.8,89900.0
4845,8050737.0,223.5,51369.0
4846,8104248.0,123.3,27111.0
4847,8349696.0,200.1,50656.0
4848,8393934.0,46.1,5708.0
4849,8564454.0,161.9,43524.0
4850,8671475.0,331.4,69921.0
4851,9656900.0,107.8,54225.0
4852,9691149.0,23.1,1427.0
4853,9740380.0,84.7,7134.0
4854,10040743.0,107.8,20691.0
4855,10075703.0,69.2,10702.0
4856,10168455.0,254.2,66353.0
4857,11578819.0,161.9,35673.0
4858,11876358.0,169.5,39240.0
4859,11912744.0,61.7,9988.0
4860,12056151.0,177.0,81336.0
4861,12143196.0,153.9,44234.0
4862,12474226.0,69.2,9274.0
4863,12743201.0,354.8,151969.0
4864,12844516.0,138.8,34248.0
4865,13498131.0,177.0,65642.0
4866,13567344.0,61.7,20692.0
4867,13700775.0,169.5,35675.0
4868,13847758.0,261.8,89190.0
4869,13946220.0,84.7,25686.0
4870,14526359.0,77.2,10702.0
4871,14576303.0,130.9,32106.0
4872,14620540.0,46.2,9988.0
4873,14660498.0,100.2,11416.0
4874,14766808.0,300.4,74203.0
4875,14850291.0,130.9,45665.0
4876,26051916.0,323.8,99180.0
4877,26311653.0,138.8,97755.0
4878,26425823.0,262.1,81345.0
4879,23545.0,146.4,23545.0
4880,30680.0,208.0,30680.0
4881,34961.0,292.8,34961.0
4882,54937.0,215.6,54937.0
4883,139838.0,131.2,12843.0
4884,49230.0,385.4,49230.0
4885,19977.0,100.2,19977.0
4886,54936.0,69.5,7848.0
4887,52084.0,338.9,52084.0
4888,85617.0,377.8,85617.0
4889,112729.0,508.8,112729.0
4890,10702.0,108.1,10702.0
4891,22831.0,107.8,22831.0
4892,67067.0,485.9,67067.0
4893,28539.0,231.5,28539.0
4894,121290.0,130.9,19977.0
4895,155537.0,84.7,8562.0
4896,74201.0,284.8,74201.0
4897,84903.0,400.9,84903.0
4898,13556.0,154.3,13556.0
4899,17837.0,131.3,17837.0
4900,37101.0,192.5,37101.0
4901,80622.0,23.1,2140.0
4902,118435.0,123.3,18550.0
4903,175514.0,208.0,26399.0
4904,107020.0,154.3,14270.0
4905,43522.0,146.4,43522.0
4906,52797.0,223.5,52797.0
4907,64213.0,192.9,17123.0
4908,13556.0,131.2,13556.0
4909,49228.0,30.9,713.0
4910,53509.0,38.6,1427.0
4911,107019.0,38.6,3567.0
4912,333909.0,701.6,181227.0
4913,49943.0,254.2,49943.0
4914,19264.0,100.4,19264.0
4915,104882.0,424.7,104882.0
4916,122003.0,392.6,122003.0
4917,24258.0,154.0,24258.0
4918,28539.0,192.5,28539.0
4919,52084.0,416.5,52084.0
4920,239011.0,678.2,239011.0
4921,37101.0,332.0,37101.0
4922,88470.0,578.0,88470.0
4923,29252.0,154.3,29252.0
4924,24258.0,146.7,24258.0
4925,186928.0,285.2,62785.0
4926,41381.0,185.0,41381.0
4927,34246.0,177.6,34246.0
4928,32106.0,177.6,32106.0
4929,29966.0,146.7,29966.0
4930,19977.0,216.2,19977.0
4931,3476446.0,108.1,12843.0
4932,3530671.0,69.5,19264.0
4933,3624137.0,208.5,38529.0
4934,4103608.0,177.6,50658.0
4935,4231327.0,270.2,69924.0
4936,4546697.0,362.8,79915.0
4937,4953432.0,146.4,17838.0
4938,5004807.0,139.0,18552.0
4939,6529577.0,401.4,96336.0
4940,6723680.0,77.2,35681.0
4941,6839999.0,177.6,50668.0
4942,6945620.0,293.4,47816.0
4943,7038397.0,316.3,38540.0
4944,81336.0,355.0,81336.0
4945,24971.0,138.8,24971.0
4946,12842.0,100.4,12842.0
4947,313914.0,38.6,2854.0
4948,368137.0,169.7,22831.0
4949,425216.0,38.6,4994.0
4950,552927.0,92.8,20691.0
4951,615002.0,208.5,37816.0
4952,759846.0,347.3,79201.0
4953,815500.0,77.2,9989.0
4954,1004591.0,231.5,67788.0
4955,1120900.0,100.4,11417.0
4956,1205816.0,270.4,57800.0
4957,1513374.0,216.0,59942.0
4958,1653956.0,378.2,91344.0
4959,13556.0,115.7,13556.0
4960,106308.0,100.2,19977.0
4961,118438.0,38.6,1427.0
4962,189783.0,293.1,42808.0
4963,231163.0,61.7,1427.0
4964,322482.0,146.4,50654.0
4965,443054.0,339.3,87039.0
4966,569341.0,46.1,4994.0
4967,1215086.0,108.1,24258.0
4968,1283579.0,30.9,4281.0
4969,1310691.0,108.1,6421.0
4970,1348504.0,146.7,14982.0
4971,14983.0,115.7,14983.0
4972,28539.0,177.6,28539.0
4973,34960.0,177.6,34960.0
4974,1615154.0,223.5,59932.0
4975,1762840.0,246.9,38528.0
4976,1906248.0,278.0,29967.0
4977,2369306.0,38.6,2141.0
4978,2888714.0,177.6,24974.0
4979,2939374.0,30.9,2854.0
4980,2987895.0,38.6,1427.0
4981,3015009.0,30.9,1427.0
4982,3244775.0,493.6,131296.0
4983,3499511.0,262.4,70644.0
4984,23544.0,278.0,23544.0
4985,33533.0,270.4,33533.0
4986,44948.0,278.0,44948.0
4987,54223.0,308.3,54223.0
4988,62785.0,338.9,62785.0
4989,557200.0,69.5,7135.0
4990,613565.0,108.1,11415.0
4991,825471.0,247.1,56366.0
4992,875416.0,131.3,13557.0
4993,955330.0,200.8,34963.0
4994,1115158.0,154.3,15698.0
4995,1255728.0,370.5,81346.0
4996,1788728.0,100.4,6422.0
4997,37813.0,115.7,37813.0
4998,16410.0,100.2,16410.0
4999,21404.0,177.4,21404.0
5000,56364.0,293.1,56364.0
5001,33533.0,308.6,33533.0
5002,22117.0,285.7,22117.0
5003,26398.0,254.7,26398.0
5004,31392.0,200.8,31392.0
5005,24971.0,200.7,24971.0
5006,25685.0,162.3,25685.0
5007,27111.0,131.3,27111.0
5008,77055.0,61.7,3567.0
5009,19977.0,185.0,19977.0
5010,95604.0,423.3,95604.0
5011,16410.0,154.3,16410.0
5012,16409.0,115.7,16409.0
5013,40667.0,216.2,40667.0
5014,25685.0,177.6,25685.0
5015,28539.0,239.1,28539.0
5016,76342.0,408.8,76342.0
5017,21404.0,115.4,21404.0
5018,122000.0,153.9,33533.0
5019,186210.0,38.6,4281.0
5020,238293.0,177.4,28539.0
5021,311780.0,77.2,13556.0
5022,370999.0,84.7,12843.0
5023,494434.0,501.4,111305.0
5024,34960.0,238.7,34960.0
5025,19263.0,139.0,19263.0
5026,41381.0,394.0,41381.0
5027,40668.0,254.7,40668.0
5028,29252.0,146.7,29252.0
5029,53509.0,246.6,53509.0
5030,39954.0,231.5,39954.0
5031,477290.0,146.4,32819.0
5032,538648.0,185.0,30679.0
5033,597865.0,77.2,9989.0
5034,724152.0,177.4,46376.0
5035,801923.0,192.8,53512.0
5036,828322.0,38.6,1427.0
5037,950333.0,146.4,41383.0
5038,1017403.0,146.4,53513.0
5039,1165103.0,339.3,127008.0
5040,1247161.0,301.0,60652.0
5041,77768.0,432.6,77768.0
5042,112013.0,185.0,26398.0
5043,44948.0,316.4,44948.0
5044,56364.0,261.8,56364.0
5045,77768.0,324.1,77768.0
5046,17837.0,123.7,17837.0
5047,169798.0,69.5,6421.0
5048,260407.0,69.5,27825.0
5049,296794.0,139.0,11416.0
5050,317485.0,30.9,713.0
5051,400249.0,108.1,15697.0
5052,478733.0,200.8,36388.0
5053,603597.0,231.8,23546.0
5054,639987.0,61.8,2854.0
5055,785547.0,115.7,27828.0
5056,836209.0,162.3,19980.0
5057,859756.0,61.8,8563.0
5058,926118.0,200.9,14985.0
5059,1121635.0,38.6,714.0
5060,1207266.0,231.8,45670.0
5061,1334288.0,108.1,17840.0
5062,1407076.0,108.1,18554.0
5063,1594762.0,154.3,41391.0
5064,1748908.0,332.2,69225.0
5065,1875941.0,208.5,35684.0
5066,2138586.0,779.5,145600.0
5067,124140.0,138.8,29252.0
5068,180503.0,77.2,19977.0
5069,230447.0,115.7,29253.0
5070,117004.0,92.8,7135.0
5071,111300.0,501.2,111300.0
5072,22831.0,162.3,22831.0
5073,21404.0,215.6,21404.0
5074,248279.0,440.0,98458.0
5075,279672.0,77.2,9275.0
5076,117006.0,362.8,34246.0
5077,46375.0,316.6,46375.0
5078,54223.0,424.7,54223.0
5079,2513226.0,262.7,38527.0
5080,81334.0,555.3,81334.0
5081,33532.0,231.1,33532.0
5082,49229.0,278.0,49229.0
5083,62071.0,23.1,713.0
5084,121288.0,215.6,29252.0
5085,147686.0,77.2,6421.0
5086,29966.0,177.4,29966.0
5087,16410.0,108.1,16410.0
5088,67779.0,362.4,67779.0
5089,49229.0,208.5,49229.0
5090,56363.0,292.8,56363.0
5091,22831.0,123.3,22831.0
5092,111299.0,169.5,42095.0
5093,297516.0,424.0,160533.0
5094,385273.0,161.9,49944.0
5095,435931.0,185.0,21405.0
5096,530827.0,292.8,66356.0
5097,703495.0,346.9,120585.0
5098,49228.0,300.3,49228.0
5099,42807.0,277.6,42807.0
5100,20690.0,254.6,20690.0
5101,378145.0,115.7,3567.0
5102,62071.0,301.3,62071.0
5103,44234.0,146.4,44234.0
5104,41380.0,246.6,41380.0
5105,99167.0,77.2,4281.0
5106,41380.0,223.5,41380.0
5107,36386.0,177.6,36386.0
5108,34246.0,285.7,34246.0
5109,101313.0,525.1,101313.0
5110,31392.0,231.5,31392.0
5111,181217.0,269.7,72773.0
5112,199768.0,46.1,2140.0
5113,224025.0,108.1,10702.0
5114,325340.0,308.7,62787.0
5115,39240.0,215.6,39240.0
5116,64924.0,431.6,64924.0
5117,199765.0,393.4,77767.0
5118,253275.0,177.6,13556.0
5119,28538.0,247.1,28538.0
5120,35673.0,216.5,35673.0
5121,258974.0,61.8,4281.0
5122,384542.0,108.1,13556.0
5123,428776.0,100.4,7135.0
5124,453747.0,61.8,9989.0
5125,502978.0,115.7,23545.0
5126,617134.0,231.8,37815.0
5127,932504.0,216.0,59222.0
5128,1001003.0,100.2,17838.0
5129,1027403.0,154.3,6422.0
5130,23544.0,208.5,23544.0
5131,113441.0,640.4,113441.0
5132,26398.0,192.5,26398.0
5133,59217.0,308.9,59217.0
5134,25684.0,146.7,25684.0
5135,140548.0,61.7,28538.0
5136,204045.0,285.2,42093.0
5137,378836.0,300.7,82046.0
5138,442332.0,77.2,2140.0
5139,606430.0,323.8,51370.0
5140,674208.0,30.9,713.0
5141,39953.0,177.4,39953.0
5142,22830.0,192.9,22830.0
5143,30678.0,185.0,30678.0
5144,16409.0,115.7,16409.0
5145,22117.0,131.3,22117.0
5146,37099.0,346.9,37099.0
5147,85614.0,215.6,39953.0
5148,126281.0,46.1,6421.0
5149,174796.0,123.3,16409.0
5150,205475.0,123.3,12842.0
5151,17123.0,100.4,17123.0
5152,13555.0,115.7,13555.0
5153,64924.0,138.8,7134.0
5154,30678.0,247.1,30678.0
5155,440180.0,146.7,20690.0
5156,837561.0,131.3,19977.0
5157,888218.0,193.2,22118.0
5158,1068727.0,77.2,4994.0
5159,1100834.0,69.5,14270.0
5160,1199298.0,146.7,19978.0
5161,1525364.0,224.1,41384.0
5162,1558901.0,77.2,7135.0
5163,1634535.0,154.6,14271.0
5164,1817204.0,262.4,57799.0
5165,2276723.0,208.5,36393.0
5166,2395176.0,100.4,5709.0
5167,2467963.0,30.9,2854.0
5168,2604974.0,115.8,29258.0
5169,2679190.0,262.7,51381.0
5170,2836902.0,77.2,7850.0
5171,2955364.0,123.7,20696.0
5172,3050993.0,239.4,28546.0
5173,3282933.0,192.9,21410.0
5174,3307199.0,30.9,714.0
5175,47087.0,323.8,47087.0
5176,24257.0,247.1,24257.0
5177,30678.0,208.5,30678.0
5178,126996.0,656.3,126996.0
5179,25684.0,208.0,25684.0
5180,30678.0,239.4,30678.0
5181,59930.0,417.0,59930.0
5182,26397.0,169.7,26397.0
5183,29965.0,153.9,29965.0
5184,68490.0,46.1,4281.0
5185,135554.0,254.6,43520.0
5186,263264.0,61.7,5708.0
5187,308925.0,38.6,2854.0
5188,369569.0,154.3,29966.0
5189,402389.0,92.6,14270.0
5190,23544.0,161.9,23544.0
5191,18550.0,100.2,18550.0
5192,131273.0,277.3,56363.0
5193,194057.0,216.0,39954.0
5194,201194.0,362.4,98457.0
5195,23543.0,139.0,23543.0
5196,960264.0,301.0,49941.0
5197,1015200.0,208.3,30679.0
5198,1700823.0,115.7,11416.0
5199,2076108.0,285.7,49945.0
5200,2171719.0,185.3,32822.0
5201,2286594.0,154.3,34963.0
5202,62070.0,285.2,62070.0
5203,50654.0,338.9,50654.0
5204,67065.0,571.0,67065.0
5205,74198.0,323.4,74198.0
5206,80619.0,385.1,80619.0
5207,49227.0,485.7,49227.0
5208,26397.0,123.3,26397.0
5209,59929.0,262.7,59929.0
5210,541492.0,138.4,32819.0
5211,566464.0,23.1,1427.0
5212,608558.0,69.2,8561.0
5213,716287.0,146.4,29964.0
5214,756239.0,123.3,16409.0
5215,799046.0,38.6,4281.0
5216,878235.0,261.7,58501.0
5217,1282010.0,69.2,14268.0
5218,1573065.0,61.7,6421.0
5219,1639413.0,138.8,38525.0
5220,1751418.0,123.3,24970.0
5221,1836316.0,154.3,38526.0
5222,2051065.0,246.9,67064.0
5223,42807.0,270.3,42807.0
5224,44233.0,200.1,44233.0
5225,22117.0,100.2,22117.0
5226,64209.0,239.2,22830.0
5227,22830.0,139.0,22830.0
5228,37812.0,216.2,37812.0
5229,206184.0,323.8,104877.0
5230,229727.0,61.7,5708.0
5231,266826.0,123.3,13556.0
5232,348871.0,30.9,713.0
5233,59216.0,377.9,59216.0
5234,142683.0,146.7,19976.0
5235,303208.0,293.1,98455.0
5236,333173.0,30.9,713.0
5237,28538.0,308.6,28538.0
5238,24257.0,231.5,24257.0
5239,24257.0,185.2,24257.0
5240,39953.0,285.2,39953.0
5241,159097.0,38.6,2140.0
5242,127705.0,477.7,127705.0
5243,59215.0,231.4,59215.0
5244,53508.0,292.4,53508.0
5245,25684.0,239.0,25684.0
5246,169794.0,123.7,30678.0
5247,134839.0,200.5,40666.0
5248,284663.0,478.4,97744.0
5249,328186.0,192.9,29966.0
5250,35672.0,215.6,35672.0
5251,15696.0,108.1,15696.0
5252,38526.0,92.8,7848.0
5253,43520.0,308.3,43520.0
5254,22117.0,130.9,22117.0
5255,46374.0,146.4,46374.0
5256,17836.0,177.6,17836.0
5257,67064.0,517.2,67064.0
5258,29251.0,115.7,29251.0
5259,69917.0,385.3,69917.0
5260,43520.0,247.1,43520.0
5261,27824.0,185.2,27824.0
5262,184779.0,424.3,83471.0
5263,84898.0,192.9,30678.0
5264,113437.0,254.2,50654.0
5265,172652.0,215.6,38526.0
5266,211891.0,138.8,17123.0
5267,357439.0,338.9,89183.0
5268,468029.0,223.5,57792.0
5269,20689.0,115.7,20689.0
5270,22116.0,169.9,22116.0
5271,109157.0,632.5,109157.0
5272,17122.0,130.9,17122.0
5273,27824.0,177.4,27824.0
5274,23543.0,92.8,23543.0
5275,53508.0,285.7,53508.0
5276,81332.0,339.6,81332.0
5277,46374.0,293.1,46374.0
5278,119144.0,493.2,119144.0
5279,35671.0,208.0,35671.0
5280,22116.0,169.5,22116.0
5281,24970.0,208.3,24970.0
5282,79191.0,323.4,79191.0
5283,123423.0,685.7,123423.0
5284,67063.0,355.2,67063.0
5285,44947.0,38.6,1427.0
5286,35672.0,292.8,35672.0
5287,19976.0,139.0,19976.0
5288,19263.0,108.1,19263.0
5289,61355.0,324.5,61355.0
5290,1348261.0,278.0,76338.0
5291,1406764.0,30.9,7848.0
5292,1458133.0,216.4,29965.0
5293,24970.0,177.4,24970.0
5294,34245.0,270.0,34245.0
5295,22830.0,138.8,22830.0
5296,117006.0,115.7,5707.0
5297,29964.0,192.9,29964.0
5298,140547.0,585.1,140547.0
5299,32818.0,246.6,32818.0
5300,55647.0,385.4,55647.0
5301,36385.0,169.5,36385.0
5302,51366.0,130.9,51366.0
5303,154099.0,107.8,10701.0
5304,288222.0,308.3,59928.0
5305,391673.0,277.6,69919.0
5306,64922.0,200.5,64922.0
5307,200473.0,161.9,49226.0
5308,337451.0,477.3,110582.0
5309,484413.0,146.4,32104.0
5310,645644.0,446.7,102019.0
5311,707712.0,192.9,19263.0
5312,92745.0,293.1,92745.0
5313,61356.0,38.6,1427.0
5314,122711.0,161.9,25683.0
5315,47086.0,292.8,47086.0
5316,41379.0,269.9,41379.0
5317,47800.0,293.3,47800.0
5318,209743.0,192.9,52080.0
5319,269672.0,61.7,6421.0
5320,333169.0,130.9,22830.0
5321,393099.0,146.4,34245.0
5322,459448.0,246.6,31392.0
5323,34958.0,247.1,34958.0
5324,34245.0,223.2,34245.0
5325,52080.0,255.0,52080.0
5326,30677.0,262.1,30677.0
5327,34958.0,169.9,34958.0
5328,57074.0,247.1,27824.0
5329,56360.0,231.6,56360.0
5330,72057.0,409.2,72057.0
5331,36384.0,185.2,36384.0
5332,69202.0,339.5,69202.0
5333,40665.0,470.5,40665.0
5334,119143.0,409.2,119143.0
5335,459427.0,146.7,39952.0
5336,672746.0,300.7,54222.0
5337,755506.0,208.0,57790.0
5338,137689.0,278.0,49226.0
5339,298926.0,123.3,33532.0
5340,367416.0,77.2,9275.0
5341,28537.0,146.7,28537.0
5342,14269.0,139.0,14269.0
5343,99881.0,477.3,99881.0
5344,111293.0,77.2,9274.0
5345,174076.0,100.2,15696.0
5346,377405.0,424.0,134842.0
5347,41379.0,169.4,41379.0
5348,43518.0,161.9,43518.0
5349,256113.0,185.0,32817.0
5350,115574.0,331.6,64921.0
5351,59214.0,369.9,59214.0
5352,27823.0,354.8,27823.0
5353,84898.0,532.0,84898.0
5354,58501.0,339.2,58501.0
5355,50652.0,38.6,3567.0
5356,98451.0,100.2,7848.0
5357,39952.0,254.2,39952.0
5358,223295.0,115.7,21403.0
5359,241844.0,38.6,1427.0
5360,303199.0,138.8,25683.0
5361,17122.0,115.7,17122.0
5362,32817.0,254.7,32817.0
5363,23543.0,192.9,23543.0
5364,71343.0,393.8,71343.0
5365,124848.0,385.8,42092.0
5366,54933.0,285.5,54933.0
5367,1935316.0,84.7,26397.0
5368,2009513.0,200.1,49940.0
5369,2234236.0,331.3,79190.0
5370,3618411.0,153.9,35671.0
5371,3734697.0,153.9,53507.0
5372,3834575.0,323.4,75622.0
5373,5281246.0,285.2,117715.0
5374,5702910.0,185.0,43520.0
5375,5869138.0,161.9,52795.0
5376,5909092.0,107.8,26398.0
5377,6095298.0,238.7,56363.0
5378,6509129.0,231.1,84902.0
5379,6541235.0,138.8,11415.0
5380,157665.0,293.0,88464.0
5381,321043.0,393.0,82759.0
5382,36384.0,146.4,36384.0
5383,37811.0,239.2,37811.0
5384,273237.0,685.7,169079.0
5385,345292.0,246.6,54220.0
5386,20689.0,161.9,20689.0
5387,12128.0,100.4,12128.0
5388,17122.0,108.1,17122.0
5389,32104.0,177.4,32104.0
5390,131268.0,261.7,63495.0
5391,37097.0,146.4,37097.0
5392,97737.0,192.9,47799.0
5393,146250.0,177.4,23543.0
5394,214738.0,69.5,8561.0
5395,321755.0,463.3,72773.0
5396,77762.0,331.0,77762.0
5397,37811.0,323.8,37811.0
5398,26396.0,169.9,26396.0
5399,36384.0,247.1,36384.0
5400,32817.0,185.0,32817.0
5401,72768.0,277.2,72768.0
5402,78475.0,423.2,78475.0
5403,25683.0,153.9,25683.0
5404,77763.0,378.2,77763.0
5405,101305.0,470.9,101305.0
5406,22829.0,192.9,22829.0
5407,116998.0,662.7,116998.0
5408,26396.0,153.9,26396.0
5409,100588.0,38.6,1427.0
5410,136971.0,108.1,9988.0
5411,58499.0,192.8,58499.0
5412,36384.0,185.0,36384.0
5413,102018.0,478.1,102018.0
5414,31390.0,123.3,31390.0
5415,40664.0,308.3,40664.0
5416,14982.0,115.7,14982.0
5417,95596.0,161.9,39951.0
5418,180491.0,185.2,27110.0
5419,281086.0,38.6,713.0
5420,340299.0,115.7,12128.0
5421,39237.0,115.7,39237.0
5422,23542.0,231.5,23542.0
5423,31390.0,138.8,31390.0
5424,24256.0,231.6,24256.0
5425,17835.0,123.3,17835.0
5426,59927.0,370.8,59927.0
5427,28536.0,216.0,28536.0
5428,59926.0,393.0,59926.0
5429,83469.0,324.5,83469.0
5430,63494.0,231.1,63494.0
5431,14268.0,115.7,14268.0
5432,3928309.0,108.1,4994.0
5433,3966833.0,77.2,5707.0
5434,4128067.0,277.8,126989.0
5435,4171586.0,69.5,15696.0
5436,4339243.0,378.4,82760.0
5437,4823682.0,192.9,16409.0
5438,4919291.0,38.6,713.0
5439,4939269.0,23.1,713.0
5440,5335952.0,200.5,68497.0
5441,5545715.0,38.6,3567.0
5442,5734799.0,393.6,149840.0
5443,5957415.0,115.8,3567.0
5444,6141512.0,223.8,60651.0
5445,6244265.0,200.5,69928.0
5446,6415527.0,177.4,43528.0
5447,6466907.0,161.9,37108.0
5448,6504726.0,38.6,3568.0
5449,26396.0,185.2,26396.0
5450,680564.0,177.6,23543.0
5451,1029423.0,108.1,3567.0
5452,1163549.0,378.4,82760.0
5453,46372.0,408.9,46372.0
5454,47085.0,332.2,47085.0
5455,60640.0,208.3,60640.0
5456,26396.0,223.8,26396.0
5457,59212.0,177.4,59212.0
5458,42804.0,239.4,42804.0
5459,49225.0,416.6,49225.0
5460,777580.0,77.2,1427.0
5461,1329012.0,200.8,42092.0
5462,1411054.0,146.7,32818.0
5463,2001798.0,123.3,21403.0
5464,2099543.0,138.8,41380.0
5465,2317143.0,301.0,116294.0
5466,2686703.0,177.6,36388.0
5467,3550072.0,38.6,9989.0
5468,3618566.0,115.7,10703.0
5469,3689205.0,115.7,21405.0
5470,3721312.0,38.6,7135.0
5471,3752707.0,69.5,14984.0
5472,4050252.0,423.7,121299.0
5473,4143010.0,115.4,71352.0
5474,4329948.0,185.0,60649.0
5475,4392024.0,154.3,22119.0
5476,18549.0,115.7,18549.0
5477,90602.0,246.6,28536.0
5478,63492.0,192.9,25683.0
5479,146249.0,38.6,4994.0
5480,198330.0,123.3,12128.0
5481,29963.0,223.8,29963.0
5482,18549.0,169.4,18549.0
5483,114858.0,469.8,114858.0
5484,16408.0,69.2,16408.0
5485,42804.0,185.0,42804.0
5486,45658.0,424.7,45658.0
5487,137685.0,84.7,8561.0
5488,172642.0,108.1,8561.0
5489,266809.0,285.2,58497.0
5490,15695.0,108.1,15695.0
5491,74194.0,332.2,74194.0
5492,32103.0,208.5,32103.0
5493,19975.0,177.4,19975.0
5494,87034.0,354.0,87034.0
5495,68487.0,401.4,68487.0
5496,129843.0,733.9,129843.0
5497,30676.0,177.6,30676.0
5498,164796.0,662.3,164796.0
5499,32103.0,169.9,32103.0
5500,530025.0,23.1,2854.0
5501,622765.0,177.6,22115.0
5502,682692.0,38.6,713.0
5503,741191.0,100.4,22116.0
5504,807540.0,115.7,44232.0
5505,877457.0,301.0,44233.0
5506,22115.0,123.3,22115.0
5507,17122.0,169.7,17122.0
5508,103440.0,115.7,15695.0
5509,282504.0,354.4,77048.0
5510,47798.0,308.3,47798.0
5511,46371.0,316.6,46371.0
5512,14268.0,123.3,14268.0
5513,135547.0,92.3,14268.0
5514,244697.0,354.0,94882.0
5515,298916.0,146.4,16408.0
5516,340294.0,61.7,4994.0
5517,69199.0,416.0,69199.0
5518,31390.0,216.2,31390.0
5519,17835.0,154.3,17835.0
5520,111291.0,408.5,111291.0
5521,29963.0,177.4,29963.0
5522,67773.0,478.9,67773.0
5523,166933.0,277.6,43516.0
5524,113433.0,656.4,113433.0
5525,14981.0,84.7,14981.0
5526,19261.0,115.7,19261.0
5527,36383.0,277.8,36383.0
5528,15695.0,115.7,15695.0
5529,15695.0,146.4,15695.0
5530,57785.0,338.5,57785.0
5531,19975.0,169.4,19975.0
5532,54932.0,262.1,54932.0
5533,58497.0,84.7,8561.0
5534,166221.0,486.5,74195.0
5535,131977.0,154.3,19975.0
5536,311758.0,292.4,101305.0
5537,363124.0,69.2,16408.0
5538,382387.0,61.7,4994.0
5539,57785.0,278.0,57785.0
5540,48511.0,254.6,48511.0
5541,62779.0,417.0,62779.0
5542,52791.0,161.9,17835.0
5543,88461.0,61.7,19262.0
5544,92027.0,331.9,49225.0
5545,167647.0,169.4,30676.0
5546,108435.0,416.0,108435.0
5547,88459.0,546.9,88459.0
5548,111292.0,463.0,111292.0
5549,129835.0,577.9,129835.0
5550,62065.0,262.1,62065.0
5551,18548.0,107.8,18548.0
5552,249680.0,169.9,32103.0
5553,705548.0,354.4,73481.0
5554,749781.0,23.1,713.0
5555,1033709.0,208.3,53507.0
5556,1120036.0,84.7,21403.0
5557,1382572.0,393.4,65638.0
5558,39236.0,269.7,39236.0
5559,17835.0,115.7,17835.0
5560,48510.0,192.9,48510.0
5561,161226.0,216.0,24969.0
5562,95594.0,146.4,14268.0
5563,151953.0,84.7,15695.0
5564,216872.0,138.8,38523.0
5565,300337.0,177.4,47083.0
5566,360260.0,231.1,45655.0
5567,33529.0,231.1,33529.0
5568,13554.0,123.3,13554.0
5569,23542.0,146.6,23542.0
5570,36383.0,285.2,36383.0
5571,103441.0,339.3,103441.0
5572,82039.0,308.3,82039.0
5573,121277.0,417.0,121277.0
5574,136258.0,470.4,136258.0
5575,19975.0,123.3,19975.0
5576,14981.0,100.2,14981.0
5577,159793.0,38.6,2140.0
5578,77759.0,330.9,77759.0
5579,35669.0,208.0,35669.0
5580,22115.0,169.9,22115.0
5581,90601.0,386.1,90601.0
5582,87034.0,525.1,87034.0
5583,24255.0,208.3,24255.0
5584,24968.0,161.9,24968.0
5585,47797.0,269.7,47797.0
5586,74192.0,532.1,74192.0
5587,82039.0,416.8,82039.0
5588,126981.0,115.7,12841.0
5589,214015.0,254.2,72767.0
5590,272514.0,177.3,36383.0
5591,219004.0,100.2,17834.0
5592,236839.0,38.6,2140.0
5593,339570.0,23.1,713.0
5594,445866.0,439.1,90601.0
5595,18548.0,146.4,18548.0
5596,28535.0,154.3,28535.0
5597,24968.0,131.3,24968.0
5598,19975.0,169.6,19975.0
5599,42803.0,239.0,42803.0
5600,182625.0,454.6,87032.0
5601,32816.0,277.6,32816.0
5602,102016.0,539.5,102016.0
5603,32815.0,223.7,32815.0
5604,19261.0,115.7,19261.0
5605,52790.0,169.4,52790.0
5606,197606.0,216.0,15695.0
5607,247541.0,23.1,713.0
5608,319594.0,123.3,23542.0
5609,500076.0,185.0,92741.0
5610,580689.0,123.3,49225.0
5611,648462.0,216.0,44230.0
5612,27822.0,162.3,27822.0
5613,64917.0,285.7,64917.0
5614,92741.0,570.4,92741.0
5615,626316.0,123.5,12841.0
5616,795389.0,77.2,7847.0
5617,881707.0,146.7,22829.0
5618,945200.0,216.2,44945.0
5619,74191.0,362.0,74191.0
5620,111287.0,485.3,111287.0
5621,58497.0,23.1,2140.0
5622,111999.0,161.9,19975.0
5623,167644.0,23.1,713.0
5624,199033.0,107.8,12128.0
5625,236128.0,23.1,2140.0
5626,276078.0,123.3,19975.0
5627,389506.0,354.8,70626.0
5628,21401.0,208.5,21401.0
5629,33529.0,216.5,33529.0
5630,65630.0,115.7,10701.0
5631,110573.0,77.2,8561.0
5632,105581.0,339.3,105581.0
5633,608464.0,185.2,27108.0
5634,698352.0,308.9,69913.0
5635,559979.0,285.2,57784.0
5636,737606.0,131.3,17835.0
5637,791111.0,139.0,14268.0
5638,958047.0,30.9,2140.0
5639,1058637.0,108.1,9988.0
5640,1131406.0,177.6,25684.0
5641,1183487.0,77.2,10702.0
5642,1306913.0,339.9,53509.0
5643,1374691.0,38.6,713.0
5644,64917.0,292.7,64917.0
5645,29248.0,246.6,29248.0
5646,54930.0,262.7,54930.0
5647,14267.0,100.2,14267.0
5648,24255.0,123.3,24255.0
5649,28535.0,123.7,28535.0
5650,34242.0,208.5,34242.0
5651,126267.0,231.1,52076.0
5652,159796.0,61.7,19975.0
5653,231846.0,185.0,25682.0
5654,268230.0,77.2,16408.0
5655,354548.0,131.3,23542.0
5656,34955.0,177.0,34955.0
5657,67769.0,363.1,67769.0
5658,70624.0,331.9,70624.0
5659,12127.0,108.1,12127.0
5660,101297.0,593.4,101297.0
5661,21401.0,108.1,21401.0
5662,13554.0,115.7,13554.0
5663,36382.0,223.5,36382.0
5664,154802.0,115.7,23541.0
5665,302473.0,593.3,114142.0
5666,37809.0,192.5,37809.0
5667,19261.0,162.3,19261.0
5668,21401.0,215.9,21401.0
5669,56355.0,38.6,1427.0
5670,144813.0,239.4,64204.0
5671,166215.0,38.6,2854.0
5672,230421.0,278.0,40664.0
5673,15694.0,146.7,15694.0
5674,27108.0,192.5,27108.0
5675,69910.0,261.7,69910.0
5676,49936.0,354.4,49936.0
5677,25681.0,239.0,25681.0
5678,39949.0,246.8,39949.0
5679,44229.0,215.6,44229.0
5680,62777.0,316.6,62777.0
5681,42802.0,301.3,42802.0
5682,19974.0,108.1,19974.0
5683,127691.0,486.2,74904.0
5684,52789.0,316.2,52789.0
5685,201165.0,261.7,57069.0
5686,388068.0,439.5,114855.0
5687,2090710.0,30.9,10700.0
5688,2121385.0,77.2,10701.0
5689,2445977.0,231.4,57784.0
5690,2534434.0,146.7,6420.0
5691,2615762.0,84.7,21402.0
5692,2682108.0,100.2,17835.0
5693,2941795.0,269.7,74908.0
5694,3980454.0,278.0,93458.0
5695,4347157.0,239.4,45660.0
5696,4372128.0,115.7,8561.0
5697,4575467.0,69.5,16410.0
5698,4653237.0,77.2,26399.0
5699,4794505.0,285.7,56365.0
5700,4818050.0,38.6,2854.0
5701,5164089.0,162.3,12129.0
5702,5678547.0,216.2,56369.0
5703,5756324.0,185.3,25687.0
5704,7036309.0,169.9,32824.0
5705,7089114.0,115.8,14985.0
5706,7112662.0,38.6,3568.0
5707,7801971.0,100.4,10705.0
5708,7884750.0,115.8,27831.0
5709,8183760.0,161.9,44958.0
5710,8359305.0,270.1,92769.0
5711,8482051.0,262.2,74218.0
5712,8863870.0,23.1,713.0
5713,9324156.0,447.2,161998.0
5714,9428355.0,100.2,14986.0
5715,10647215.0,293.1,91347.0
5716,10750701.0,154.3,44248.0
5717,10789241.0,61.7,7850.0
5718,10975513.0,301.0,58523.0
5719,11723448.0,69.5,2141.0
5720,11908303.0,278.0,47103.0
5721,11956840.0,38.6,1428.0
5722,12064614.0,216.0,36399.0
5723,82037.0,316.4,82037.0
5724,63490.0,331.9,63490.0
5725,58496.0,277.6,58496.0
5726,19974.0,123.3,19974.0
5727,33528.0,131.3,33528.0
5728,60636.0,362.3,60636.0
5729,29248.0,192.5,29248.0
5730,107004.0,301.3,53503.0
5731,772528.0,154.3,34241.0
5732,894516.0,401.4,97020.0
5733,1179857.0,108.1,10701.0
5734,1328956.0,154.3,12842.0
5735,178339.0,269.7,59923.0
5736,320294.0,223.5,39235.0
5737,71336.0,501.0,71336.0
5738,79182.0,354.4,79182.0
5739,36381.0,254.7,36381.0
5740,87742.0,377.5,87742.0
5741,724057.0,77.2,22827.0
5742,781126.0,200.5,33528.0
5743,859600.0,46.1,9274.0
5744,896695.0,92.3,23542.0
5745,968747.0,254.7,50651.0
5746,1270490.0,30.9,1427.0
5747,1303307.0,38.6,1427.0
5748,14267.0,138.8,14267.0
5749,21401.0,177.4,21401.0
5750,34955.0,324.2,34955.0
5751,31388.0,285.7,31388.0
5752,76330.0,331.7,76330.0
5753,49222.0,231.1,49222.0
5754,22828.0,107.8,22828.0
5755,83463.0,393.0,83463.0
5756,169778.0,100.2,17121.0
5757,208300.0,61.6,5707.0
5758,281776.0,223.5,44941.0
5759,339559.0,231.1,23541.0
5760,46368.0,239.4,46368.0
5761,25681.0,146.7,25681.0
5762,24254.0,169.9,24254.0
5763,143384.0,216.0,41375.0
5764,203305.0,431.9,31388.0
5765,377364.0,208.5,37809.0
5766,509340.0,185.2,28536.0
5767,94163.0,254.5,44942.0
5768,16407.0,92.8,16407.0
5769,27107.0,231.8,27107.0
5770,22114.0,130.9,22114.0
5771,130543.0,670.5,130543.0
5772,19974.0,200.5,19974.0
5773,23541.0,154.3,23541.0
5774,26394.0,161.9,26394.0
5775,37094.0,30.9,1427.0
5776,69908.0,77.2,7847.0
5777,125550.0,208.5,29248.0
5778,148378.0,30.9,1427.0
5779,284634.0,378.4,75620.0
5780,17120.0,154.3,17120.0
5781,51362.0,254.2,51362.0
5782,31387.0,146.4,31387.0
5783,92022.0,46.1,19261.0
5784,184755.0,123.3,23541.0
5785,221136.0,123.3,22828.0
5786,328142.0,277.2,47796.0
5787,118416.0,215.6,53502.0
5788,243253.0,262.1,59921.0
5789,321723.0,161.9,10700.0
5790,89882.0,107.8,20687.0
5791,181901.0,293.3,49222.0
5792,57068.0,462.2,57068.0
5793,73475.0,278.0,73475.0
5794,89168.0,338.9,89168.0
5795,24967.0,223.5,24967.0
5796,27821.0,223.5,27821.0
5797,25681.0,146.7,25681.0
5798,49222.0,385.8,49222.0
5799,22827.0,123.3,22827.0
5800,89168.0,77.2,19974.0
5801,274639.0,602.2,102012.0
5802,30674.0,115.3,30674.0
5803,13554.0,108.1,13554.0
5804,34954.0,200.1,34954.0
5805,22827.0,184.9,22827.0
5806,49934.0,231.1,49934.0
5807,35667.0,216.2,35667.0
5808,22114.0,161.9,22114.0
5809,27820.0,239.0,27820.0
5810,22114.0,138.4,22114.0
5811,227553.0,161.9,40660.0
5812,287475.0,46.1,7133.0
5813,470809.0,593.7,163361.0
5814,210438.0,208.0,64201.0
5815,331703.0,61.6,23540.0
5816,413739.0,354.7,56355.0
5817,431574.0,38.6,3567.0
5818,56354.0,215.6,56354.0
5819,13554.0,108.1,13554.0
5820,28534.0,100.4,28534.0
5821,87742.0,424.7,87742.0
5822,26394.0,146.7,26394.0
5823,50647.0,262.4,50647.0
5824,45654.0,107.8,45654.0
5825,22113.0,146.7,22113.0
5826,86315.0,285.2,86315.0
5827,57067.0,401.1,57067.0
5828,22113.0,84.7,22113.0
5829,92736.0,517.4,92736.0
5830,29960.0,177.4,29960.0
5831,19973.0,177.6,19973.0
5832,47080.0,269.7,47080.0
5833,344528.0,177.6,32100.0
5834,452957.0,77.2,18547.0
5835,567809.0,270.1,85605.0
5836,923762.0,185.2,22115.0
5837,1345360.0,224.1,33530.0
5838,1409567.0,100.4,26396.0
5839,1649277.0,115.7,41380.0
5840,1719193.0,216.2,39953.0
5841,164068.0,239.0,22827.0
5842,204728.0,77.2,7133.0
5843,446541.0,431.5,87024.0
5844,33527.0,177.6,33527.0
5845,146948.0,100.2,6420.0
5846,340970.0,177.6,35667.0
5847,128397.0,146.7,11413.0
5848,183325.0,146.7,27107.0
5849,288190.0,169.4,34955.0
5850,46367.0,277.6,46367.0
5851,67054.0,278.0,67054.0
5852,41373.0,185.2,41373.0
5853,69193.0,115.7,13553.0
5854,104146.0,100.4,12127.0
5855,174054.0,193.2,26394.0
5856,74188.0,377.5,74188.0
5857,72047.0,393.7,72047.0
5858,64914.0,308.9,64914.0
5859,83460.0,354.4,83460.0
5860,15693.0,216.0,15693.0
5861,136250.0,501.8,136250.0
5862,136240.0,77.2,4280.0
5863,17120.0,115.7,17120.0
5864,38520.0,154.3,38520.0
5865,71335.0,579.0,71335.0
5866,22827.0,161.9,22827.0
5867,83459.0,285.7,83459.0
5868,38520.0,246.9,38520.0
5869,24253.0,130.9,24253.0
5870,17833.0,84.7,17833.0
5871,124119.0,246.6,25680.0
5872,28533.0,378.1,28533.0
5873,69194.0,439.5,69194.0
5874,89877.0,100.4,9273.0
5875,126971.0,69.5,2853.0
5876,300316.0,763.7,127692.0
5877,17833.0,100.4,17833.0
5878,22827.0,200.8,22827.0
5879,43513.0,347.2,43513.0
5880,31386.0,169.9,31386.0
5881,17833.0,138.8,17833.0
5882,21400.0,177.4,21400.0
5883,75613.0,285.2,75613.0
5884,19260.0,69.2,19260.0
5885,22826.0,177.4,22826.0
5886,102720.0,494.2,102720.0
5887,77038.0,177.4,24967.0
5888,126972.0,223.8,29960.0
5889,216847.0,239.4,55640.0
5890,242527.0,108.1,3567.0
5891,414440.0,239.4,44941.0
5892,465089.0,30.9,713.0
5893,810352.0,169.9,24968.0
5894,874557.0,100.4,16408.0
5895,1015811.0,278.0,52793.0
5896,69193.0,308.9,69193.0
5897,37806.0,169.7,37806.0
5898,18546.0,139.0,18546.0
5899,53498.0,69.5,2140.0
5900,89877.0,30.9,4280.0
5901,146944.0,223.8,32813.0
5902,253946.0,285.7,84175.0
5903,359525.0,247.1,34242.0
5904,14980.0,138.8,14980.0
5905,27820.0,223.5,27820.0
5906,825991.0,509.4,104147.0
5907,99866.0,670.2,99866.0
5908,29959.0,192.9,29959.0
5909,34240.0,239.0,34240.0
5910,19973.0,162.3,19973.0
5911,103429.0,139.0,9273.0
5912,176187.0,77.2,7847.0
5913,22826.0,115.7,22826.0
5914,22826.0,138.4,22826.0
5915,138383.0,146.4,39233.0
5916,198303.0,169.4,21400.0
5917,223270.0,61.6,9273.0
5918,40659.0,370.3,40659.0
5919,92019.0,270.3,36380.0
5920,175480.0,239.0,27107.0
5921,268930.0,231.3,49221.0
5922,296751.0,77.2,3567.0
5923,51359.0,200.8,51359.0
5924,71332.0,354.8,71332.0
5925,72758.0,269.7,72758.0
5926,56351.0,185.1,15693.0
5927,35666.0,100.2,35666.0
5928,119122.0,185.2,34239.0
5929,142662.0,38.6,5707.0
5930,320997.0,501.8,109143.0
5931,333837.0,30.9,713.0
5932,82746.0,363.1,82746.0
5933,213987.0,108.1,12840.0
5934,255360.0,139.0,22113.0
5935,32812.0,138.8,32812.0
5936,37092.0,154.3,37092.0
5937,73472.0,408.1,73472.0
5938,12126.0,100.2,12126.0
5939,77037.0,362.8,77037.0
5940,67764.0,115.7,6420.0
5941,61344.0,316.2,61344.0
5942,58492.0,300.7,58492.0
5943,28532.0,177.6,28532.0
5944,138385.0,747.3,138385.0
5945,32099.0,185.2,32099.0
5946,27819.0,161.9,27819.0
5947,97725.0,393.7,97725.0
5948,43512.0,246.9,43512.0
5949,45652.0,285.7,45652.0
5950,31386.0,146.7,31386.0
5951,17119.0,84.7,17119.0
5952,49931.0,38.6,713.0
5953,93443.0,108.1,27106.0
5954,26392.0,146.4,26392.0
5955,91304.0,370.5,41372.0
5956,14979.0,100.2,14979.0
5957,26392.0,84.7,26392.0
5958,15693.0,139.0,15693.0
5959,23539.0,108.1,23539.0
5960,32812.0,169.4,32812.0
5961,17119.0,192.8,17119.0
5962,76324.0,493.6,76324.0
5963,20686.0,177.6,20686.0
5964,27106.0,223.8,27106.0
5965,112704.0,555.2,112704.0
5966,52072.0,316.6,52072.0
5967,269620.0,77.2,4993.0
5968,328824.0,162.3,35666.0
5969,439389.0,169.9,37093.0
5970,507157.0,270.3,45654.0
5971,571358.0,69.5,7134.0
5972,661242.0,177.6,62776.0
5973,852431.0,108.1,24255.0
5974,977276.0,262.1,69200.0
5975,1210568.0,369.5,110581.0
5976,23539.0,100.2,23539.0
5977,16406.0,100.4,16406.0
5978,22826.0,169.9,22826.0
5979,62056.0,401.4,62056.0
5980,28532.0,239.4,28532.0
5981,64912.0,416.4,64912.0
5982,73470.0,254.7,73470.0
5983,43512.0,270.3,43512.0
5984,22112.0,138.8,22112.0
5985,574932.0,77.2,20685.0
5986,793912.0,108.1,14979.0
5987,823158.0,38.6,1427.0
5988,993647.0,84.7,39946.0
5989,1077106.0,192.9,66340.0
5990,1254018.0,301.0,75615.0
5991,82029.0,377.8,82029.0
5992,22112.0,100.2,22112.0
5993,123398.0,169.9,54211.0
5994,147651.0,77.2,12126.0
5995,250366.0,177.6,19973.0
5996,399451.0,208.5,61347.0
5997,433691.0,146.7,12127.0
5998,487194.0,77.2,4280.0
5999,87737.0,501.4,87737.0
6000,37092.0,185.2,37092.0
6001,22826.0,146.7,22826.0
6002,25679.0,216.2,25679.0
6003,52071.0,269.9,52071.0
6004,154788.0,654.7,154788.0
6005,162628.0,184.9,39945.0
6006,83455.0,400.9,83455.0
6007,44224.0,193.2,44224.0
6008,99861.0,369.5,99861.0
6009,201855.0,154.3,14266.0
6010,32812.0,100.4,32812.0
6011,26392.0,177.6,26392.0
6012,107706.0,100.2,8560.0
6013,33525.0,177.4,33525.0
6014,158355.0,671.1,158355.0
6015,29245.0,200.4,29245.0
6016,117691.0,139.0,15692.0
6017,166196.0,115.7,19259.0
6018,260351.0,185.2,21400.0
6019,339529.0,100.4,6420.0
6020,391602.0,162.3,29247.0
6021,450096.0,61.8,12127.0
6022,69903.0,416.4,69903.0
6023,44937.0,324.2,44937.0
6024,127680.0,315.8,39944.0
6025,32811.0,216.0,32811.0
6026,70616.0,308.9,70616.0
6027,15692.0,185.2,15692.0
6028,68476.0,485.2,68476.0
6029,33525.0,300.7,33525.0
6030,18546.0,139.0,18546.0
6031,20686.0,131.1,20686.0
6032,27105.0,208.0,27105.0
6033,57062.0,100.4,10699.0
6034,101999.0,61.8,5706.0
6035,116266.0,115.7,4280.0
6036,54924.0,38.6,4993.0
6037,156925.0,38.6,2140.0
6038,198295.0,154.3,21398.0
6039,313133.0,285.5,52782.0
6040,26392.0,153.9,26392.0
6041,204000.0,246.9,41371.0
6042,22112.0,331.9,22112.0
6043,128393.0,632.0,128393.0
6044,47077.0,277.7,47077.0
6045,12839.0,108.1,12839.0
6046,72755.0,339.5,72755.0
6047,13552.0,100.4,13552.0
6048,163342.0,200.1,47077.0
6049,214697.0,23.1,713.0
6050,262488.0,100.2,14266.0
6051,333102.0,123.3,21399.0
6052,519262.0,139.0,30672.0
6053,539948.0,30.9,4993.0
6054,597726.0,169.7,29959.0
6055,149075.0,339.8,42085.0
6056,33525.0,254.5,33525.0
6057,39230.0,216.0,39230.0
6058,20685.0,162.3,20685.0
6059,82742.0,432.3,82742.0
6060,114842.0,30.9,713.0
6061,28531.0,208.0,28531.0
6062,572044.0,23.1,2140.0
6063,679751.0,323.3,79175.0
6064,883030.0,84.7,28532.0
6065,954359.0,293.0,55637.0
6066,1157641.0,38.6,1427.0
6067,1180467.0,38.6,713.0
6068,1254652.0,247.1,47792.0
6069,1414437.0,139.0,21400.0
6070,116981.0,563.8,116981.0
6071,47790.0,439.5,47790.0
6072,122687.0,216.0,28531.0
6073,59916.0,369.9,59916.0
6074,232534.0,30.9,1427.0
6075,340238.0,301.0,72040.0
6076,634820.0,162.3,19258.0
6077,666202.0,61.8,9985.0
6078,682607.0,38.6,4279.0
6079,733246.0,208.5,30669.0
6080,36377.0,285.7,36377.0
6081,39231.0,285.2,39231.0
6082,15692.0,108.1,15692.0
6083,102712.0,153.9,19259.0
6084,140515.0,100.2,12126.0
6085,181172.0,84.7,7846.0
6086,200431.0,46.1,5706.0
6087,231816.0,69.2,4993.0
6088,365911.0,284.8,73468.0
6089,419408.0,153.9,20685.0
6090,85594.0,239.0,85594.0
6091,64909.0,108.1,12839.0
6092,24965.0,146.4,24965.0
6093,169758.0,92.8,48503.0
6094,221115.0,108.1,24252.0
6095,248933.0,115.7,14979.0
6096,353789.0,378.2,57779.0
6097,406575.0,154.3,22827.0
6098,27818.0,146.7,27818.0
6099,18545.0,146.7,18545.0
6100,42083.0,162.3,42083.0
6101,89872.0,338.8,89872.0
6102,17119.0,146.7,17119.0
6103,29245.0,146.7,29245.0
6104,20685.0,169.9,20685.0
6105,19972.0,123.3,19972.0
6106,61341.0,115.7,13552.0
6107,84166.0,61.8,2853.0
6108,144795.0,370.5,32098.0
6109,80600.0,547.5,80600.0
6110,48503.0,308.6,48503.0
6111,35664.0,184.9,35664.0
6112,24964.0,123.3,24964.0
6113,49215.0,208.3,49215.0
6114,159062.0,701.5,159062.0
6115,72754.0,825.2,72754.0
6116,368043.0,61.6,5706.0
6117,487159.0,308.2,73468.0
6118,743937.0,339.3,131960.0
6119,910844.0,184.9,45651.0
6120,1104858.0,169.9,44939.0
6121,1245384.0,231.5,40660.0
6122,2053581.0,200.5,62063.0
6123,2167004.0,277.6,62776.0
6124,2261167.0,177.4,20688.0
6125,2620008.0,254.6,18548.0
6126,89158.0,285.7,89158.0
6127,42083.0,323.7,42083.0
6128,185452.0,77.2,17118.0
6129,242515.0,100.2,12125.0
6130,275325.0,69.5,16405.0
6131,29244.0,138.8,29244.0
6132,19971.0,115.7,19971.0
6133,19972.0,169.9,19972.0
6134,13552.0,108.1,13552.0
6135,18545.0,115.7,18545.0
6136,64908.0,331.3,64908.0
6137,393010.0,92.3,12126.0
6138,1240334.0,347.5,93440.0
6139,1283132.0,146.7,20686.0
6140,1447901.0,77.2,5707.0
6141,1494266.0,30.9,2853.0
6142,1786730.0,262.1,69194.0
6143,1855925.0,69.2,12127.0
6144,2144099.0,115.7,32814.0
6145,2199738.0,69.5,14980.0
6146,2229699.0,77.2,7133.0
6147,2301035.0,193.2,42802.0
6148,2632028.0,255.0,34242.0
6149,3087881.0,77.2,9987.0
6150,3367529.0,92.8,7134.0
6151,3499512.0,69.5,8561.0
6152,3618655.0,308.9,69916.0
6153,4085237.0,69.5,7134.0
6154,4160863.0,177.6,47087.0
6155,4208666.0,177.4,28538.0
6156,4360634.0,161.9,70634.0
6157,4909327.0,192.9,74204.0
6158,5158335.0,447.6,119156.0
6159,6205717.0,108.1,19979.0
6160,6689512.0,385.7,152700.0
6161,6739460.0,123.3,11416.0
6162,7035604.0,362.4,118456.0
6163,7086271.0,146.4,30686.0
6164,8128021.0,192.9,34965.0
6165,8388496.0,123.3,29257.0
6166,8546200.0,416.1,125592.0
6167,8691059.0,146.4,40675.0
6168,8830924.0,277.7,62083.0
6169,8909421.0,23.1,2854.0
6170,9005046.0,277.7,59230.0
6171,9681528.0,192.9,57090.0
6172,9778583.0,270.4,39249.0
6173,10240333.0,131.3,17127.0
6174,10677808.0,139.0,32829.0
6175,10729195.0,38.6,2854.0
6176,10877645.0,540.5,112765.0
6177,84879.0,346.4,84879.0
6178,19971.0,138.8,19971.0
6179,149073.0,192.5,42082.0
6180,203281.0,84.7,24964.0
6181,369470.0,516.6,145504.0
6182,27817.0,131.3,27817.0
6183,109128.0,154.3,24251.0
6184,150497.0,69.5,3566.0
6185,25677.0,154.3,25677.0
6186,50642.0,293.1,50642.0
6187,33523.0,223.8,33523.0
6188,64193.0,301.3,64193.0
6189,56347.0,378.4,56347.0
6190,148359.0,525.0,148359.0
6191,204705.0,177.0,57062.0
6192,315975.0,300.3,89158.0
6193,121256.0,571.3,121256.0
6194,87731.0,308.5,87731.0
6195,54207.0,285.7,54207.0
6196,14978.0,108.1,14978.0
6197,60627.0,270.3,60627.0
6198,82025.0,362.8,82025.0
6199,35663.0,92.8,35663.0
6200,25677.0,216.0,25677.0
6201,17831.0,146.6,17831.0
6202,63478.0,92.8,13552.0
6203,141936.0,200.8,29957.0
6204,174747.0,77.2,7846.0
6205,37803.0,262.7,37803.0
6206,67759.0,346.4,67759.0
6207,37089.0,146.7,37089.0
6208,65619.0,308.7,65619.0
6209,16405.0,161.9,16405.0
6210,38515.0,231.8,38515.0
6211,182590.0,315.8,94148.0
6212,263899.0,84.7,24964.0
6213,314540.0,184.9,33523.0
6214,52780.0,223.8,52780.0
6215,48501.0,262.1,48501.0
6216,31383.0,146.7,31383.0
6217,45648.0,293.3,45648.0
6218,28530.0,154.3,28530.0
6219,77032.0,146.7,15691.0
6220,184018.0,285.6,52779.0
6221,126243.0,470.1,126243.0
6222,19971.0,223.7,19971.0
6223,18544.0,138.8,18544.0
6224,69898.0,270.0,69898.0
6225,155489.0,671.3,155489.0
6226,116261.0,377.4,116261.0
6227,20684.0,123.3,20684.0
6228,81310.0,300.3,81310.0
6229,21397.0,153.9,21397.0
6230,82735.0,455.4,82735.0
6231,31383.0,208.5,31383.0
6232,264611.0,323.7,89869.0
6233,305979.0,38.6,9986.0
6234,370886.0,247.1,47076.0
6235,120537.0,577.5,120537.0
6236,31382.0,123.7,31382.0
6237,73464.0,523.8,73464.0
6238,340916.0,162.3,17831.0
6239,432211.0,115.7,17831.0
6240,753884.0,100.4,7133.0
6241,17118.0,192.9,17118.0
6242,56345.0,169.7,56345.0
6243,51353.0,254.7,24250.0
6244,187583.0,200.4,28531.0
6245,239650.0,138.8,14979.0
6246,238212.0,38.6,3566.0
6247,166897.0,169.4,57058.0
6248,241788.0,77.2,10698.0
6249,305267.0,115.7,7132.0
6250,439350.0,192.9,47072.0
6251,506391.0,169.4,24962.0
6252,39941.0,293.4,39941.0
6253,84873.0,200.4,33521.0
6254,16404.0,100.2,16404.0
6255,124818.0,733.0,124818.0
6256,12125.0,84.7,12125.0
6257,134802.0,324.2,43507.0
6258,66330.0,316.6,66330.0
6259,24963.0,154.3,24963.0
6260,10698.0,115.7,10698.0
6261,222530.0,231.5,30669.0
6262,32808.0,262.5,32808.0
6263,141217.0,77.2,17831.0
6264,232510.0,285.6,60625.0
6265,107699.0,540.0,107699.0
6266,38514.0,177.6,38514.0
6267,83446.0,392.5,83446.0
6268,54205.0,200.8,54205.0
6269,35661.0,246.9,35661.0
6270,39941.0,100.4,39941.0
6271,25676.0,92.6,25676.0
6272,30668.0,215.9,30668.0
6273,15691.0,215.9,15691.0
6274,23536.0,100.4,23536.0
6275,730348.0,169.4,39939.0
6276,775994.0,61.6,5706.0
6277,801670.0,38.6,2140.0
6278,872989.0,161.9,53489.0
6279,915781.0,146.3,20682.0
6280,970697.0,192.5,41365.0
6281,22110.0,108.1,22110.0
6282,39940.0,239.2,39940.0
6283,158332.0,694.0,158332.0
6284,87011.0,323.7,87011.0
6285,22822.0,223.5,22822.0
6286,19256.0,115.7,19256.0
6287,76313.0,393.7,76313.0
6288,1250260.0,285.1,71320.0
6289,1511304.0,184.9,38513.0
6290,2271652.0,200.4,27102.0
6291,2370071.0,138.4,29954.0
6292,2457792.0,107.8,12124.0
6293,2520555.0,123.3,22822.0
6294,2673186.0,107.8,17830.0
6295,2785868.0,77.2,4279.0
6296,2847202.0,169.4,43505.0
6297,2976294.0,262.1,46357.0
6298,3099679.0,346.8,57055.0
6299,3309353.0,38.6,713.0
6300,3354998.0,84.7,19969.0
6301,3600333.0,38.6,2140.0
6302,3680213.0,246.6,54916.0
6303,4108882.0,239.0,59199.0
6304,4205882.0,231.5,58487.0
6305,4521869.0,61.6,2853.0
6306,4591767.0,216.0,37090.0
6307,4879912.0,269.9,55635.0
6308,4918429.0,100.2,9273.0
6309,5138127.0,23.1,713.0
6310,5173078.0,84.7,14979.0
6311,5595321.0,246.9,51357.0
6312,5683059.0,130.9,29245.0
6313,5798614.0,254.5,79178.0
6314,5952683.0,61.6,9273.0
6315,6295806.0,84.7,21400.0
6316,6342885.0,84.7,18547.0
6317,6372133.0,61.6,2140.0
6318,6483411.0,231.5,54927.0
6319,6531205.0,177.4,29960.0
6320,7983449.0,169.9,37807.0
6321,8267371.0,339.6,101297.0
6322,8865879.0,77.2,10700.0
6323,9091316.0,300.7,109863.0
6324,9186911.0,38.6,21402.0
6325,9395235.0,254.6,91319.0
6326,9535779.0,293.1,94886.0
6327,10660096.0,439.8,158391.0
6328,10952612.0,146.7,39241.0
6329,11072477.0,247.1,45663.0
6330,208961.0,100.4,8558.0
6331,17830.0,100.2,17830.0
6332,51349.0,69.5,8558.0
6333,90575.0,331.3,37799.0
6334,243196.0,293.3,29241.0
6335,33520.0,115.3,33520.0
6336,17830.0,154.3,17830.0
6337,149054.0,115.7,8558.0
6338,42078.0,277.8,42078.0
6339,13550.0,100.2,13550.0
6340,208243.0,139.0,9271.0
6341,22822.0,69.2,22822.0
6342,42790.0,77.2,4279.0
6343,22822.0,169.7,22822.0
6344,100557.0,462.4,100557.0
6345,17829.0,123.3,17829.0
6346,75597.0,417.0,75597.0
6347,29953.0,177.6,29953.0
6348,68465.0,463.2,68465.0
6349,110542.0,577.4,110542.0
6350,19969.0,231.8,19969.0
6351,20682.0,146.6,20682.0
6352,69889.0,192.9,22108.0
6353,130507.0,38.6,3566.0
6354,156182.0,38.6,2853.0
6355,108402.0,539.7,108402.0
6356,57052.0,247.4,57052.0
6357,28526.0,115.7,28526.0
6358,19255.0,139.0,19255.0
