src,dst
391450,393216
393215,393216
393216,393217
390468,393217
391320,393217
393217,393218
390781,393218
393218,393219
389749,393219
393219,393220
390467,393220
393220,393221
388798,393221
393221,393222
388456,393222
393222,393223
387648,393223
261288,262209
262048,262209
524386,524383
523837,524383
524383,524384
524932,524384
524384,524385
525484,524385
525092,524388
523515,524388
523653,524390
524193,524390
525095,524391
525298,524391
524391,524392
524393,524392
282242,284017
284414,284017
284017,284018
283451,284018
284018,284019
284907,284019
284579,284024
284580,284024
525066,524502
529233,524502
534798,524502
524502,524503
523629,524503
524503,524504
522505,524504
524504,524505
521259,524505
524505,524506
523312,524506
524506,524507
520029,524507
524507,524508
519785,524508
524508,524509
518255,524509
524509,524510
522341,524510
524510,524511
520310,524511
524511,524512
518961,524512
524512,524513
516476,524513
524513,524514
516477,524514
524514,524515
521816,524515
524515,524516
515075,524516
524516,524517
514002,524517
524517,524518
513475,524518
524518,524519
512820,524519
524519,524520
513655,524520
524520,524521
513479,524521
524521,524522
513491,524522
524522,524523
511191,524523
524523,524524
508282,524524
509293,524524
524524,524525
507957,524525
509148,524525
524525,524526
506729,524526
507121,524526
524526,524527
514293,524527
524527,524528
507597,524528
524528,524529
503600,524529
524529,524530
502889,524530
524530,524531
504996,524531
524531,524532
501268,524532
524532,524533
500265,524533
524533,524534
500994,524534
524534,524535
497231,524535
524535,524536
501963,524536
524536,524537
494665,524537
524537,524538
496265,524538
524538,524539
497723,524539
524539,524540
493646,524540
524540,524541
494024,524541
524541,524542
493280,524542
524542,524543
492574,524543
524543,524544
487829,524544
524544,524545
489548,524545
524545,524546
490978,524546
524546,524547
488349,524547
524547,524548
489038,524548
524548,524549
486718,524549
524549,524550
485272,524550
524550,524551
485782,524551
524551,524552
488007,524552
524552,524553
484370,524553
524553,524554
482245,524554
524554,524555
482075,524555
524555,524556
480917,524556
524556,524557
487647,524557
524557,524558
479077,524558
524558,524559
482569,524559
524559,524560
479078,524560
524560,524561
478718,524561
524561,524562
477390,524562
524562,524563
475639,524563
524563,524564
477993,524564
524564,524565
478892,524565
524565,524566
475640,524566
524566,524567
474541,524567
524567,524568
474273,524568
524568,524569
474427,524569
524569,524570
473426,524570
524570,524571
472511,524571
524571,524572
473022,524572
524572,524573
473153,524573
524573,524574
478335,524574
524574,524575
470204,524575
524575,524576
470025,524576
524576,524577
470024,524577
524577,524578
468509,524578
524578,524579
472523,524579
524579,524580
467308,524580
524580,524581
467777,524581
524581,524582
465987,524582
524582,524583
464458,524583
524583,524584
473021,524584
524584,524585
462321,524585
524585,524586
459325,524586
524586,524587
460806,524587
524587,524588
459326,524588
524588,524589
457921,524589
524589,524590
459596,524590
524590,524591
457771,524591
524591,524592
463571,524592
524592,524593
455946,524593
524593,524594
457633,524594
524594,524595
455316,524595
524595,524596
453308,524596
524596,524597
456274,524597
524597,524598
455750,524598
524598,524599
453780,524599
524599,524600
454654,524600
524600,524601
453465,524601
524601,524602
454314,524602
524602,524603
453466,524603
524603,524604
452480,524604
524604,524605
452670,524605
524605,524606
453103,524606
524606,524607
451178,524607
524607,524608
450358,524608
524608,524609
448296,524609
524609,524610
451032,524610
524610,524611
450196,524611
524611,524612
451668,524612
524612,524613
448905,524613
524613,524614
448616,524614
524614,524615
448621,524615
524615,524616
447095,524616
524616,524617
446608,524617
524617,524618
446922,524618
524618,524619
445731,524619
524619,524620
445356,524620
524620,524621
444515,524621
524621,524622
444132,524622
524622,524623
443301,524623
524623,524624
444133,524624
524624,524625
446935,524625
524625,524626
441572,524626
524626,524627
441432,524627
524627,524628
443821,524628
524628,524629
441431,524629
524629,524630
439008,524630
524630,524631
438582,524631
524631,524632
440959,524632
524632,524633
438098,524633
524633,524634
436685,524634
437173,524634
524634,524635
442057,524635
524635,524636
434329,524636
524381,524638
525290,524638
524638,524639
523631,524639
524639,524640
524920,524640
524640,524641
525477,524641
524641,524642
525289,524642
392647,393581
392820,393581
394135,393582
394303,393582
525285,524779
524182,524779
524779,524780
526407,524780
524780,524781
525631,524781
524781,524782
525924,524782
524782,524783
523827,524783
524783,524784
525286,524784
525295,524787
524036,524787
524787,524788
525294,524788
524788,524789
523327,524789
524789,524790
524035,524790
524790,524791
524933,524791
524791,524792
525485,524792
524792,524793
525935,524793
526110,524794
521992,524794
524794,524795
523654,524795
524390,524796
524795,524796
524796,524797
525489,524797
524797,524798
526263,524798
524798,524799
525640,524799
394295,393744
395914,393744
393758,393759
394316,393759
393759,393760
394828,393760
525769,524921
526412,524921
525087,524924
526415,524924
524644,524925
524924,524925
524925,524926
524930,524926
524926,524927
522691,524927
524927,524928
524189,524928
524928,524929
522149,524929
394293,393906
394500,393906
395366,393906
393906,393907
393187,393907
394654,393911
394809,393911
393910,393912
393911,393912
393914,393915
393045,393915
394516,393919
393047,393919
394137,393921
393203,393921
393921,393922
394825,393922
393922,393923
393924,393923
393761,393926
394523,393926
395018,393932
402027,393932
393932,393933
394145,393933
393933,393934
393449,393934
392831,393934
393934,393935
391987,393935
393935,393936
391451,393936
393936,393937
390607,393937
393937,393938
391796,393938
393938,393939
389752,393939
393939,393940
390106,393940
393940,393941
388802,393941
393941,393942
387283,393942
393942,393943
388627,393943
393943,393944
387477,393944
393944,393945
386958,393945
393945,393946
384806,393946
393946,393947
384160,393947
393947,393948
387900,393948
393948,393949
386267,393949
393949,393950
383477,393950
393950,393951
382887,393951
393951,393952
384494,393952
393952,393953
382390,393953
393953,393954
383303,393954
393954,393955
381565,393955
381891,393955
393955,393956
380930,393956
393956,393957
379328,393957
393957,393958
378622,393958
393958,393959
377817,393959
393959,393960
381080,393960
393960,393961
379763,393961
393961,393962
377816,393962
393962,393963
377469,393963
393963,393964
376961,393964
393964,393965
376960,393965
393965,393966
375904,393966
393966,393967
374342,393967
393967,393968
376294,393968
393968,393969
376632,393969
525079,525067
525767,525067
525067,525068
523491,525068
524785,525069
525068,525069
525069,525070
528524,525070
525070,525071
527507,525071
524919,525072
525071,525072
525072,525073
525287,525073
525633,525075
525926,525075
525074,525076
525075,525076
525076,525077
525925,525077
525077,525078
525476,525078
525078,525079
523829,525079
524643,525082
525086,525082
525082,525083
525638,525083
524923,525084
525083,525084
525084,525085
523833,525085
527831,525088
524192,525088
524387,525089
525088,525089
525089,525090
525774,525090
526616,525090
525090,525091
525486,525091
393927,394143
395221,394143
525932,525292
526261,525292
524931,525293
525292,525293
314280,314281
314731,314281
394134,394296
394966,394296
393754,394308
394311,394308
394308,394309
394824,394309
394309,394310
394657,394310
394314,394315
395931,394315
393225,394319
393931,394319
525481,525482
527682,525482
525482,525483
525934,525483
327880,327881
328441,327881
393908,393428
394131,393428
395198,394500
395365,394500
393913,394501
394298,394501
394501,394502
394967,394502
394502,394503
396852,394503
396853,394503
394503,394504
394968,394504
394504,394505
395369,394505
394300,394506
394505,394506
393915,394507
394969,394507
394507,394508
393432,394508
393581,394509
394508,394509
393917,394512
393918,394512
394511,394512
393585,394513
394512,394513
394513,394514
393436,394514
394514,394515
394517,394515
394515,394516
393201,394516
393749,393434
394136,393434
524778,525629
525065,525629
524501,525630
525629,525630
525768,525634
526770,525634
526414,525636
526613,525636
525094,525640
525297,525640
393224,393444
393930,393444
393444,393445
395015,393445
394526,393446
393445,393446
393446,393447
392451,393447
393971,393448
393054,393448
393970,393449
393448,393449
395550,394652
397169,394652
394651,394653
394652,394653
525632,525766
526977,525766
525766,525767
526769,525767
525081,525770
525930,525770
358374,358771
358770,358771
349781,349782
350590,349782
501800,502704
502703,502704
501264,502705
502704,502705
403348,394812
405991,394812
394812,394813
395370,394813
394310,394814
394813,394814
394814,394815
392657,394815
394815,394816
392658,394816
394816,394817
391312,394817
394817,394818
392126,394818
394818,394819
390257,394819
394819,394820
390747,394820
394820,394821
388613,394821
394821,394822
387884,394822
394822,394823
389364,394823
505337,506341
506740,506341
506341,506342
507125,506342
394302,394969
395199,394969
396133,394971
396860,394971
394305,394972
394971,394972
395922,394972
394972,394973
395208,394973
394973,394974
392653,394974
394811,394975
394974,394975
394975,394976
393198,394976
394976,394977
392654,394977
394977,394978
391590,394978
394978,394979
392429,394979
394979,394980
390595,394980
394980,394981
393200,394981
394981,394982
391437,394982
394510,394984
394983,394984
394984,394985
395923,394985
394985,394986
394987,394986
396351,394986
394518,394988
394994,394988
394988,394989
396134,394989
394989,394990
397048,394990
394990,394991
397177,394991
394991,394992
397176,394992
394306,394993
394992,394993
396146,394997
402852,394997
394140,394998
394997,394998
394998,394999
395373,394999
394139,395000
394999,395000
393762,395001
395000,395001
395001,395002
392828,395002
395002,395003
393208,395003
395003,395004
391983,395004
395004,395005
392665,395005
395005,395006
390465,395006
395006,395007
389916,395007
390275,395007
395007,395008
389377,395008
395008,395009
389579,395009
395009,395010
388077,395010
395010,395011
389582,395011
394664,395016
395741,395016
395571,395017
395379,395017
394831,395018
395017,395018
525637,526104
526105,526104
526265,526109
526474,526109
526109,526110
526992,526110
526417,526256
526773,526256
526256,526257
526990,526257
525479,526258
526257,526258
526258,526259
526416,526259
526259,526260
522150,526260
525093,526262
526107,526262
526266,526264
526775,526264
526264,526265
526995,526265
395921,395202
396350,395202
394970,395203
395202,395203
393750,395204
395203,395204
395205,395206
396130,395206
395206,395207
396131,395207
393435,395208
395207,395208
395217,395210
395371,395210
395209,395211
395210,395211
394522,395212
395211,395212
394313,395213
395212,395213
393439,395214
395213,395214
393438,395215
395214,395215
395215,395216
392436,395216
394995,395217
395562,395217
395013,395222
396147,395222
459868,459087
460343,459087
328015,328016
328814,328016
458629,459092
458966,459092
459876,459093
463116,459093
456589,459094
459093,459094
328023,328024
330126,328024
329268,328025
328024,328025
326092,328026
328025,328026
328026,328027
328815,328027
325927,328028
328027,328028
328028,328029
328816,328029
525284,526405
526404,526405
526765,526405
526405,526406
526972,526406
525927,526410
525928,526410
525929,526411
526103,526411
525639,526421
525773,526421
524799,526423
528206,526423
526423,526424
528204,526424
525296,526425
526424,526425
526108,526426
526425,526426
526426,526427
530021,526427
526427,526428
528535,526428
526428,526429
527525,526429
526262,526430
526429,526430
525488,526431
526430,526431
526431,526432
527836,526432
524935,526433
526432,526433
526433,526434
523839,526434
524388,526435
526434,526435
522994,526435
526435,526436
521661,526436
526436,526437
522993,526437
394805,395366
395913,395366
526438,526439
522521,526439
526439,526440
519915,526440
526440,526441
519447,526441
526441,526442
520602,526442
395926,395371
396137,395371
526443,526444
519141,526444
526444,526445
518269,526445
526445,526446
518278,526446
526446,526447
516491,526447
526447,526448
516157,526448
393929,395377
395376,395377
526449,526450
513801,526450
526450,526451
514015,526451
526451,526452
514014,526452
526452,526453
516652,526453
526453,526454
516156,526454
526454,526455
516004,526455
526455,526456
513800,526456
526456,526457
513663,526457
526457,526458
516490,526458
526458,526459
513498,526459
526459,526460
513662,526460
526460,526461
516489,526461
526461,526462
516488,526462
526462,526463
514768,526463
526463,526464
515751,526464
526464,526465
520062,526465
526465,526466
516324,526466
526466,526467
517773,526467
526467,526468
520782,526468
526468,526469
517449,526469
526469,526470
519444,526470
526470,526471
514927,526471
526471,526472
516649,526472
526472,526473
516155,526473
526994,526474
526993,526474
546522,546511
546510,546511
546511,546512
548974,546512
546512,546513
547307,546513
546513,546514
550290,546514
546514,546515
550668,546515
546515,546516
551965,546516
546517,546518
547308,546518
547830,546518
546518,546519
547831,546519
526410,526606
526411,526606
526606,526607
528193,526607
526607,526608
527679,526608
530506,526608
526409,526609
526608,526609
525634,526610
526609,526610
525288,526611
526610,526611
524642,526612
526611,526612
525770,526614
526104,526614
394808,395552
395551,395552
395552,395553
395916,395553
394996,395563
395219,395563
394660,395566
395012,395566
394141,395568
395567,395568
395744,395571
396916,395571
263990,264587
264906,264587
264587,264588
265913,264588
264588,264589
263707,264589
394965,395727
395915,395727
393909,395728
395727,395728
394806,395729
395728,395729
395729,395730
396660,395730
395560,395734
395925,395734
396512,395737
396513,395737
349952,349953
350724,349953
349958,349959
353824,349959
264166,264761
264581,264761
264422,264762
264761,264762
264762,264763
265277,264763
526614,526979
527519,526979
526979,526980
528197,526980
526980,526981
528921,526981
526981,526982
528347,526982
528530,526982
526982,526983
527351,526983
529832,526983
526983,526984
532448,526984
526984,526985
532268,526985
529998,526985
526985,526986
533418,526986
526986,526987
533073,526987
395738,395932
396359,395932
394830,395933
395932,395933
395934,395935
396517,395935
395568,395937
396360,395937
394661,395938
395937,395938
394142,395939
395938,395939
397997,395939
525931,527170
526988,527170
527185,527176
529365,527176
527176,527177
528202,527177
526615,527178
527177,527178
527178,527179
527521,527179
526420,527180
527179,527180
525091,527181
530016,527181
526421,527182
527181,527182
527182,527183
527522,527183
524793,527184
527183,527184
525772,527185
527184,527185
395557,396126
396494,396126
395920,396126
395558,396127
396126,396127
396665,396132
396862,396132
396132,396133
396861,396133
396668,396136
396669,396136
395218,396138
395735,396138
395563,396139
396138,396139
395927,396140
396139,396140
395566,396144
400677,396144
396144,396145
398319,396145
393588,396146
396145,396146
396361,396148
395374,396148
525923,527337
526605,527337
526767,527338
526974,527338
526976,527339
528343,527339
528189,527340
529053,527340
526102,527341
527340,527341
527341,527342
527347,527342
525080,527343
527342,527343
527343,527344
524022,527344
527344,527345
523830,527345
527345,527346
523315,527346
526413,527348
526772,527348
526771,527349
527348,527349
527349,527350
527512,527350
527350,527351
528529,527351
396125,396337
396851,396337
396337,396338
395367,396338
394294,396339
396338,396339
394297,396342
395917,396342
395554,396343
395555,396343
265271,265272
266062,265272
263693,265273
265272,265273
263694,265274
265273,265274
265274,265275
266063,265275
263695,265276
265275,265276
397047,396353
397524,396353
263213,265284
265755,265284
396901,396360
397186,396360
396677,396364
396915,396364
459283,459284
459282,459284
459285,459286
459441,459286
459286,459287
460508,459287
459085,459288
460946,459288
525635,527509
527169,527509
527509,527510
527680,527510
527510,527511
528195,527511
527170,527513
528199,527513
527513,527514
528348,527514
526106,527515
526255,527515
527514,527515
527352,527516
527515,527516
525771,527517
527516,527517
527517,527518
528532,527518
527518,527519
528531,527519
458627,459292
459291,459292
328223,328221
329134,328221
456270,459294
459293,459294
459294,459295
456101,459295
459296,459297
455470,459297
397173,396495
398767,396495
396349,396496
396495,396496
396496,396497
396857,396497
396497,396498
396502,396498
396498,396499
397045,396499
394655,396500
396499,396500
396129,396501
396500,396501
397326,396505
397986,396505
396354,396506
396505,396506
395561,396507
396506,396507
394519,396508
396507,396508
393437,396509
396508,396509
392659,396509
396509,396510
391119,396510
396510,396511
390748,396511
396358,396515
397054,396515
396676,396519
397544,396519
395942,396522
396521,396522
328231,328232
328837,328232
328440,328233
329649,328233
265907,265493
266064,265493
265493,265494
266375,265494
264904,265495
265091,265495
264764,265496
265495,265496
265496,265497
265908,265497
265497,265498
265278,265498
407245,415622
407867,415622
415621,415622
548002,546695
547843,546695
546695,546696
547312,546696
526254,527824
527168,527824
527678,527824
528733,527825
528734,527825
527684,527826
527825,527826
526617,527827
527826,527827
527523,527828
527827,527828
525936,527829
527828,527829
525487,527830
527829,527830
526422,527831
527830,527831
528352,527833
528534,527833
527833,527834
528533,527834
527832,527835
527834,527835
527524,527836
527835,527836
266748,265739
267371,265739
265739,265740
265906,265740
265276,265741
265740,265741
264902,265742
265741,265742
263209,265743
265742,265743
262209,265744
265743,265744
265744,265745
261289,265745
263210,265746
265745,265746
265746,265747
263483,265747
265747,265748
261814,265748
265748,265749
261658,265749
262210,265750
265749,265750
264903,265751
265750,265751
265494,265752
265751,265752
264421,265753
265752,265753
265753,265754
266065,265754
396124,396848
396335,396848
397168,396848
396659,396849
396848,396849
396849,396850
397979,396850
396858,396856
398141,396856
396856,396857
397174,396857
397322,396859
397521,396859
397788,396859
396503,396860
396859,396860
397528,396865
398155,396865
396135,396866
396865,396866
396136,396867
396866,396867
394312,396868
394521,396868
396867,396868
393755,396869
396868,396869
394520,396870
396869,396870
396511,396871
396870,396871
396871,396872
391313,396872
396872,396873
392128,396873
396873,396874
392434,396874
396355,396875
397180,396875
396140,396876
397183,396876
396876,396877
398159,396877
395736,396878
396877,396878
396878,396879
397987,396879
396141,396880
396879,396880
395928,396881
396880,396881
393923,396882
396881,396882
396882,396883
392443,396883
396883,396884
393205,396884
396884,396885
391781,396885
396885,396886
392297,396886
394826,396887
396886,396887
396887,396888
391608,396888
396888,396889
391980,396889
396889,396890
397535,396890
396890,396891
393206,396891
393440,396892
396891,396892
395737,396893
395929,396893
396892,396893
393756,396894
396893,396894
396894,396895
392444,396895
395930,396896
396895,396896
396896,396897
392445,396897
393757,396898
394827,396898
396897,396898
396898,396899
391785,396899
396899,396900
392825,396900
396148,396902
400295,396902
396902,396903
398165,396903
395569,396904
396903,396904
396519,396905
396904,396905
395014,396906
396905,396906
395940,396907
396906,396907
393928,396908
396907,396908
395222,396909
396908,396909
396909,396910
393211,396910
394318,396911
396910,396911
396911,396912
392135,396912
396912,396913
391617,396913
528019,528020
528200,528020
528020,528021
528726,528021
527171,528022
528021,528022
527172,528023
528022,528023
528023,528024
528201,528024
526989,528025
528024,528025
527353,528026
528025,528026
527187,528030
527683,528030
527355,528031
527685,528031
527526,528032
528031,528032
266374,265906
266749,265906
265281,265911
265282,265911
397779,397044
397780,397044
396663,397045
397044,397045
396666,397046
397324,397046
397328,397051
397793,397051
528345,528188
528920,528188
528017,528189
528188,528189
528194,528190
529058,528190
528190,528191
529057,528191
526978,528192
528191,528192
528192,528193
528527,528193
528528,528193
527681,528197
528196,528197
528725,528198
529061,528198
528198,528199
528724,528199
528353,528203
529532,528203
528203,528204
528536,528204
530026,528205
530991,528205
527354,528206
528205,528206
264763,266066
265754,266066
267198,266066
266066,266067
267700,266067
266067,266068
268298,266068
266068,266069
268760,266069
265498,266070
266069,266070
268299,266070
266070,266071
267200,266071
266071,266072
268932,266072
266072,266073
270454,266073
266073,266074
267568,266074
266074,266075
269932,266075
266075,266076
270827,266076
266076,266077
269280,266077
349979,350183
350604,350183
351330,350183
396854,397171
397520,397171
397778,397171
397172,397173
398480,397173
396875,397181
398157,397181
397181,397182
397792,397182
397182,397183
398158,397183
396514,397184
397053,397184
527676,528341
527823,528341
397171,397318
396347,397318
397981,397318
396662,397319
397318,397319
397538,397333
398316,397333
397333,397334
397794,397334
396143,397335
397334,397335
546845,546833
546523,546833
546833,546834
547309,546834
547841,546834
546834,546835
545535,546835
546835,546836
545170,546836
416571,415765
416569,415765
526406,528519
522681,528519
528519,528520
529526,528520
528340,528521
528520,528521
528723,528521
527508,528523
528344,528523
528523,528524
529530,528524
546841,546842
543689,546842
546842,546843
543038,546843
546843,546844
541871,546844
305400,306546
306278,306546
547476,546848
547311,546848
306140,306550
305553,306550
546848,546849
545865,546849
306550,306551
306139,306551
546849,546850
543361,546850
543362,546850
398306,397519
398475,397519
396863,397523
397323,397523
397327,397526
398310,397526
397526,397527
398770,397527
399419,397527
397050,397528
397527,397528
397988,397529
398612,397529
397051,397530
397529,397530
397989,397530
396142,397531
397530,397531
395564,397532
397531,397532
396670,397533
397532,397533
397052,397534
397533,397534
396671,397535
397534,397535
397537,397536
398315,397536
397339,397540
397999,397540
396675,397541
397540,397541
396518,397542
397541,397542
395739,397543
397542,397543
437177,437629
437628,437629
305557,306558
305708,306558
306559,306560
307040,306560
306560,306561
306562,306561
265492,266548
266373,266548
265270,266549
265737,266549
266061,266549
265909,266550
265279,266550
266376,266550
267201,266551
266377,266551
265911,266552
266551,266552
266552,266553
267701,266553
265912,266554
266553,266554
266378,266555
266554,266555
266555,266556
268016,266556
266556,266557
268581,266557
266557,266558
268582,266558
266558,266559
269086,266559
266559,266560
265283,266560
528923,528727
529237,528727
529238,528729
529361,528729
528728,528730
528729,528730
528029,528731
528730,528731
526418,528732
528731,528732
528538,528735
529067,528735
528033,528736
528735,528736
528736,528737
528926,528737
396664,397782
397175,397782
397321,397783
397782,397783
397783,397784
398483,397784
397784,397785
398308,397785
397785,397786
398603,397786
397786,397787
400264,397787
399422,397792
398937,397792
265090,266743
265491,266743
268009,266746
268578,266746
266746,266747
266898,266747
266747,266748
266899,266748
265499,266750
265910,266750
266751,266750
266743,266891
267077,266891
266891,266892
268008,266892
266892,266893
268576,266893
266893,266894
268577,266894
266894,266895
269257,266895
266895,266896
267079,266896
528187,529051
529529,529051
529829,529051
529054,529052
529993,529052
528018,529053
529052,529053
529234,529053
399423,397988
398613,397988
397796,397991
398317,397991
398615,397995
397994,397995
397995,397996
399427,397996
396674,397997
397996,397997
396336,398136
398301,398136
398136,398137
398300,398137
396340,398138
397775,398138
397776,398139
398138,398139
398139,398140
399233,398140
397320,398142
397982,398142
398142,398143
399112,398143
398143,398144
397983,398144
398144,398145
399908,398145
398145,398146
398307,398146
267195,267075
267566,267075
266370,267076
267075,267076
532658,529221
534996,529221
529048,529222
529221,529222
395733,398151
398150,398151
527338,529224
529223,529224
266548,267081
266549,267081
398935,398154
399239,398154
526975,529227
529226,529227
526408,529228
529227,529228
524784,529229
529228,529229
524379,529230
529229,529230
525475,529231
529230,529231
397331,398160
397332,398160
529232,529233
522503,529233
397799,398167
398791,398167
267085,267197
267872,267197
267197,267198
268013,267198
266550,267199
266750,267199
267199,267200
267567,267200
534073,529362
530322,529362
529362,529363
529837,529363
529240,529364
529363,529364
529239,529365
529364,529365
529839,529369
530166,529369
529064,529370
529369,529370
398595,398304
399234,398304
399558,398304
398304,398305
398474,398305
398311,398312
398772,398312
398312,398313
398939,398313
397329,398314
397330,398314
398786,398318
400285,398318
397797,398319
398318,398319
398321,398320
398946,398320
350376,350377
361843,350377
350377,350378
360362,350378
350378,350379
357400,350379
350379,350380
361844,350380
350380,350381
362696,350381
350381,350382
355769,350382
363649,350382
350382,350383
363056,350383
350383,350384
360507,350384
350384,350385
363057,350385
350385,350386
362010,350386
350386,350387
359942,350387
350387,350388
362490,350388
350388,350389
363190,350389
350389,350390
359084,350390
350390,350391
363350,350391
350391,350392
363191,350392
350392,350393
356316,350393
350393,350394
359769,350394
266745,267360
267366,267360
267360,267361
267084,267361
267361,267362
268296,267362
267362,267363
268752,267363
266744,267364
267363,267364
267364,267365
267869,267365
267870,267368
268011,267368
267368,267369
268010,267369
267369,267370
267372,267370
267367,267371
267370,267371
445354,445355
446015,445355
398923,398477
400083,398477
398947,398493
399252,398493
398493,398494
397545,398494
398494,398495
398619,398495
398001,398496
398495,398496
397317,398596
398764,398596
398476,398597
398596,398597
529220,529670
529356,529670
398478,398601
398600,398601
529060,529674
529679,529674
529360,529675
529674,529675
529675,529676
530977,529676
529676,529677
530976,529677
529677,529678
530799,529678
397522,398607
398606,398607
529682,529683
530162,529683
529670,529827
530494,529827
527511,529832
530662,529832
397781,398767
398766,398767
398773,398774
400099,398774
398774,398775
399916,398775
398775,398776
398160,398776
398776,398777
397990,398777
398777,398778
400100,398778
397184,398779
398778,398779
396672,398780
398779,398780
396356,398781
398780,398781
398781,398782
400283,398782
529672,529985
530158,529985
529985,529986
530965,529986
529986,529987
530966,529987
529987,529988
529991,529988
529988,529989
530657,529989
529358,529990
529989,529990
529059,529994
529834,529994
529359,529995
529994,529995
529833,529996
529995,529996
529996,529997
530507,529997
398481,398926
398925,398926
530165,530001
530514,530001
400438,398930
398929,398930
398930,398931
401167,398931
530003,530004
530982,530004
529244,530005
530004,530005
529368,530006
530005,530006
530009,530010
530665,530010
529063,530011
530010,530011
529838,530012
530011,530012
528030,530014
530013,530014
530515,530017
531504,530017
529686,530018
530017,530018
530167,530018
529065,530021
530020,530021
530326,530022
530518,530022
528737,530023
530022,530023
530023,530024
530325,530024
529840,530025
530024,530025
528032,530026
530025,530026
314281,314282
313139,314282
267569,268015
267873,268015
529684,530163
530164,530163
399905,399108
399904,399108
398491,399116
399251,399116
531798,530326
532273,530326
503827,503458
504579,503458
266896,268270
267083,268270
267365,268271
268270,268271
269258,268271
268271,268272
270824,268272
268272,268273
271360,268273
268273,268274
269758,268274
268274,268275
270617,268275
268275,268276
272570,268276
268276,268277
274939,268277
268277,268278
272571,268278
268278,268279
274940,268279
268279,268280
275537,268280
268280,268281
272352,268281
268281,268282
276198,268282
268282,268283
276199,268283
268283,268284
276197,268284
268284,268285
277320,268285
268285,268286
278015,268286
268286,268287
279166,268287
268287,268288
280690,268288
268288,268289
280034,268289
268289,268290
282247,268290
268290,268291
280331,268291
268291,268292
282248,268292
268292,268293
281920,268293
268293,268294
279002,268294
268294,268295
280860,268295
282249,268295
399561,399416
398609,399416
400270,399417
400271,399417
401170,399417
529669,530492
530491,530492
529046,530493
530492,530493
531650,530494
530493,530494
529983,530495
531491,530495
399246,399425
400446,399425
399117,399428
399568,399428
528525,530501
530500,530501
398322,399430
399429,399430
529055,530504
530503,530504
528526,530505
530504,530505
528346,530506
530505,530506
529999,530508
530800,530508
530980,530513
531498,530513
530323,530515
530805,530515
530807,530516
531283,530516
530168,530517
530516,530517
530806,530517
529533,530518
530517,530518
399106,399554
399408,399554
399554,399555
398760,399555
397980,399556
398761,399556
400445,399565
401475,399565
399565,399566
400444,399566
399570,399569
400452,399569
529236,530661
529831,530661
530661,530662
531786,530662
530983,530668
531280,530668
530668,530669
531501,530669
268751,268576
269077,268576
529828,530795
530314,530795
530497,530796
530795,530796
531792,530801
531793,530801
267868,268746
268007,268746
268746,268747
269610,268747
268747,268748
269076,268748
268748,268749
269927,268749
268749,268750
270609,268750
268012,268755
269081,268755
268755,268756
267699,268756
268756,268757
267871,268757
529671,530964
530963,530964
531269,530967
531782,530967
530967,530968
532071,530968
530797,530969
530316,530969
530969,530970
531654,530970
529673,530971
530970,530971
529992,530972
530971,530972
530972,530973
531784,530973
530658,530974
530973,530974
530161,530975
531273,530975
530984,530985
532457,530985
530324,530986
530985,530986
531282,530987
531797,530987
530987,530988
531795,530988
530988,530989
531281,530989
530986,530990
530989,530990
399249,399919
399920,399919
268936,268933
267876,268933
268933,268934
267875,268934
268934,268935
269934,268935
400871,400083
401624,400083
399237,400085
400263,400085
400085,400086
401166,400086
399111,400087
400086,400087
400087,400088
400089,400088
399240,400093
399915,400093
399115,400094
400093,400094
400443,400098
399424,400098
400098,400099
400665,400099
400298,400103
403185,400103
400103,400104
399431,400104
400102,400105
400104,400105
398790,400106
400105,400106
399120,400107
400106,400107
400107,400108
398167,400108
398323,400109
400108,400109
396914,400110
400109,400110
398000,400111
400110,400111
396362,400112
400111,400112
396520,400113
400112,400113
395941,400114
400113,400114
395570,400115
400114,400115
395223,400116
400115,400116
394663,400117
400116,400117
394525,400118
400117,400118
400118,400119
392830,400119
400119,400120
391322,400120
268580,269083
269084,269083
269611,269085
269612,269085
269085,269086
269475,269086
268300,269087
267874,269087
530796,531261
530964,531261
531261,531262
531653,531262
531262,531263
532070,531263
531263,531264
533905,531264
531264,531265
532803,531265
531265,531266
534781,531266
531266,531267
533071,531267
531267,531268
534619,531268
531658,531274
531790,531274
531274,531275
531789,531275
531499,531278
531661,531278
532935,531281
532936,531281
531796,531282
532271,531282
399413,400265
400659,400265
399414,400266
400265,400266
399415,400267
400266,400267
399421,400275
400095,400275
400275,400276
400277,400276
399564,400279
400097,400279
400666,400280
401322,400280
400280,400281
400883,400281
400281,400282
399917,400282
400282,400283
398940,400283
400296,400288
401650,400288
399119,400289
400288,400289
398789,400290
400289,400290
398492,400291
400290,400291
399118,400292
400291,400292
398616,400293
400292,400293
397056,400294
400293,400294
400294,400295
398166,400295
399922,400297
401182,400297
400297,400298
401328,400298
270823,269258
270965,269258
268757,269259
269930,269259
268758,269260
269259,269260
269260,269261
270826,269261
269261,269262
270966,269262
269262,269263
271907,269263
269263,269264
269474,269264
269264,269265
271544,269265
269265,269266
270967,269266
269082,269267
269266,269267
268930,269268
269267,269268
269268,269269
270109,269269
268759,269270
269269,269270
268931,269271
269270,269271
269271,269272
272353,269272
269272,269273
270618,269273
272354,269273
269931,269273
269273,269274
270968,269274
269274,269275
273535,269275
269275,269276
274427,269276
269276,269277
274276,269277
269083,269278
268015,269278
269278,269279
268014,269279
269279,269280
270455,269280
268935,269281
269087,269281
532094,531502
532095,531502
531502,531503
531920,531503
531503,531504
531919,531504
401326,400450
401327,400450
400449,400451
400450,400451
332737,332933
333995,332933
531494,531653
532241,531653
531785,531655
532446,531655
531917,531659
532091,531659
530981,531662
531279,531662
531662,531663
531918,531663
531663,531664
532811,531664
400081,400655
400437,400655
400655,400656
399906,400656
400656,400657
401833,400657
401008,400661
401998,400661
400661,400662
399914,400662
398485,400663
400662,400663
398309,400664
400663,400664
402007,400667
401179,400667
400667,400668
400884,400668
400286,400669
400668,400669
400669,400670
399426,400670
399921,400671
400670,400671
400671,400672
398945,400672
398787,400673
400672,400673
398489,400674
400673,400674
400674,400675
397993,400675
397337,400676
400675,400676
395936,400677
400676,400677
268929,269609
269256,269609
269281,269613
273365,269613
269613,269614
270970,269614
269614,269615
270458,269615
268761,269616
269615,269616
531493,531781
532069,531781
530979,531788
532672,531788
532272,531797
532673,531797
268745,269757
269075,269757
269078,269758
269079,269758
400268,400874
400660,400874
400439,400875
400874,400875
400873,400876
400875,400876
400876,400877
402221,400877
399241,400879
399420,400879
400287,400885
400448,400885
460190,460036
460191,460036
401462,400995
401623,400995
531652,532068
532067,532068
401628,400999
400998,400999
270825,269930
269929,269930
401841,401005
401004,401005
401840,401006
401005,401006
401470,401008
401171,401008
532080,532081
532928,532081
530664,532082
532081,532082
401471,401011
401010,401011
532083,532084
532929,532084
532084,532085
532450,532085
400442,401014
401013,401014
400094,401015
401014,401015
400879,401016
401015,401016
400274,401017
401016,401017
532089,532090
530319,532090
401845,401023
401022,401023
400279,401024
399243,401024
401024,401025
401030,401025
401025,401026
401023,401026
401026,401027
402000,401027
401027,401028
402538,401028
401028,401029
403039,401029
400436,401160
400869,401160
401461,401160
400654,401161
401160,401161
401161,401162
402365,401162
401162,401163
402668,401163
401466,401168
402830,401168
531783,532242
532244,532242
532242,532243
533072,532243
531271,532246
532804,532246
532246,532247
532661,532247
531495,532248
532247,532248
530659,532250
532249,532250
530160,532251
532250,532251
529056,532252
532251,532252
530798,532253
532252,532253
530660,532254
531655,532254
532253,532254
529830,532255
531496,532255
532254,532255
532255,532256
532447,532256
530975,532257
532256,532257
532257,532258
533913,532258
532258,532259
532807,532259
532259,532260
533718,532260
532260,532261
533912,532261
532261,532262
536087,532262
532262,532263
535922,532263
532263,532264
533914,532264
532264,532265
533719,532265
532265,532266
536456,532266
391615,391786
392131,391786
401467,401320
401003,401320
532068,532444
533069,532444
531913,532445
532444,532445
532806,532447
532925,532447
531915,532448
532267,532448
532452,532451
532933,532451
532093,532453
532812,532453
532453,532454
533425,532454
532454,532455
533551,532455
400881,401472
401174,401472
400882,401473
401175,401473
401031,401474
401176,401474
401848,401476
402858,401476
400678,401477
401476,401477
401477,401478
402679,401478
401478,401479
399430,401479
400886,401480
401479,401480
398320,401481
401480,401481
532445,532645
535642,532645
532645,532646
533067,532646
532066,532647
532646,532647
529827,532648
532647,532648
528521,532649
532648,532649
531651,532650
532649,532650
529047,532651
532650,532651
530496,532652
532651,532652
532652,532653
520773,532653
528341,532654
532653,532654
527677,532655
532654,532655
527824,532656
532655,532656
529527,532657
532656,532657
528342,532658
532657,532658
531914,532660
532073,532660
532805,532661
533547,532661
532079,532665
532664,532665
532270,532666
532665,532666
533421,532667
533721,532667
532667,532668
533422,532668
531916,532669
532668,532669
530978,532670
532669,532670
532670,532671
532809,532671
382380,384131
384130,384131
399557,401622
400080,401622
400090,401627
401626,401627
397787,401629
401001,401629
402004,401633
402375,401633
402005,401634
402376,401634
401324,401635
401634,401635
401633,401636
401635,401636
400101,401637
401636,401637
401637,401638
399425,401638
398943,401639
401638,401639
397795,401640
401639,401640
401640,401641
398162,401641
401641,401642
398161,401642
396515,401643
397335,401643
401642,401643
401643,401644
395372,401644
402006,401645
402544,401645
401036,401646
401645,401646
401035,401647
401646,401647
401034,401648
401647,401648
269472,270611
270610,270611
269473,270612
270611,270612
270612,270613
270820,270613
271359,270613
270453,270614
271192,270614
268753,270615
268754,270615
270614,270615
270615,270616
271763,270616
269080,270617
270616,270617
532075,532807
532076,532807
401316,401830
402519,401830
400262,401831
401318,401831
401834,401835
402367,401835
401165,401836
401835,401836
400872,401837
401990,401837
402008,401848
401181,401848
271539,270821
271540,270821
270821,270822
269928,270822
270822,270823
270108,270823
271193,270826
271543,270826
460199,460200
463108,460200
460523,460204
462710,460204
401464,401992
401465,401992
401842,401994
402532,401994
531490,533067
533066,533067
533903,533069
533904,533069
401993,401998
401997,401998
400880,402000
401173,402000
401473,402001
401474,402001
401846,402002
402001,402002
401847,402005
403176,402005
403188,402010
402029,402010
401483,402011
402010,402011
401482,402012
402011,402012
401038,402013
402012,402013
401039,402014
402013,402014
400299,402015
402014,402015
402015,402016
399432,402016
399569,402017
402016,402017
398618,402018
402017,402018
398617,402019
402018,402019
397057,402020
402019,402020
396522,402021
402020,402021
398496,402022
402021,402022
396364,402023
402022,402023
395016,402024
402023,402024
395742,402025
402024,402025
394319,402026
402025,402026
393591,402027
402026,402027
401850,402028
402550,402028
270452,270957
270956,270957
270957,270958
271732,270958
269609,270959
270958,270959
269757,270960
270959,270960
270960,270961
270963,270961
268750,270962
270961,270962
271541,270964
271542,270964
270964,270965
271191,270965
402217,402215
402825,402215
401463,402216
402215,402216
402369,402223
402833,402223
402231,402229
402837,402229
402229,402230
402677,402230
532660,533409
533417,533409
532659,533410
533409,533410
532072,533411
533410,533411
533411,533412
534482,533412
533412,533413
534480,533413
533413,533414
535443,533414
533414,533415
535441,533415
533415,533416
534799,533416
533908,533417
534202,533417
533074,533419
533720,533419
532814,533426
533429,533426
532456,533427
533426,533427
532813,533428
533427,533428
369392,375653
375652,375653
404485,402369
404785,402369
403037,402371
403349,402371
402371,402372
403749,402372
403753,402376
402838,402376
271195,271362
272578,271362
532923,533544
533408,533544
532245,533545
533546,533545
532449,533549
532808,533549
532926,533549
532663,533550
533420,533550
400088,402523
401627,402523
402523,402524
403033,402524
401992,402525
402524,402525
402525,402526
403333,402526
402219,402527
402526,402527
402527,402528
400999,402528
401629,402529
402528,402529
402220,402530
402529,402530
401844,402535
402226,402535
402535,402536
403172,402536
402536,402537
403038,402537
402540,402541
403175,402541
402855,402547
403522,402547
402224,402673
402225,402673
329628,329266
329994,329266
459444,460345
460656,460345
328967,329277
329276,329277
273531,271732
274774,271732
270962,271733
274272,271733
271358,271734
271733,271734
271734,271735
273869,271735
271735,271736
274581,271736
270613,271737
271736,271737
271906,271737
271737,271738
274937,271738
271738,271739
275129,271739
271739,271740
273359,271740
271740,271741
272567,271741
271741,271742
274583,271742
271742,271743
276716,271743
271743,271744
276718,271744
271744,271745
275718,271745
271745,271746
278217,271746
271746,271747
278834,271747
271747,271748
276719,271748
271748,271749
278999,271749
271749,271750
275719,271750
271750,271751
278013,271751
280545,271752
271751,271752
271752,271753
280857,271753
401630,402828
403168,402828
271756,271757
280033,271757
282043,271758
271757,271758
271758,271759
280163,271759
282590,271759
402222,402832
402831,402832
401468,402833
402832,402833
402673,402834
404791,402834
530974,533907
533545,533907
405502,402836
402835,402836
403177,402840
405842,402840
401648,402843
402842,402843
401325,402844
402843,402844
400284,402845
402844,402845
398785,402846
399250,402846
402845,402846
399567,402847
402846,402847
532666,533920
533919,533920
398944,402849
402848,402849
397185,402850
402849,402850
397055,402851
402850,402851
395935,402852
402851,402852
402545,402853
403355,402853
401649,402854
402853,402854
402549,402856
403046,402856
402856,402857
403357,402857
402857,402858
403045,402858
336390,336391
335822,336391
336391,336392
337185,336392
534204,534051
534801,534051
534053,534052
535155,534052
534802,534052
533428,534056
534811,534056
534807,534056
534056,534057
536309,534057
534057,534058
535660,534058
534058,534059
536633,534059
532455,534060
534059,534060
531794,534061
534060,534061
531500,534062
534061,534062
532934,534063
534062,534063
534063,534064
534488,534064
534064,534065
534486,534065
534065,534066
534627,534066
534066,534067
535158,534067
531664,534068
534067,534068
531278,534069
534068,534069
530001,534070
534069,534070
531277,534071
534070,534071
529366,534072
529685,534072
534071,534072
529241,534073
534072,534073
336395,336394
338885,336394
402366,403024
404132,403024
403024,403025
403721,403025
402670,403026
403025,403026
401988,403027
403026,403027
403032,403030
403496,403030
403030,403031
404135,403031
403171,403036
403507,403036
403508,403036
403036,403037
401999,403037
533416,534196
533907,534196
533544,534197
534196,534197
534197,534198
538604,534198
534198,534199
535652,534199
533906,534200
534199,534200
535469,534205
538206,534205
534205,534206
535659,534206
532451,534207
534206,534207
534207,534208
535003,534208
533725,534209
534208,534209
532932,534210
534209,534210
531660,534211
534210,534211
531497,534212
531791,534212
534211,534212
531276,534213
534212,534213
530163,534214
534213,534214
528925,534215
529062,534215
534214,534215
402214,403164
402671,403164
403042,403177
403969,403177
403358,403180
403758,403180
405509,403180
403047,403181
403180,403181
402859,403182
403181,403182
402009,403183
403182,403183
401849,403184
403183,403184
400887,403185
403184,403185
403759,403186
404991,403186
403186,403187
404323,403187
402860,403188
403187,403188
402826,403332
402827,403332
403034,403334
403504,403334
406886,403335
402836,403335
403335,403336
404979,403336
403336,403337
403506,403337
402223,403338
403337,403338
401469,403339
403338,403339
403339,403340
399912,403340
403340,403341
401007,403341
403341,403342
399913,403342
400664,403343
403342,403343
397525,403344
403343,403344
396667,403345
403344,403345
397049,403346
403345,403346
395734,403347
403346,403347
395559,403348
403347,403348
404311,403349
404312,403349
404146,403350
404807,403350
402542,403351
403040,403351
403968,403352
404317,403352
403352,403353
403967,403353
402377,403354
403353,403354
403043,403356
404152,403356
534201,534481
535444,534481
534481,534482
535153,534482
534628,534487
535004,534487
534055,534488
534487,534488
271361,272348
271764,272348
272348,272349
272572,272349
272349,272350
274090,272350
272350,272351
274426,272351
272351,272352
273872,272352
273360,272354
274099,272354
403334,403500
404310,403500
402672,403501
403500,403501
402829,403502
403501,403502
404138,403502
400877,403503
403502,403503
403174,403511
403750,403511
403752,403512
404148,403512
403512,403513
404147,403513
402374,403514
403513,403514
403514,403515
404316,403515
403515,403516
403751,403516
402541,403517
403516,403517
401323,403518
403517,403518
401177,403519
403518,403519
399566,403520
403519,403520
403520,403521
398941,403521
534997,534619
535150,534619
526987,534621
535296,534621
535447,534621
533915,534622
534621,534622
534484,534623
535156,534623
533722,534624
533922,534624
534623,534624
533723,534625
534054,534625
535159,534627
535301,534627
274088,272569
274274,272569
272569,272570
273532,272570
538598,534782
534200,534782
535440,534782
534782,534783
535152,534783
534620,534784
534783,534784
531268,534785
534784,534785
532243,534786
534785,534786
530968,534787
534786,534787
531270,534788
534787,534788
530315,534789
534788,534789
530498,534790
534789,534790
529528,534791
534790,534791
529051,534792
534791,534792
528522,534793
534792,534793
529990,534794
534793,534794
527339,534796
534795,534796
525073,534797
534796,534797
528919,534798
534797,534798
402521,403727
403726,403727
401837,403728
403727,403728
403730,403731
404137,403731
535001,534804
534803,534804
534625,534805
534804,534805
402522,403734
403733,403734
535005,534807
535661,534807
403735,403736
403961,403736
403332,403737
403736,403737
403498,403738
403737,403738
535006,534811
534810,534811
404484,403740
403739,403740
403740,403741
403962,403741
403741,403742
403963,403742
403742,403743
403745,403743
403743,403744
404975,403744
404140,403747
404784,403747
403351,403752
404149,403752
477110,476088
477620,476088
535644,534988
535767,534988
537092,534988
534617,534989
534988,534989
533070,534990
534989,534990
533407,534991
534990,534991
532240,534992
534991,534992
531781,534993
534992,534993
531492,534994
534993,534994
530794,534995
534994,534995
529984,534996
534995,534996
402669,403953
403163,403953
403952,403954
403953,403954
403166,403958
404308,403958
403167,403959
403958,403959
350728,351325
351326,351325
480911,482401
482400,482401
534478,535148
534986,535148
535151,535152
535650,535152
405282,404089
406159,404089
403492,404090
404089,404090
403331,404091
404090,404091
401163,404092
404091,404092
401987,404093
404092,404093
399555,404094
404093,404094
401830,404095
404094,404095
396850,404096
404095,404096
398137,404097
404096,404097
403493,404098
404097,404098
399107,404099
404098,404099
401317,404100
404099,404100
398302,404101
404100,404101
399556,404102
404101,404102
403027,404103
404102,404103
398140,404104
404103,404104
396493,404105
404104,404105
404105,404106
399903,404106
397170,404107
404106,404107
399108,404108
404107,404108
399109,404109
404108,404109
399409,404110
404109,404110
397518,404111
404110,404111
398922,404112
404111,404112
395730,404113
404112,404113
395731,404114
404113,404114
396661,404115
404114,404115
398303,404116
404115,404116
404116,404117
398762,404117
395553,404118
404117,404118
396341,404119
404118,404119
404119,404120
395368,404120
398305,404121
404120,404121
397777,404122
404121,404122
404122,404123
396342,404123
397519,404124
404123,404124
404124,404125
396343,404125
399110,404126
404125,404126
398763,404126
399559,404127
400657,404127
404126,404127
401836,404128
404127,404128
404128,404129
398597,404129
404129,404130
400995,404130
399410,404131
404130,404131
404133,404134
404656,404134
404779,404136
404780,404136
404804,404144
422340,404144
401472,404145
404144,404145
405146,404148
407255,404148
403966,404149
404490,404149
403178,404151
403179,404151
403722,404290
404973,404290
404290,404291
404305,404291
403955,404292
404291,404292
404292,404293
405138,404293
404293,404294
406165,404294
404294,404295
405283,404295
407505,404295
404295,404296
404655,404296
404296,404297
405139,404297
407239,404297
404297,404298
407506,404298
404298,404299
404306,404299
405284,404299
404299,404300
404657,404300
404300,404301
404658,404301
404301,404302
407507,404302
404302,404303
407240,404303
404303,404304
407859,404304
404139,404309
406170,404309
404309,404310
404783,404310
404315,404316
405143,404316
405144,404316
404321,404318
405657,404318
403755,404319
404318,404319
404319,404320
402839,404320
535442,535441
536803,535441
532266,535446
535923,535446
536457,535446
535446,535447
535448,535447
535455,535451
536629,535451
535451,535452
535924,535452
535452,535453
536130,535453
534800,535454
535453,535454
538194,535457
534805,535457
535457,535458
537580,535458
535458,535459
536959,535459
534806,535460
535459,535460
533724,535461
535460,535461
535157,535462
535461,535462
533924,535463
535462,535463
535463,535464
535773,535464
532810,535465
535464,535465
535470,535468
536305,535468
535467,535469
535468,535469
437167,438771
437483,438771
306547,307700
307699,307700
548300,547999
548779,547999
307700,307701
306718,307701
438096,438775
438266,438775
438440,438775
273536,273362
274590,273362
272132,273363
273362,273363
271362,273364
273363,273364
270459,273365
273364,273365
438776,438777
440958,438777
403524,404491
404668,404491
404154,404492
404491,404492
403757,404493
404492,404493
535148,535637
535766,535637
535920,535637
535637,535638
536082,535638
534780,535639
535638,535639
534985,535640
535639,535640
533068,535641
535293,535641
535640,535641
534616,535642
535641,535642
536291,535644
536623,535644
535439,535645
536451,535645
534618,535646
535645,535646
535149,535647
535646,535647
536801,535647
535295,535648
535647,535648
535648,535649
535768,535649
534203,535654
534998,535654
274779,273535
274585,273535
273877,273536
274429,273536
404482,404659
404974,404659
404659,404660
405632,404660
535643,535766
536449,535766
373972,373292
374330,373292
373292,373293
374331,373293
326436,327723
327398,327723
372242,373294
373293,373294
371443,373295
372371,373295
373294,373295
404778,404777
406167,404777
405293,404787
405294,404787
405646,404787
404488,404788
404787,404788
403170,404789
404788,404789
404487,404790
404789,404790
402674,404791
404790,404791
404142,404792
404313,404792
402372,404793
404982,404793
404793,404794
405296,404794
404794,404795
401020,404795
404795,404796
405141,404796
404796,404797
405507,404797
404797,404798
406174,404798
402537,404799
404798,404799
403510,404800
404799,404800
404800,404801
404805,404801
402373,404802
404801,404802
401029,404803
404802,404803
402675,404804
404803,404804
404983,404805
405648,404805
404151,404808
404990,404808
404808,404809
405149,404809
404809,404810
404811,404810
372788,373304
373303,373304
372245,373305
373304,373305
372067,373312
372974,373312
372251,373313
373312,373313
373313,373314
374190,373314
504386,504387
461830,504387
372252,373316
372975,373316
372565,373317
373316,373317
372253,373318
372566,373318
373318,373319
373501,373319
372976,373320
373319,373320
372801,373321
372977,373321
373321,373322
374511,373322
504394,504395
457914,504395
274273,273869
275128,273869
274278,273873
274428,273873
504399,504400
457466,504400
405291,404977
405834,404977
404661,404978
404977,404978
404786,404979
404978,404979
404792,404982
405506,404982
405647,404982
404314,404984
404985,404984
404150,404987
405148,404987
405998,404988
404987,404988
403756,404989
404988,404989
404989,404990
406888,404990
373332,373333
372573,373333
373333,373334
370597,373334
456395,504407
504406,504407
351121,351490
352264,351490
537215,536080
537216,536080
536080,536081
536954,536081
535765,536082
536081,536082
535921,536083
536453,536083
535770,536084
536083,536084
535653,536085
536084,536085
535771,536086
536085,536086
538189,536089
541278,536089
535449,536090
536089,536090
535297,536091
536090,536091
534622,536092
536091,536092
533549,536093
536092,536093
535450,536094
536093,536094
532077,536095
536094,536095
535000,536096
536095,536096
535298,536097
536096,536097
531656,536098
536097,536098
532662,536099
536098,536099
529678,536100
536099,536100
534483,536101
536100,536101
532078,536102
536101,536102
533419,536103
536102,536103
532927,536104
536103,536104
532269,536105
536104,536105
530508,536106
536105,536106
529680,536107
536106,536107
531787,536108
536107,536108
530000,536109
536108,536109
529531,536110
536109,536110
533921,536111
536110,536111
528922,536112
536111,536112
530509,536113
536112,536113
529681,536114
536113,536114
528026,536115
536114,536115
528027,536116
536115,536116
529835,536117
536116,536117
528028,536118
536117,536118
528727,536119
536118,536119
527173,536120
536119,536120
526774,536121
536120,536121
525480,536122
536121,536122
529683,536123
536122,536123
528732,536124
536123,536124
525933,536125
536124,536125
524646,536126
536125,536126
525483,536127
536126,536127
535657,536132
535658,536132
536132,536133
536630,536133
463258,504417
504416,504417
373345,373346
361845,373346
373347,373348
361680,373348
505163,504421
505481,504421
373349,373350
360894,373350
503269,504423
504424,504423
504997,504423
503830,504427
505493,504427
503057,504428
504427,504428
502708,504429
504428,504429
404287,405137
404776,405137
405288,405140
405638,405140
405298,405146
405838,405146
406180,405149
406889,405149
274775,274083
274584,274083
273871,274084
274083,274084
272347,274085
274084,274085
274085,274086
271762,274086
274086,274087
274425,274087
274087,274088
274089,274088
272573,274091
271765,274091
274091,274092
275354,274092
274092,274093
276552,274093
272574,274094
274093,274094
274094,274095
277321,274095
274095,274096
277599,274096
272575,274097
273534,274097
547018,548127
548126,548127
548127,548128
548460,548128
548128,548129
547143,548129
548129,548130
547017,548130
548130,548131
548989,548131
548131,548132
548988,548132
548132,548133
548008,548133
536955,536290
537217,536290
536290,536291
536450,536291
535654,536295
536086,536295
536295,536296
536454,536296
536296,536297
536625,536297
536297,536298
538037,536298
536298,536299
537727,536299
539013,536299
536299,536300
538788,536300
536300,536301
539835,536301
536301,536302
539649,536302
536962,536306
537226,536306
536306,536307
536963,536307
535472,536308
536307,536308
535160,536309
536308,536309
405829,405281
406161,405281
404653,405282
405281,405282
407052,405285
407053,405285
405835,405296
405836,405296
405650,405297
407060,405297
405997,405299
406179,405299
274082,274269
275534,274269
276551,274269
274580,274269
272566,274270
274269,274270
271538,274271
274270,274271
273358,274272
274271,274272
274776,274274
274938,274274
274586,274276
274950,274276
536807,536457
536808,536457
537094,536457
535925,536458
536131,536458
536458,536459
537577,536459
535299,536460
536459,536460
536460,536461
536958,536461
535656,536462
536461,536462
403954,405468
405137,405468
405468,405469
406162,405469
405469,405470
406751,405470
404654,405471
405470,405471
404972,405472
405471,405472
405472,405473
406581,405473
404288,405474
405473,405474
404289,405475
405474,405475
405475,405476
405494,405476
403494,405477
405476,405477
401621,405478
405477,405478
401164,405479
405478,405479
403028,405480
405479,405480
400870,405481
405480,405481
403723,405482
405481,405482
401622,405483
405482,405483
403956,405484
405483,405484
401831,405485
404134,405485
405484,405485
401832,405486
405485,405486
273354,274415
273528,274415
274081,274415
274415,274416
274571,274416
403164,405489
405488,405489
405489,405490
402824,405490
403495,405491
405490,405491
404660,405492
405491,405492
405633,405493
405492,405493
275350,274422
274421,274422
274422,274423
275532,274423
274423,274424
276412,274424
404980,405498
405292,405498
406414,405499
405498,405499
405499,405500
407520,405500
404662,405501
405500,405501
404486,405502
405501,405502
404981,405504
405503,405504
405504,405505
405994,405505
405295,405506
405505,405506
536624,536622
537089,536622
536621,536623
536622,536623
407244,405634
407517,405634
405634,405635
405495,405635
405635,405636
406583,405636
404782,405637
405636,405637
407512,405637
405992,405639
406411,405639
406412,405639
405497,405640
405639,405640
405290,405641
405640,405641
405289,405642
405641,405642
403748,405643
405642,405643
273867,274572
274418,274572
274935,274575
274574,274575
274575,274576
275715,274576
408957,405652
405651,405652
405652,405653
405654,405653
406177,405654
406178,405654
272129,274583
274582,274583
274588,274589
274951,274589
274101,274590
274589,274590
307709,307919
307918,307919
535649,536802
538313,536802
537880,536807
537881,536807
536627,536808
537397,536808
535454,536809
536813,536809
535655,536810
536809,536810
536129,536811
536814,536811
536811,536812
537883,536812
536128,536813
536812,536813
406887,405839
407532,405839
405839,405840
405843,405840
404322,405841
405840,405841
403041,405842
405841,405842
406002,405844
406592,405844
273533,274778
274777,274778
537581,536959
538472,536959
373491,373492
374334,373492
506725,504565
505476,504565
504566,504567
502888,504567
407518,405969
415622,405969
405833,405970
405969,405970
405970,405971
405496,405971
405140,405972
405971,405972
403747,405973
405972,405973
405973,405974
405644,405974
403035,405975
405974,405975
401320,405976
405975,405976
405976,405977
401169,405977
400269,405978
405977,405978
399416,405979
405978,405979
405979,405980
398152,405980
400091,405981
405980,405981
397790,405982
405981,405982
397791,405983
405982,405983
400441,405984
405983,405984
399417,405985
405984,405985
405985,405986
398610,405986
405986,405987
397985,405987
397178,405988
405987,405988
397179,405989
405988,405989
394656,405990
405989,405990
394307,405991
405990,405991
406171,405992
407055,405992
405300,406000
406003,406000
405151,406001
406000,406001
405150,406002
406001,406002
274097,274941
274778,274941
274098,274942
274941,274942
274942,274943
275538,274943
274943,274944
275131,274944
537559,537090
539012,537090
535294,537091
537090,537091
534479,537092
537091,537092
277777,274949
274948,274949
526437,526438
520065,526438
535772,537219
536303,537219
535926,537222
536465,537222
537406,537223
538476,537223
536632,537224
537223,537224
406403,406156
406749,406156
406156,406157
406160,406157
405136,406158
406157,406158
403951,406159
404775,406159
406158,406159
405467,406162
406580,406162
526448,526449
514489,526449
395743,395379
397340,395379
548442,548301
549252,548301
528351,529063
529367,529063
506189,506719
506718,506719
537877,537395
539243,537395
538196,537403
538477,537403
537225,537404
537403,537404
537402,537405
537404,537405
537405,537406
537736,537406
406164,406405
406404,406405
407663,406412
408373,406412
537558,537559
538308,537559
538036,537560
538605,537560
537560,537561
537879,537561
536956,537562
537561,537562
537878,537562
536452,537563
537562,537563
537097,537568
537401,537568
537568,537569
539014,537569
537567,537570
537569,537570
537566,537571
537570,537571
537096,537572
537571,537572
537572,537573
538467,537573
537095,537574
537573,537574
537574,537575
538190,537575
537575,537576
538318,537576
537884,537578
538320,537578
537578,537579
538039,537579
537579,537580
538040,537580
537582,537583
538195,537583
536815,537584
537583,537584
535466,537585
537584,537585
537224,537587
540587,537587
536631,537588
537587,537588
405656,406586
407063,406586
406586,406587
407530,406587
407537,406591
408073,406591
406591,406592
407538,406592
275352,275533
276196,275533
274579,275534
275533,275534
537396,537726
538315,537726
536804,537727
537726,537727
536805,537728
538038,537728
537093,537729
537728,537729
535445,537730
537729,537730
536806,537731
537220,537731
538466,537732
538791,537732
505490,506734
506733,506734
417080,406755
421048,406755
406755,406756
407508,406756
405832,406757
406756,406757
404781,406757
403744,406758
406757,406758
402530,406759
403964,406759
406758,406759
405637,406760
406759,406760
406760,406761
402828,406761
401631,406762
406761,406762
400267,406763
406762,406763
403503,406764
406763,406764
406764,406765
398933,406765
396504,406766
406765,406766
406766,406767
399911,406767
396864,406768
406767,406768
406768,406769
398768,406769
397046,406770
406769,406770
394986,406771
406770,406771
406771,406772
398151,406772
393919,406773
406772,406773
395924,406774
397325,406774
406773,406774
406774,406775
392822,406775
396353,406776
406775,406776
394993,406777
406776,406777
393753,406778
406777,406778
406778,406779
392432,406779
393586,406780
406779,406780
392823,406780
406780,406781
391118,406781
406781,406782
391441,406782
406782,406783
388445,406783
406783,406784
388790,406784
406784,406785
389574,406785
275130,275718
275535,275718
406790,406791
383922,406791
406791,406792
384119,406792
386476,406792
394823,406793
406792,406793
406793,406794
388070,406794
406794,406795
383794,406795
406795,406796
383657,406796
406796,406797
376276,406797
383086,406797
406797,406798
382519,406798
384630,406798
406798,406799
381878,406799
406799,406800
381879,406800
406800,406801
379470,406801
406801,406802
379315,406802
406802,406803
377982,406803
406803,406804
381228,406804
406804,406805
376628,406805
406805,406806
382031,406806
406806,406807
380260,406807
406807,406808
379746,406808
406808,406809
378608,406809
406809,406810
379055,406810
406810,406811
375425,406811
406811,406812
374767,406812
406812,406813
375272,406813
406813,406814
374510,406814
406814,406815
374638,406815
406815,406816
377984,406816
406816,406817
376802,406817
406817,406818
390771,406818
406818,406819
375092,406819
406819,406820
374639,406820
406820,406821
377116,406821
406821,406822
373320,406822
406822,406823
377458,406823
406823,406824
376803,406824
406824,406825
373982,406825
406825,406826
376038,406826
406826,406827
376286,406827
406827,406828
378614,406828
406828,406829
373322,406829
406829,406830
385122,406830
406830,406831
372978,406831
406831,406832
373806,406832
406832,406833
381063,406833
406833,406834
374192,406834
406834,406835
377118,406835
406835,406836
375665,406836
406836,406837
375666,406837
406837,406838
376473,406838
406838,406839
376287,406839
406839,406840
371626,406840
406840,406841
373157,406841
406841,406842
371126,406842
406842,406843
370072,406843
406843,406844
373807,406844
406844,406845
372384,406845
406845,406846
370594,406846
406846,406847
374641,406847
406847,406848
373808,406848
406848,406849
371127,406849
406849,406850
371128,406850
406850,406851
372802,406851
406851,406852
384153,406852
406852,406853
372979,406853
406853,406854
373502,406854
406854,406855
371129,406855
406855,406856
372070,406856
406856,406857
367318,406857
406857,406858
368906,406858
406858,406859
370595,406859
406859,406860
366758,406860
406860,406861
371130,406861
406861,406862
365040,406862
406862,406863
367544,406863
371628,406863
406863,406864
367319,406864
371456,406864
406864,406865
366418,406865
406865,406866
369101,406866
406866,406867
371304,406867
406867,406868
371460,406868
406868,406869
366927,406869
406869,406870
371305,406870
406870,406871
369400,406871
406871,406872
369401,406872
406872,406873
372075,406873
406873,406874
370260,406874
406874,406875
373810,406875
406875,406876
366938,406876
406876,406877
371461,406877
406877,406878
371132,406878
372571,406878
406878,406879
373986,406879
406879,406880
374215,406880
406880,406881
371817,406881
406881,406882
371629,406882
406884,406885
407665,406885
407666,406885
406885,406886
407874,406886
407256,406890
407673,406890
405660,406892
406593,406892
407257,406892
406420,406893
406892,406893
406893,406894
408682,406894
440776,439187
441702,439187
306557,308118
306877,308118
307443,308119
308118,308119
439191,439192
440288,439192
437487,439193
439192,439193
437036,439194
439193,439194
439194,439195
436507,439195
439197,439198
435040,439198
538470,538039
538471,538039
537588,538042
544842,538042
538473,538044
538043,538044
536960,538045
538044,538045
537222,538046
538045,538046
536304,538047
538046,538047
537221,538048
538047,538048
538049,538050
545331,538050
538050,538051
540426,538051
538051,538052
540011,538052
537586,538053
538052,538053
440298,439203
440666,439203
437627,439204
439203,439204
345596,345257
346512,345257
405631,407050
406163,407050
406587,407061
407876,407061
405837,407062
407061,407062
503821,504751
504750,504751
548783,548446
548125,548446
548446,548447
548981,548447
548456,548448
548983,548448
541072,538185
543379,538185
538792,538185
536810,538186
538185,538186
537564,538187
538186,538187
537732,538188
538187,538188
538607,538188
536957,538189
538188,538189
538469,538191
539493,538191
537733,538192
538191,538192
537098,538193
538192,538193
536462,538194
538193,538194
538610,538197
539019,538197
537737,538198
538197,538198
536816,538199
538198,538199
535927,538200
538199,538200
536961,538201
538200,538201
536466,538202
538201,538202
535774,538203
538202,538203
535471,538204
538203,538204
533424,538205
538204,538205
533423,538206
538205,538206
505334,504763
505498,504763
505499,504763
418484,419459
418622,419459
406750,407231
408052,407231
407050,407234
407504,407234
407234,407235
408206,407235
407051,407236
407235,407236
406405,407237
407236,407237
407237,407238
407655,407238
538184,538314
539245,538314
408059,407243
409261,407243
405967,407244
407243,407244
538053,538321
555323,538321
406173,407250
407058,407250
406585,407251
407250,407251
537099,538324
539847,538324
538323,538324
407878,407253
408959,407253
537585,538326
538325,538326
534626,538327
538326,538327
533925,538329
538328,538329
534485,538330
538329,538330
532931,538331
538330,538331
535465,538332
538331,538332
532092,538333
538332,538333
531659,538334
538333,538334
534215,538335
538334,538335
528350,538336
538335,538336
527175,538337
538336,538337
275531,276194
276013,276194
274267,276195
275349,276195
275536,276197
276720,276197
276417,276202
276905,276202
276202,276203
277106,276203
538468,538469
538793,538469
539018,538476
538609,538476
276194,276405
277557,276405
276405,276406
274417,276406
276406,276407
277776,276407
276407,276408
278832,276408
276195,276409
276408,276409
276409,276410
277313,276410
275713,276411
276410,276411
276904,276416
277105,276416
407233,407504
408053,407504
407864,407509
410815,407509
407509,407510
407513,407510
408057,407510
406410,407511
407510,407511
404976,407512
407511,407512
408060,407514
408661,407514
407514,407515
407865,407515
406883,407516
407515,407516
405968,407517
407516,407517
408950,407518
410139,407518
536802,538592
538591,538592
538786,538593
538592,538593
536293,538594
538593,538594
538183,538595
538594,538595
537218,538596
538595,538596
537395,538597
538596,538597
407525,407526
408664,407526
407669,407529
408668,407529
536294,538602
538601,538602
535769,538604
538603,538604
406182,407539
406891,407539
407539,407540
408220,407540
277100,276549
277319,276549
276549,276550
276890,276550
275353,276551
276550,276551
406752,407653
407049,407653
407232,407654
407653,407654
406582,407657
407054,407657
407657,407658
408211,407658
406409,407659
407658,407659
405287,407660
407659,407660
408061,407664
408212,407664
407664,407665
408213,407665
408374,407666
408375,407666
408072,407676
408816,407676
507954,513458
513457,513458
278214,276712
278675,276712
275717,276713
276712,276713
276713,276714
278215,276714
276714,276715
278676,276715
276715,276716
276717,276716
407863,407862
408801,407862
408372,407864
408659,407864
407519,407869
408062,407869
408663,407869
407869,407870
408377,407870
407056,407871
407870,407871
407871,407872
408376,407872
406413,407873
407868,407873
407872,407873
405645,407874
407873,407874
407877,407876
408669,407876
407883,407881
408962,407881
406419,407882
407066,407882
407881,407882
539487,539012
539371,539012
275539,276892
276721,276892
276553,276893
276892,276893
277104,276895
278680,276895
276416,276896
276895,276896
276203,276897
276896,276897
274782,276898
276897,276898
274781,276899
276898,276899
273875,276900
276899,276900
272577,276901
273876,276901
276900,276901
273874,276902
276901,276902
276902,276903
271767,276903
408803,408059
408804,408059
407866,408060
408662,408060
406584,408065
407247,408065
408215,408067
408667,408067
409109,408067
408067,408068
408812,408068
407252,408069
408068,408069
277101,277102
278838,277102
276201,277103
277102,277103
276018,277104
277103,277104
539494,539252
539848,539252
350946,352036
351122,352036
352036,352037
352038,352037
351841,352039
354781,352039
539376,539374
539837,539374
539374,539375
540006,539375
538317,539377
539250,539377
352040,352041
353460,352041
350426,352042
352041,352042
352042,352043
352277,352043
351843,352045
352602,352045
352604,352046
354636,352046
351130,352047
352046,352047
352047,352048
352605,352048
408356,408357
408797,408357
407860,408359
408944,408359
407656,408360
408359,408360
406753,408361
408360,408361
406754,408362
408361,408362
405286,408363
408362,408363
406168,408364
408363,408364
406169,408365
408364,408365
406407,408366
408365,408366
406408,408367
408366,408367
404483,408368
408367,408368
405830,408369
408368,408369
405831,408370
408369,408370
275351,277316
277099,277316
275716,277317
277316,277317
278209,277317
277098,277318
277317,277318
351136,352055
352054,352055
349635,352056
352055,352056
351135,352057
352056,352057
350734,352058
352057,352058
348887,352059
352058,352059
540009,539493
540158,539493
348693,352060
352059,352060
504423,504995
505484,504995
505485,504995
540286,539642
540287,539642
538785,539643
539642,539643
539643,539644
541552,539644
539644,539645
541252,539645
540577,539652
541694,539652
539652,539653
540578,539653
407230,408593
408592,408593
408051,408594
408593,408594
407238,408595
409628,408595
408595,408596
409256,408596
408207,408597
408596,408597
408208,408598
408597,408598
408598,408599
408943,408599
408599,408600
409955,408600
408600,408601
410298,408601
408601,408602
409630,408602
408602,408603
409956,408603
408603,408604
411102,408604
408604,408605
411410,408605
408605,408606
409815,408606
408606,408607
411247,408607
408607,408608
409106,408608
409631,408608
408357,408609
408608,408609
404304,408610
408609,408610
408209,408611
408358,408611
408610,408611
406406,408612
408611,408612
407241,408613
408612,408613
406166,408614
408613,408614
405493,408615
408614,408615
408615,408616
403725,408616
405285,408617
408616,408617
404307,408618
408617,408618
404777,408619
408618,408619
403165,408620
408619,408620
403957,408621
408620,408621
403029,408622
408621,408622
402520,408623
408622,408623
403031,408624
408623,408624
402368,408625
408624,408625
401319,408626
408625,408626
408626,408627
400996,408627
402216,408628
408627,408628
404131,408629
408628,408629
276411,277558
280323,277558
400082,408631
408630,408631
275714,277560
277559,277560
274576,277561
277560,277561
274424,277562
277561,277562
398477,408635
408634,408635
396127,408636
408635,408636
398601,408637
408636,408637
398479,408638
408637,408638
277566,277567
279838,277567
395732,408640
408639,408640
395200,408641
408640,408641
394509,408642
408641,408642
395201,408643
408642,408643
408643,408644
393433,408644
394810,408645
408644,408645
277573,277574
279840,277574
393582,408647
408646,408647
277575,277576
284025,277576
277576,277577
280855,277577
277577,277578
283662,277578
277578,277579
281252,277579
396501,408652
408651,408652
393583,408653
408652,408653
392122,408653
395204,408654
408653,408654
277582,277583
283852,277583
408655,408656
391967,408656
277584,277585
282421,277585
277585,277586
284203,277586
409262,408660
409263,408660
408660,408661
408805,408661
277589,277590
283060,277590
286599,277591
277590,277591
277591,277592
284750,277592
405995,408665
407249,408665
408379,408666
408665,408666
277594,277595
289732,277595
408071,408672
408387,408672
408672,408673
409458,408673
408673,408674
410154,408674
407879,408675
408674,408675
408386,408675
407880,408676
408813,408676
409459,408677
408676,408677
407533,408678
408677,408678
407534,408679
408678,408679
408679,408680
409118,408680
408680,408681
408960,408681
540004,539832
539491,539832
539832,539833
539834,539833
540008,539838
541279,539838
539838,539839
540576,539839
539251,539840
539651,539840
539653,539842
542395,539842
539378,539843
539842,539843
539843,539844
540010,539844
539844,539845
540424,539845
540425,539845
537734,539846
539845,539846
536463,539847
539846,539847
407861,408798
408055,408798
408210,408799
408798,408799
407248,408809
408378,408809
409266,408810
409452,408810
408814,408815
409651,408815
406894,408818
407540,408818
408818,408819
409975,408819
408819,408820
410329,408820
408820,408821
409120,408821
408821,408822
409272,408822
408822,408823
409464,408823
277601,277778
278376,277778
538789,540005
540154,540005
407503,408942
407858,408942
409107,408948
409636,408948
408948,408949
409448,408949
407662,408950
408949,408950
408958,408954
409827,408954
408954,408955
408384,408955
408217,408956
408955,408956
407528,408957
408956,408957
383783,388969
388784,388969
388434,388970
388969,388970
540002,540151
542017,540151
539840,540155
540298,540155
540155,540156
541281,540156
276891,278013
278014,278013
539017,540161
540160,540161
276415,278018
278017,278018
278016,278019
278018,278019
276554,278020
278019,278020
278020,278021
275722,278021
278021,278022
275721,278022
276017,278023
278022,278023
274100,278024
278023,278024
388435,388971
388970,388971
409456,409110
410313,409110
408670,409111
409110,409111
407672,409112
409111,409112
407064,409113
409112,409113
406417,409114
409113,409114
404664,409115
409114,409115
407065,409116
409115,409116
409116,409117
408385,409117
388436,388972
388971,388972
390743,388973
388972,388973
388973,388974
389726,388974
398484,398148
398934,398148
399114,398148
540001,540286
540285,540286
540288,540287
541551,540287
539488,540290
540152,540290
539646,540291
540290,540291
540291,540292
541553,540292
540003,540293
540416,540293
540293,540294
540905,540294
539015,540296
539841,540296
540296,540297
538319,540297
540297,540298
540299,540298
388061,388976
388975,388976
410643,409258
410816,409258
408947,409259
409258,409259
408946,409260
409259,409260
408058,409261
409260,409261
388440,388977
388976,388977
278210,278211
279348,278211
278211,278212
277597,278212
276014,278213
278212,278213
276015,278214
278213,278214
278216,278217
279349,278217
279000,278218
277598,278218
278218,278219
279001,278219
278219,278220
279842,278220
278220,278221
280164,278221
278221,278222
280330,278222
276016,278225
278374,278225
278225,278226
279353,278226
278226,278227
278375,278227
388785,388978
388977,388978
387638,388979
388978,388979
539648,540417
539246,540417
540005,540418
540907,540418
539650,540420
540295,540420
541073,540421
541873,540421
387260,388980
388979,388980
409270,409462
409973,409462
409462,409463
410660,409463
327882,327880
328632,327880
540591,540582
541562,540582
540582,540583
541074,540583
539849,540584
540583,540584
540427,540585
540584,540585
539379,540586
540585,540586
538475,540587
540586,540587
540428,540588
541696,540588
540588,540589
541287,540589
539495,540590
540589,540590
540590,540591
538344,540591
408594,409617
408941,409617
410135,409617
409617,409618
410636,409618
409618,409619
410637,409619
408942,409620
409619,409620
407231,409621
409620,409621
407654,409622
409621,409622
409105,409623
409622,409623
409623,409624
409629,409624
409624,409625
410485,409625
409625,409626
411100,409626
409626,409627
410486,409627
410808,409627
408796,409628
409627,409628
408054,409630
408657,409630
410136,409631
410640,409631
408658,409632
409257,409632
408371,409633
409632,409633
408806,409637
409264,409637
409449,409638
409637,409638
409638,409639
410303,409639
408065,409640
408809,409640
409826,409641
411256,409641
408953,409642
409641,409642
408383,409643
409267,409643
409642,409643
408216,409644
409643,409644
407668,409645
409644,409645
407875,409646
409645,409646
405297,409647
409646,409647
404806,409648
409647,409648
409460,409652
409970,409652
279165,278674
279682,278674
278674,278675
278997,278675
278025,278678
279005,278678
279168,278679
279850,278679
278679,278680
278839,278680
409446,409817
410301,409817
409445,409818
409817,409818
409825,409826
411113,409826
540575,540907
542871,540907
541285,540909
543040,540909
278998,278834
279350,278834
279004,278837
279686,278837
410817,409958
410818,409958
409820,409959
409958,409959
410302,409959
408952,409961
409450,409961
409961,409962
410142,409962
409962,409963
410305,409963
410308,409968
410823,409968
410155,409972
410951,409972
409653,409974
410330,409974
409273,409975
409974,409975
547688,541069
545321,541069
540421,541070
541069,541070
540007,541071
541070,541071
539839,541072
541071,541072
541695,541074
542034,541074
277312,278995
278671,278995
278223,279002
278835,279002
409953,410132
410634,410132
408940,410133
410132,410133
410133,410134
409443,410134
410134,410135
411243,410135
411104,410137
411105,410137
410140,410138
411799,410138
410138,410139
410820,410139
410151,410146
410650,410146
410146,410147
410825,410147
409823,410148
410147,410148
409454,410149
410148,410149
408214,410150
410149,410150
409824,410151
411112,410151
410497,410155
410659,410155
536302,541253
541869,541253
541253,541254
541870,541254
540906,541255
541254,541255
541255,541256
542705,541256
541256,541257
546090,541257
541257,541258
539247,541258
541555,541259
541258,541259
540153,541260
541259,541260
538606,541260
541067,541260
539492,541261
541260,541261
541261,541262
538316,541262
537730,541263
541262,541263
536455,541264
541263,541264
541264,541265
537219,541265
536626,541266
541265,541266
537731,541267
541266,541267
538790,541268
541267,541268
546844,541269
540418,541269
541268,541269
539372,541270
541269,541270
539373,541271
541270,541271
541271,541272
542389,541272
541272,541273
542026,541273
540419,541274
541273,541274
539375,541275
539836,541275
541274,541275
537398,541276
541275,541276
536628,541277
541276,541277
536088,541278
541277,541278
541282,541283
542033,541283
540300,541284
541283,541284
278672,279161
279162,279161
408823,410315
414968,410315
409271,410316
410315,410316
410316,410317
410661,410317
408817,410318
410317,410318
409463,410319
410318,410319
407536,410320
407676,410320
410319,410320
407535,410321
410320,410321
406590,410322
410321,410322
405844,410323
410322,410323
404493,410324
410323,410324
410324,410325
405999,410325
403523,410326
410325,410326
403970,410327
410326,410327
402548,410328
410327,410328
278995,279338
279161,279338
279338,279339
279680,279339
280530,279339
279339,279340
280319,279340
279340,279341
281249,279341
279341,279342
280687,279342
279342,279343
282244,279343
279343,279344
281250,279344
279344,279345
281070,279345
279345,279346
282418,279346
542015,541552
542016,541552
409954,410483
410807,410483
410484,410485
411099,410485
542192,541560
541559,541560
541878,541561
541560,541561
409966,410491
409967,410491
410145,410491
351833,352427
353252,352427
353253,352427
351834,352428
352427,352428
409960,410644
410141,410644
410644,410645
410821,410645
408951,410646
409821,410646
408807,410647
409964,410647
410306,410647
411422,410650
411423,410650
409969,410652
410492,410652
411114,410652
409828,410656
410655,410656
409829,410657
410656,410657
410657,410658
411809,410658
351128,352437
351639,352437
352437,352438
353462,352438
352438,352439
353832,352439
483511,483512
477770,483512
352440,352441
348236,352441
350588,352441
352441,352442
353977,352442
352442,352443
352601,352443
483515,483516
474728,483516
352444,352445
356679,352445
352445,352446
353979,352446
352446,352447
357210,352447
357211,352447
278831,279680
279679,279680
285430,286915
286777,286915
285271,286916
286778,286916
286916,286917
288379,286917
541066,541860
541859,541860
541554,541861
541860,541861
542024,541861
542702,541862
541861,541862
541862,541863
543540,541863
540294,541864
541863,541864
541864,541865
542184,541865
541865,541866
543360,541866
542703,541867
542704,541867
541866,541867
539833,541868
541867,541868
540417,541869
541868,541869
411109,410811
411248,410811
409957,410812
410811,410812
409819,410813
410812,410813
410813,410814
409447,410814
408802,410815
410814,410815
411253,410824
411254,410824
410309,410825
410824,410825
280531,279838
280532,279838
278372,279839
279347,279839
279839,279840
280029,279840
279355,279844
279848,279844
279167,279845
279844,279845
279845,279846
280165,279846
279354,279847
279846,279847
412130,410941
412263,410941
410819,410942
410941,410942
410312,410944
410826,410944
410495,410947
411116,410947
410947,410948
411808,410948
410153,410949
410948,410949
540151,542022
542021,542022
538787,542023
542022,542023
542553,542028
542185,542028
542028,542029
543364,542029
541280,542030
542029,542030
410639,411087
411097,411087
410638,411088
411087,411088
411088,411089
411660,411089
411089,411090
413648,411090
411090,411091
412627,411091
411091,411092
411661,411092
411092,411093
411408,411093
411093,411094
411662,411094
411094,411095
411246,411095
411095,411096
411101,411096
411667,411104
412129,411104
411785,411105
412261,411105
410642,411106
410810,411106
411414,411106
411106,411107
411786,411107
514009,516002
514764,516002
279356,280167
280695,280167
280167,280168
279687,280168
280168,280169
280869,280169
279849,280170
280169,280170
412015,411255
412016,411255
410651,411256
411255,411256
542551,542386
543887,542386
542385,542387
542386,542387
542025,542388
542387,542388
541068,542389
542388,542389
541556,542392
542186,542392
542392,542393
542555,542393
543203,542393
541693,542394
542187,542394
540423,542395
542394,542395
280688,280320
280689,280320
282036,280320
278996,280321
279681,280321
280320,280321
278371,280322
280321,280322
279836,280323
280322,280323
281072,280325
281073,280325
279163,280326
280325,280326
279683,280328
279684,280328
281078,280329
281253,280329
281387,280329
410488,411412
409444,411412
410299,411413
411412,411413
412011,411417
412271,411417
411417,411418
413013,411418
411418,411419
412272,411419
411250,411420
411419,411420
410493,411426
410945,411426
411119,411430
411435,411430
411430,411431
412428,411431
411431,411432
412645,411432
410662,411433
411432,411433
411433,411434
412021,411434
542390,542551
542706,542551
280031,280536
280032,280536
280535,280537
280536,280537
280537,280538
281386,280538
280538,280539
281760,280539
280539,280540
281544,280540
280540,280541
281919,280541
280328,280542
280541,280542
280542,280543
281545,280543
279841,280544
280543,280544
280329,280545
280544,280545
544683,542703
543200,542703
409814,411663
410487,411663
410307,411670
411111,411670
412138,411673
412279,411673
411117,411674
411673,411674
409971,411675
411674,411675
345411,345412
347223,345412
279678,280687
280529,280687
280324,280689
281071,280689
278222,280690
280859,280690
281079,280691
281254,280691
411794,411788
412634,411788
411108,411789
411788,411789
411787,411790
411789,411790
411790,411791
413006,411791
411668,411792
411791,411792
409818,411793
411792,411793
411795,411794
412635,411794
543358,542869
543535,542869
411797,411798
413791,411798
411416,411800
412009,411800
543888,542873
542872,542873
543542,542874
542873,542874
411672,411803
412275,411803
411426,411804
413019,411804
411804,411805
412642,411805
542708,542878
542877,542878
410494,411807
411806,411807
412282,411810
412283,411810
411810,411811
412281,411811
280858,280859
282044,280859
278224,280861
279003,280861
280861,280862
280035,280862
280170,280863
280868,280863
280166,280864
280863,280864
281764,280865
280864,280865
280865,280866
282046,280866
280866,280867
282426,280867
281080,280868
281546,280868
542557,543044
542558,543044
543044,543045
543207,543045
543043,543046
543045,543046
264901,265271
265738,265271
395556,396345
396344,396345
393431,393432
392819,393432
395918,396346
396345,396346
395919,396347
396346,396347
396128,396348
397043,396348
412417,412010
413956,412010
411801,412011
412010,412011
307915,308969
308476,308969
264590,265285
265284,265285
305417,308981
308980,308981
410809,412124
411664,412124
411665,412126
411784,412126
410641,412127
412126,412127
411411,412128
412127,412128
301265,308987
308986,308987
411420,412132
414135,412132
411252,412135
412134,412135
281251,281072
281759,281072
281074,281073
281542,281073
280327,281075
280534,281075
281075,281076
281077,281076
412269,412270
413011,412270
413337,412271
413338,412271
543359,543360
543886,543360
542554,543365
544695,543365
548638,543365
543365,543366
543692,543366
543039,543367
543366,543367
541874,543368
543367,543368
542031,543369
543368,543369
542030,543370
543369,543370
543370,543371
540157,543371
543371,543372
539377,543372
540422,543373
543372,543373
543373,543374
539249,543374
543374,543375
539248,543375
543375,543376
537882,543376
537400,543377
543376,543377
537399,543378
543377,543378
537565,543379
543378,543379
544985,543380
543204,543380
543544,543381
544696,543381
280030,281252
280856,281252
411663,412409
412124,412409
411409,412410
412409,412410
412410,412411
412628,412411
413952,412413
414787,412413
412413,412414
412637,412414
411796,412415
412414,412415
411249,412416
412264,412416
413497,412420
413496,412420
412018,412421
412420,412421
412274,412422
412421,412422
543687,543536
543199,543536
543536,543537
544681,543537
543537,543538
544682,543538
543538,543539
542870,543539
544697,543546
544698,543546
543041,543547
543546,543547
542397,543548
543547,543548
541876,543549
543548,543549
330128,332346
332345,332346
543543,543693
543205,543693
543693,543694
542188,543694
543694,543695
543206,543695
412005,412629
413004,412629
412006,412630
412629,412630
413174,412634
413950,412634
411802,412639
412014,412639
286057,287243
287061,287243
287243,287244
287760,287244
287244,287245
288120,287245
544984,543887
545316,543887
543697,543890
545748,543890
543890,543891
544986,543891
544834,543892
545175,543892
542400,543893
543550,543893
281762,281761
282045,281761
413335,413008
414407,413008
413341,413016
413661,413016
412136,413017
413016,413017
413017,413018
413662,413018
413018,413019
413962,413019
412280,413021
413022,413021
282037,282035
282585,282035
281541,282036
282035,282036
282424,282041
282425,282041
282041,282042
282589,282042
282042,282043
283305,282043
411407,413168
411783,413168
414248,413172
415755,413172
415083,413176
414126,413176
412639,413180
413495,413180
413180,413181
414138,413181
412013,413182
413181,413182
412273,413183
413182,413183
413183,413184
414409,413184
413184,413185
413959,413185
413015,413186
413185,413186
416192,413186
412012,413187
413186,413187
411421,413188
413187,413188
281383,282241
282034,282241
281540,282242
282241,282242
281248,282244
282740,282244
412632,413334
413173,413334
439486,440272
441560,440272
440273,440274
443295,440274
440274,440275
439187,440275
440275,440276
440280,440276
440276,440277
438431,440277
440277,440278
438252,440278
440278,440279
437619,440279
309468,309209
310893,309209
282245,282415
283055,282415
281385,282416
281758,282416
282415,282416
282416,282417
283299,282417
281384,282418
282417,282418
281918,282419
282741,282419
411671,413495
412418,413495
282423,282424
283061,282424
282899,282425
283062,282425
413663,413498
414657,413498
413498,413499
414141,413499
412423,413500
413499,413500
411427,413501
413500,413501
412424,413502
412425,413502
413020,413503
413190,413503
507955,507289
507956,507289
345626,345803
345802,345803
374182,374761
374183,374761
504989,505834
504990,505834
543380,544687
545173,544687
544687,544688
542878,544688
542707,544689
544688,544689
544689,544690
546524,544690
544690,544691
545541,544691
544691,544692
545172,544692
542393,544693
544692,544693
544686,544694
544693,544694
544694,544695
542876,544695
542710,544699
543208,544699
413168,413634
414122,413634
413169,413635
413634,413635
413635,413636
414390,413636
412259,413637
413636,413637
413637,413638
412003,413638
411244,413639
413638,413639
410635,413640
411245,413640
413639,413640
410806,413641
413640,413641
412004,413642
413641,413642
413945,413642
412408,413643
413642,413643
413643,413644
413946,413644
413644,413645
413647,413645
413645,413646
414123,413646
414404,413651
414405,413651
413651,413652
413654,413652
413652,413653
413948,413653
413334,413655
414250,413655
413957,413659
414793,413659
488541,489832
489831,489832
507119,507290
507289,507290
286401,287399
287398,287399
545532,544826
543688,544826
544826,544827
545169,544827
544827,544828
545534,544828
544828,544829
543201,544829
545545,544835
544987,544835
545871,544836
544852,544836
543042,544837
544835,544837
544836,544837
542398,544838
544837,544838
542190,544838
540581,544839
544838,544839
544839,544840
540013,544840
544840,544841
540014,544841
544841,544842
538608,544842
543893,544844
544988,544844
545749,544845
544844,544845
544699,544846
544845,544846
544846,544847
546093,544847
544843,544848
544847,544848
546701,544849
544848,544849
543046,544850
544849,544850
544850,544851
542883,544851
544851,544852
542882,544852
283303,282742
283661,282742
284023,282743
283057,282743
282586,282743
282900,282745
282901,282745
282251,282746
282748,282746
282592,282747
282746,282747
352281,352972
352971,352972
483104,484045
484044,484045
352973,352974
350733,352974
484046,484047
482396,484047
545872,544988
544853,544988
483834,484048
484047,484048
413331,413947
413486,413947
412419,413961
413189,413961
413504,413963
413794,413963
282891,282892
283056,282892
282892,282893
282897,282893
281543,282894
282893,282894
282420,282895
282894,282895
282742,282896
282895,282896
545533,545169
546253,545169
546856,545173
545868,545173
413633,414118
414247,414118
414931,414118
413485,414119
414118,414119
414119,414120
414932,414120
412626,414121
414120,414121
414121,414122
415234,414122
282243,283054
283297,283054
413491,414127
413955,414127
413658,414128
414127,414128
413179,414129
414128,414129
413659,414130
415090,414130
282422,283059
282587,283059
413014,414132
414131,414132
413792,414133
414132,414133
412638,414134
414133,414134
413493,414135
414134,414135
282744,283064
283455,283064
414253,414137
414794,414137
414137,414138
415245,414138
283667,283067
283066,283067
283067,283068
284028,283068
413796,414142
414263,414142
413795,414143
414142,414143
546696,545317
545539,545317
545317,545318
543202,545318
545866,545319
545318,545319
543889,545321
545320,545321
413333,414250
414249,414250
415446,414251
415759,414251
543892,545324
545323,545324
543545,545325
545324,545325
543382,545326
545325,545326
543549,545327
545326,545327
541557,545328
545327,545328
413340,414257
414256,414257
540909,545330
545329,545330
284021,283302
283301,283302
413947,414392
415080,414392
413786,414393
414392,414393
414393,414394
414933,414394
413649,414395
414394,414395
414395,414396
414785,414396
414934,414396
413170,414397
414396,414397
414397,414398
415236,414398
414398,414399
415602,414399
413650,414400
414399,414400
411096,414401
414400,414401
413171,414402
414401,414402
413332,414403
414402,414403
440446,440447
441111,440447
545171,545536
545745,545536
546697,545538
544831,545538
545538,545539
547142,545539
309186,309377
309779,309377
546091,545544
545543,545544
438267,440452
438441,440452
414124,414636
414391,414636
415237,414639
415445,414639
414639,414640
415238,414640
413788,414641
414640,414641
414649,414645
414935,414645
414645,414646
413489,414646
412633,414647
414646,414647
414647,414648
413488,414648
415086,414651
415450,414651
415088,414652
415452,414652
414652,414653
414655,414653
413336,414654
414653,414654
414408,414656
415244,414656
418635,418636
419827,418636
544825,545743
545742,545743
546998,545744
545743,545744
545544,545746
547323,545746
544833,545747
545746,545747
546256,545749
546375,545749
288386,287567
287566,287567
286919,287568
287567,287568
283859,283668
282747,283668
283668,283669
285281,283669
283070,283669
414937,414788
414938,414788
413954,414789
414788,414789
414651,414790
414789,414790
413007,414791
414790,414791
413008,414792
414791,414792
418645,414797
413964,414797
548133,545870
547486,545870
545870,545871
546374,545871
413503,414801
414800,414801
414260,414802
414801,414802
414262,414804
415096,414804
384635,384797
385337,384797
283670,283859
284421,283859
415085,414936
416390,414936
414936,414937
415449,414937
415626,414938
416184,414938
415451,414939
415629,414939
414939,414940
414129,414940
414940,414941
415630,414941
414941,414942
415087,414942
412270,414943
414942,414943
414654,414944
414943,414944
413960,414948
413660,414948
415455,414950
415456,414950
415093,414952
417655,414952
414952,414953
415632,414953
414804,414958
415637,414958
414958,414959
415778,414959
414261,414960
414959,414960
415250,414960
418009,414961
414960,414961
413966,414962
414961,414962
414143,414963
414962,414963
413023,414964
414963,414964
412020,414965
414964,414965
411429,414966
414965,414966
411811,414967
414966,414967
411434,414968
414967,414968
546521,546085
547840,546085
546085,546086
546999,546086
546086,546087
546254,546087
545315,546088
546087,546088
544684,546089
546088,546089
544829,546090
546089,546090
415077,415078
415439,415078
414637,415079
415078,415079
415079,415080
414125,415080
415089,415090
415762,415090
284024,284025
284747,284025
416717,415242
417649,415242
415242,415243
415997,415243
416396,415246
416565,415246
415095,415248
416002,415248
416003,415248
415248,415249
415777,415249
283664,284205
284204,284205
283454,284206
284205,284206
284206,284207
284751,284207
284207,284208
285071,284208
285646,284209
284208,284209
544832,546372
546371,546372
543539,546507
545744,546507
546507,546508
547828,546508
546508,546509
547672,546509
546509,546510
548124,546510
546516,546517
547829,546517
416182,415447
416389,415447
546519,546520
547832,546520
546690,546521
546520,546521
415998,415451
416186,415451
414954,415458
416206,415458
283848,284413
284564,284413
283053,284414
284413,284414
415758,415606
416179,415606
415606,415607
416386,415607
414786,415608
415607,415608
417083,415609
417210,415609
415609,415610
416180,415610
413951,415611
415610,415611
412636,415612
413175,415612
415611,415612
413790,415613
415612,415613
414251,415614
415613,415614
413176,415615
415614,415615
411669,415616
415615,415616
412415,415617
415616,415617
411110,415618
415617,415618
409635,415621
410942,415621
415620,415621
416185,415628
416394,415628
415627,415629
415628,415629
283300,284565
283849,284565
284565,284566
285428,284566
284566,284567
285871,284567
286914,284568
284567,284568
284568,284569
284909,284569
284569,284570
285872,284570
287401,284571
284570,284571
284571,284572
286208,284572
284572,284573
288104,284573
288814,284573
284573,284574
287053,284574
284574,284575
289199,284575
284575,284576
287054,284576
415596,415746
416163,415746
415233,415747
415746,415747
416559,415748
415747,415748
415597,415749
415748,415749
417806,415749
418470,415750
415749,415750
415750,415751
417512,415751
415598,415752
415751,415752
546836,546837
547002,546837
415458,415766
415765,415766
415633,415767
415766,415767
414411,415768
415767,415768
413502,415769
415768,415769
414658,415770
415769,415770
415094,415771
415770,415771
414412,415772
415771,415772
412426,415773
415772,415773
412643,415774
415773,415774
412277,415775
415774,415775
410658,415776
415775,415776
546851,546852
545537,546852
543691,546853
546852,546853
546847,546854
546853,546854
547315,546857
546525,546857
284022,284745
284578,284745
284745,284746
285270,284746
284201,284748
284202,284748
284748,284749
285873,284749
284749,284750
285431,284750
283853,284752
284210,284752
283304,284753
283854,284753
284752,284753
284417,284754
284753,284754
547313,547003
546698,547003
547318,547005
547846,547005
547004,547006
547005,547006
546699,547006
547484,547009
547848,547009
547009,547010
547847,547010
546092,547011
547010,547011
547011,547012
547325,547012
547012,547013
545332,547013
547013,547014
547692,547014
547014,547015
547691,547015
547015,547016
547690,547016
284416,284908
284744,284908
283850,284910
285069,284910
283851,284911
284910,284911
284577,284912
284911,284912
415076,415989
415753,415989
415235,415990
415599,415990
413646,415991
416169,415991
414636,415992
415991,415992
415992,415993
416378,415993
415635,416004
416399,416004
467303,467764
467763,467764
415990,416164
416915,416164
416164,416165
417359,416165
414782,416166
416165,416166
416166,416167
416916,416167
414783,416168
416167,416168
414784,416169
416168,416169
415600,416170
415601,416170
415440,416171
416170,416171
416171,416172
417081,416172
416183,416182
416718,416182
417216,416188
417652,416188
416189,416190
416721,416190
414946,416191
416190,416191
415453,416192
416191,416192
415091,416193
415454,416193
416929,416193
416193,416194
416930,416194
414947,416195
416194,416195
416197,416198
416724,416198
416198,416199
416931,416199
415092,416200
416199,416200
416200,416201
416397,416201
414410,416202
416201,416202
416202,416203
416398,416203
415631,416204
416203,416204
546372,547316
546857,547316
548005,547317
547316,547317
547007,547320
547689,547320
547320,547321
547482,547321
547319,547322
547321,547322
546700,547323
547322,547323
284019,285231
288529,285231
284743,285232
285231,285232
284020,285233
283054,285233
285232,285233
285066,285234
285233,285234
285234,285235
285645,285235
283452,285236
285235,285236
283298,285237
285236,285237
285237,285238
285427,285238
279346,285239
285238,285239
285239,285240
286206,285240
285240,285241
286207,285241
284415,285242
284908,285242
285241,285242
285242,285243
286776,285243
287052,285243
285243,285244
287561,285244
285244,285245
286913,285245
285245,285246
287562,285246
285246,285247
287756,285247
285247,285248
290524,285248
285248,285249
290525,285249
285249,285250
291743,285250
285250,285251
289525,285251
285251,285252
293279,285252
285252,285253
290296,285253
285253,285254
292103,285254
285254,285255
292985,285255
285255,285256
293280,285256
285256,285257
290858,285257
285257,285258
291546,285258
285258,285259
293657,285259
285259,285260
291933,285260
285260,285261
293853,285261
285261,285262
291393,285262
294209,285262
292824,285262
285262,285263
293134,285263
285263,285264
293136,285264
285264,285265
294915,285265
285265,285266
294374,285266
285266,285267
295328,285267
285267,285268
295329,285268
285268,285269
296512,285269
283453,285273
285272,285273
285273,285274
285874,285274
285070,285275
285274,285275
285275,285276
286779,285276
285276,285277
285875,285277
287240,285278
285277,285278
415239,416382
415995,416382
416178,416383
416382,416383
416383,416384
417643,416384
417085,416389
417086,416389
548004,547477
547314,547477
547477,547478
547845,547478
548303,547479
547478,547479
547479,547480
547844,547480
545540,547481
547480,547481
547850,547485
548987,547485
547485,547486
547849,547486
505477,506328
507110,506328
417208,416562
417209,416562
416726,416568
417523,416568
416568,416569
417093,416569
417094,416570
417524,416570
416207,416571
416570,416571
506202,506336
506912,506336
506336,506337
507305,506337
505650,506338
505996,506338
506337,506338
505495,506339
506338,506339
548977,547673
549263,547673
547673,547674
547842,547674
547475,547675
547674,547675
546693,547676
547675,547676
546846,547677
547676,547677
545536,547678
547677,547678
546255,547679
547678,547679
547679,547680
544830,547680
546854,547681
547680,547681
547681,547682
543690,547682
547682,547683
542875,547683
547683,547684
542552,547684
542027,547685
547684,547685
541692,547686
547685,547686
541872,547687
547686,547687
540420,547688
547687,547688
416173,416707
416174,416707
416918,416708
418160,416708
416708,416709
417984,416709
416175,416710
416709,416710
415444,416711
416710,416711
415604,416712
415756,416712
416387,416714
417211,416714
417212,416715
417515,416715
416181,416716
416715,416716
502121,502703
502886,502703
547306,547827
548625,547827
546689,547828
547827,547828
548301,547833
549605,547833
547833,547834
546692,547834
548000,547835
547834,547835
547835,547836
546691,547836
547836,547837
548441,547837
547001,547838
547837,547838
547999,547839
547838,547839
548780,547839
547000,547840
547839,547840
416913,416914
417513,416914
416705,416915
416914,416915
415994,416917
416560,416917
416391,416920
417214,416920
416392,416921
416920,416921
416393,416922
416921,416922
416922,416923
416925,416923
416923,416924
417814,416924
285229,285867
284563,285867
285230,285868
285867,285868
285426,285869
285868,285869
283659,285870
285067,285870
287404,285878
286211,285878
415993,417039
420320,417039
417039,417040
417809,417040
416706,417041
417040,417041
416917,417042
417041,417042
418472,417042
417042,417043
424273,417043
417043,417044
417640,417044
417044,417045
430645,417045
417045,417046
417982,417046
416172,417047
417046,417047
416707,417048
417047,417048
417048,417049
422534,417049
415754,417050
417049,417050
417050,417051
417082,417051
415442,417052
417051,417052
415441,417053
417052,417053
414403,417054
417053,417054
412411,417055
417054,417055
417055,417056
418483,417056
416711,417057
417056,417057
412630,417058
417057,417058
414638,417059
417058,417059
413787,417060
417059,417060
412125,417061
417060,417061
412007,417062
417061,417062
412128,417063
417062,417063
413172,417064
417063,417064
412260,417065
412631,417065
417064,417065
412412,417066
417065,417066
411413,417067
417066,417067
411666,417068
417067,417068
409633,417069
417068,417069
414641,417070
417069,417070
413789,417071
417070,417071
408799,417072
417071,417072
409634,417073
417072,417073
413653,417074
417073,417074
408800,417075
417074,417075
417075,417076
411103,417076
410137,417077
417076,417077
407242,417078
417077,417078
407661,417079
417078,417079
407660,417080
417079,417080
417646,417083
417647,417083
417648,417084
419318,417084
416928,417089
417653,417089
416395,417090
417089,417090
415763,417091
417090,417091
285068,286029
286031,286029
286029,286030
286402,286030
284746,286032
284912,286032
285429,286033
286032,286033
286915,286034
286033,286034
284576,286035
286034,286035
288692,286035
286035,286036
290299,286036
286036,286037
290697,286037
286037,286038
291016,286038
286038,286039
288106,286039
286039,286040
287757,286040
286917,286041
286040,286041
286041,286042
290530,286042
286042,286043
293137,286043
286043,286044
290861,286044
286044,286045
292463,286045
286918,286046
286782,286046
287059,286048
285648,286048
284581,286049
286048,286049
284211,286050
286049,286050
285073,286051
286050,286051
282745,286052
286051,286052
281761,286053
286052,286053
284916,286055
285282,286055
285879,286056
286055,286056
285880,286057
286056,286057
417985,417207
417642,417207
417645,417210
418915,417210
417092,417218
418168,417218
417218,417219
417992,417219
418488,417220
418628,417220
419142,417220
417220,417221
421537,417221
417221,417222
417236,417222
416566,417223
417222,417223
416196,417224
417223,417224
414950,417225
417224,417225
417225,417226
418173,417226
417226,417227
414139,417227
415457,417228
417227,417228
414257,417229
417228,417229
410944,417230
411803,417230
412641,417230
417229,417230
410311,417231
417230,417231
411425,417232
417231,417232
410310,417233
417232,417233
409268,417234
417233,417234
412422,417235
417234,417235
416933,417238
417522,417238
285865,286199
287049,286199
284412,286200
286199,286200
285866,286201
286200,286201
285065,286202
286201,286202
286202,286203
287050,286203
287237,286204
286203,286204
286216,286213
285651,286213
285650,286214
286213,286214
286214,286215
286921,286215
364489,365032
364842,365032
417207,417361
419134,417361
416381,417362
417361,417362
416176,417363
417362,417363
416712,417364
417363,417364
417364,417365
418161,417365
415757,417366
417365,417366
417366,417367
418162,417367
416177,417368
417367,417368
415761,417371
416000,417371
417371,417372
418318,417372
416563,417373
417372,417373
416932,417375
417994,417375
417375,417376
417821,417376
548645,548450
548449,548450
548006,548451
548450,548451
548007,548452
548451,548452
547483,548453
548452,548453
547008,548454
548453,548454
547324,548455
548454,548455
438577,440941
439488,440941
440940,440941
440283,440947
440946,440947
417087,417516
417213,417516
416719,417518
417215,417518
415760,417519
415999,417519
549132,548627
549133,548627
548302,548628
548627,548628
548628,548629
549442,548629
548978,548630
550945,548630
548630,548631
549863,548631
548631,548632
548003,548632
548632,548633
549443,548633
546855,548634
548633,548634
548629,548635
548634,548635
547003,548636
548635,548636
545867,548637
548636,548637
547481,548638
548637,548638
547317,548640
552678,548640
548447,548642
549266,548642
548642,548643
549265,548643
548641,548644
548643,548644
548984,548646
549141,548646
548646,548647
549444,548647
548647,548648
549867,548648
548648,548649
550788,548649
548649,548650
551076,548650
548650,548651
551382,548651
548651,548652
550148,548652
548652,548653
550035,548653
364160,364161
365235,364161
417518,417650
417519,417650
417650,417651
417991,417651
286212,286604
286920,286604
415243,415448
415447,415448
416919,417812
417517,417812
417812,417813
417989,417813
416926,417816
417815,417816
416927,417817
417816,417817
417656,417823
418176,417823
417239,417824
417823,417824
416727,417825
417824,417825
417825,417826
417828,417826
417525,417827
417826,417827
287758,286781
288384,286781
286601,286782
286781,286782
397336,397992
397991,397992
549253,548976
549440,548976
548444,548977
548976,548977
548782,548978
549608,548978
548639,548979
549134,548979
548979,548980
549864,548980
548985,548984
549445,548984
397798,397994
398490,397994
507589,507108
508086,507108
418159,417983
418616,417983
285870,286913
286030,286913
417527,417999
417832,417999
417999,418000
418496,418000
416573,418001
418000,418001
418001,418002
418495,418002
418002,418003
418178,418003
417998,418004
418003,418004
416572,418005
418004,418005
416402,418006
418005,418006
415461,418007
418006,418007
414957,418008
418007,418008
414414,418009
418008,418009
548459,549136
549613,549136
548458,549137
549136,549137
549137,549138
549267,549138
548784,549139
549138,549139
548986,549140
549139,549140
548457,549141
549140,549141
505830,507113
507112,507113
286600,287056
287055,287056
287060,287059
288119,287059
287571,287061
286784,287061
417206,418157
418156,418157
417808,418158
418157,418158
417811,418165
418311,418165
418489,418169
419144,418169
417237,418170
418169,418170
416567,418171
418170,418171
415764,418172
418171,418172
415247,418173
418172,418173
549607,549254
549745,549254
548626,549255
549254,549255
549255,549256
549441,549256
548781,549257
549256,549257
549257,549258
550295,549258
549131,549259
549258,549259
550294,549259
549259,549260
549862,549260
548001,549261
549260,549261
547310,549262
549261,549262
549262,549263
549606,549263
549610,549266
549865,549266
415752,418296
415989,418296
417639,418296
418296,418297
418614,418297
418297,418298
419129,418298
418298,418299
418471,418299
418299,418300
420514,418300
418300,418301
419310,418301
420648,418301
418301,418302
420515,418302
417986,418307
418309,418307
419315,418307
417370,418308
418307,418308
417516,418312
418165,418312
418312,418313
418485,418313
419319,418313
417813,418314
418313,418314
417520,418317
418166,418317
418167,418320
418923,418320
418320,418321
419140,418321
417819,418322
418321,418322
418322,418323
419821,418323
418323,418324
418626,418324
417822,418325
418174,418325
418325,418326
418630,418326
417996,418329
418493,418329
286598,287396
286774,287396
287966,287397
288531,287397
287400,287398
287397,287398
418904,418474
419660,418474
418474,418475
419456,418475
418475,418476
419133,418476
417983,418477
418476,418477
417641,418478
418477,418478
417360,418479
418478,418479
416379,418480
418479,418480
416380,418481
418480,418481
415443,418482
418481,418482
415603,418483
418482,418483
419143,418487
419667,418487
417993,418488
418487,418488
266371,267078
266372,267078
549744,549602
550783,549602
549439,549603
549602,549603
549603,549604
549743,549604
548443,549605
549604,549605
385982,384923
386113,384923
417810,418620
417987,418620
419317,418621
418917,418621
417990,418623
418486,418623
418315,418624
418623,418624
419321,418626
419322,418626
418175,418632
418631,418632
418327,418633
418632,418633
419324,418633
418925,418635
418634,418635
288115,287566
288696,287566
418330,418639
418638,418639
417997,418640
418639,418640
417831,418641
418640,418641
417241,418642
418641,418642
417095,418643
418642,418643
416208,418644
418643,418644
416934,418645
418644,418645
371103,375611
375610,375611
267359,267083
267082,267083
371596,375617
373149,375617
375616,375617
372546,375618
375617,375618
266900,267085
267196,267085
372547,375623
375622,375623
384619,384928
385098,384928
375628,375629
376458,375629
375257,375635
373766,375635
374498,375635
287239,287755
287967,287755
287755,287756
288684,287756
375640,375641
376796,375641
375087,375644
375643,375644
374763,375645
375644,375645
506717,506718
508276,506718
375646,375647
373305,375647
375647,375648
372966,375648
370585,375649
375648,375649
370429,375650
375649,375650
503048,506723
506722,506723
420322,418904
420650,418904
375651,375652
370956,375652
418308,418909
420521,418909
418306,418910
418909,418910
418910,418911
419665,418911
418908,418912
418911,418912
417644,418913
418912,418913
416713,418914
418913,418914
418310,418916
418619,418916
371609,375654
375653,375654
370430,375655
375654,375655
418326,418924
419826,418924
504578,506733
507439,506733
507441,506733
549609,550032
550033,550032
549612,550037
550789,550037
550037,550038
550036,550038
550038,550039
551240,550039
506342,506739
507612,506739
549611,550148
549866,550148
417807,419129
418295,419129
418905,419134
418303,419134
418921,419138
420121,419138
419139,419140
419820,419140
419824,419142
420530,419142
418328,419146
419470,419146
417995,419147
419146,419147
419147,419148
419668,419148
417829,419149
419148,419149
418177,419150
419149,419150
287402,288105
286209,288105
287564,288106
288105,288106
288385,288108
288694,288108
287565,288109
288108,288109
288109,288110
288816,288110
286602,288111
287058,288111
288110,288111
286403,288112
288111,288112
287759,288113
288112,288113
289014,288113
285876,288114
288113,288114
288536,288115
289532,288115
287569,288116
288388,288116
287242,288117
288116,288117
286404,288118
288117,288118
550666,550289
550291,550289
549130,550290
550289,550290
420324,419316
421200,419316
418919,419319
419461,419319
380643,376219
376218,376219
288377,288378
289184,288378
287560,288378
289529,288381
289736,288381
288380,288382
288381,288382
419141,419466
420866,419466
419466,419467
419823,419467
419467,419468
419968,419468
376223,376224
379596,376224
288378,288521
288982,288521
288522,288523
290135,288523
550146,550668
550667,550668
289201,288386
289739,288386
288525,288526
288983,288526
288526,288527
288530,288527
285869,288528
288527,288528
287399,288529
288528,288529
549615,550676
550042,550676
550149,550677
550676,550677
550299,550678
550677,550678
420321,419659
420856,419659
419659,419660
419815,419660
420861,419661
422543,419661
419661,419662
420859,419662
418618,419663
419662,419663
420518,419664
421367,419664
419664,419665
422834,419665
358570,358772
358771,358772
550444,550786
551073,550786
549264,550787
550786,550787
357776,358773
358772,358773
357226,358774
358773,358774
287563,288685
288813,288685
287968,288686
288685,288686
288534,288687
288686,288687
289341,288687
288687,288688
288691,288688
289342,288688
288688,288689
290297,288689
288689,288690
289198,288690
289527,288692
289731,288692
289202,288695
289533,288695
288695,288696
290139,288696
418617,419817
418906,419817
419145,419825
419469,419825
419970,419826
420126,419826
550147,550943
550443,550943
550943,550944
551565,550944
550944,550945
551237,550945
551238,550946
551682,550946
550040,550947
550674,550947
420858,419947
421362,419947
419459,419951
419460,419951
420328,419951
419951,419952
419957,419952
419952,419953
421521,419953
421698,419953
419953,419954
419958,419954
419954,419955
419959,419955
419955,419956
421699,419956
419966,419962
420527,419962
418922,419963
419962,419963
419465,419964
419963,419964
418319,419965
419964,419965
419152,419971
419669,419971
419972,419973
420670,419973
419325,419974
419973,419974
550675,551077
550678,551077
549614,551078
551077,551078
550447,551079
551078,551079
550947,551080
551079,551080
551080,551081
552149,551081
551081,551082
552679,551082
551082,551083
552982,551083
288981,288982
290515,288982
290532,288986
277595,288986
287056,288987
288986,288987
288987,288988
290138,288988
288988,288989
290300,288989
288989,288990
290867,288990
288535,288991
288990,288991
288991,288992
289735,288992
285278,288993
288992,288993
284209,288994
288993,288994
284754,288995
285279,288995
288994,288995
285280,288996
288995,288996
287241,288997
288996,288997
287057,288998
288997,288998
288382,288999
288998,288999
286780,289000
288999,289000
284914,289001
289000,289001
286046,289002
289001,289002
284418,289003
289002,289003
289003,289004
271761,289004
283666,289005
289004,289005
284419,289006
289005,289006
286047,289007
289006,289007
284027,289008
289007,289008
288114,289009
289008,289009
289009,289010
285647,289010
287568,289011
289010,289011
289011,289012
283068,289012
285072,289013
289012,289013
419458,420118
420117,420118
288682,289182
289339,289182
289181,289183
289182,289183
288984,289186
289729,289186
289186,289187
289523,289187
289187,289188
289197,289188
288532,289189
289188,289189
287754,289190
289189,289190
288533,289191
289190,289191
287051,289192
289191,289192
286205,289193
289192,289193
286775,289194
289193,289194
287238,289195
289194,289195
289195,289196
289524,289196
289015,289203
288537,289203
289203,289204
289534,289204
288817,289205
289204,289205
289205,289206
290305,289206
288538,289208
288818,289208
289208,289209
290306,289209
288698,289210
289209,289210
550034,551377
551380,551377
551377,551378
550673,551378
551378,551379
551826,551379
418302,420315
426431,420315
419130,420316
420315,420316
419131,420317
420316,420317
418158,420318
420317,420318
418615,420319
420318,420319
419132,420320
420319,420320
421871,420323
421872,420323
419950,420325
420524,420325
420325,420326
421201,420326
440648,441425
441254,441425
418164,420328
420327,420328
418314,420329
419956,420329
420329,420330
421203,420330
418920,420331
420330,420331
419137,420332
420331,420332
420333,420334
422095,420334
419462,420335
420334,420335
419320,420336
420335,420336
420336,420337
421052,420337
420337,420338
421053,420338
418624,420340
420339,420340
416924,420341
420340,420341
418316,420342
420341,420342
417817,420343
420342,420343
417088,420344
420343,420344
310355,310356
305055,310356
419818,420346
420345,420346
419463,420347
420346,420347
417651,420348
420347,420348
418317,420349
420348,420349
419819,420350
420349,420350
421057,420352
420351,420352
440790,441430
441259,441430
420360,420359
421064,420359
441869,441431
442244,441431
310359,310360
305563,310360
310363,310364
301918,310364
442061,441437
442062,441437
441437,441438
441440,441438
441438,441439
439499,441439
286204,288522
288521,288522
550933,550667
551818,550667
300204,310369
310368,310369
288523,288524
289340,288524
287396,288525
288524,288525
549868,550675
550041,550675
421194,420513
421195,420513
419455,420514
420513,420514
420522,420519
421368,420519
419949,420520
420519,420520
419948,420521
420520,420521
420359,420532
421550,420532
419670,420533
420532,420533
420533,420534
420672,420534
418647,420535
420534,420535
418494,420536
420535,420536
420671,420536
288812,289525
289526,289525
548653,551683
552148,551683
551381,551684
551683,551684
551568,551685
551684,551685
551685,551686
552323,551686
551686,551687
552980,551687
420115,420651
420516,420651
419960,420654
420119,420654
421058,420657
421701,420657
420657,420658
421207,420658
419961,420659
420658,420659
420659,420660
420864,420660
418636,420663
421545,420663
420663,420664
422842,420664
420357,420665
420664,420665
419828,420666
420665,420666
420666,420667
422103,420667
420127,420668
420667,420668
420129,420669
420358,420669
289185,289728
289522,289728
289528,289734
290302,289734
288693,289735
289734,289735
288815,289738
289343,289738
420116,420857
420652,420857
421365,420860
421366,420860
420517,420861
420860,420861
420124,420867
421061,420867
419969,420868
420867,420868
552142,551961
552520,551961
551068,551962
551961,551962
551962,551963
552519,551963
550781,551964
551963,551964
549857,551965
551964,551965
551379,551970
552532,551970
551075,551971
551970,551971
551376,551972
551971,551972
376270,376271
380094,376271
436889,421016
425096,421016
421016,421017
422831,421017
417369,421018
421017,421018
418304,421019
421018,421019
419314,421020
421019,421020
421020,421021
435036,421021
416384,421022
421021,421022
419663,421023
421022,421023
416561,421024
421023,421024
418163,421025
421024,421025
418305,421026
421025,421026
415996,421027
421026,421027
415081,421028
421027,421028
415082,421029
421028,421029
416562,421030
421029,421030
418914,421031
421030,421031
414643,421032
421031,421032
415605,421033
421032,421033
416385,421034
421033,421034
414644,421035
421034,421035
415608,421036
421035,421036
421036,421037
413487,421037
413655,421038
421037,421038
412262,421039
421038,421039
411107,421040
421039,421040
414648,421041
421040,421041
407862,421048
421047,421048
421524,421052
421878,421052
420354,421054
420655,421054
421054,421055
421525,421055
420526,421056
421055,421056
550039,552144
552325,552144
551569,552145
552144,552145
552145,552146
552981,552146
551827,552147
552146,552147
552147,552148
552849,552148
551383,552149
551384,552149
421012,421196
421694,421196
420523,421199
421050,421199
290682,290132
290856,290132
289970,290133
290132,290133
420353,421206
421205,421206
421547,421215
421703,421215
421215,421216
421546,421216
327055,332347
332346,332347
326098,332348
332347,332348
507288,507111
507766,507111
327056,332349
332348,332349
506329,507112
507111,507112
326099,332350
332349,332350
507113,507114
508088,507114
332351,332352
332948,332352
506726,507115
507114,507115
551570,552324
551973,552324
551828,552325
552324,552325
329508,332353
332352,332353
463425,463426
464914,463426
326423,332360
332359,332360
323950,332361
332360,332361
324999,332362
328051,332362
332361,332362
327710,332363
332362,332363
323951,332364
324499,332364
332363,332364
325509,332365
326424,332365
332364,332365
462892,463438
462893,463438
327712,332367
332366,332367
322833,332368
332367,332368
327552,332369
332368,332369
332942,332370
333831,332370
553353,552524
552847,552524
552524,552525
553354,552525
551566,552526
552525,552526
552526,552527
553531,552527
552527,552528
553792,552528
552528,552529
553355,552529
552322,552530
552529,552530
552533,552532
553356,552532
421014,421518
421867,421518
422093,421522
422341,421522
421522,421523
422094,421523
420865,421526
421208,421526
422101,421527
422554,421527
421527,421528
421538,421528
421211,421529
421528,421529
420529,421530
421529,421530
420662,421531
421530,421531
420123,421532
421531,421532
419323,421533
421532,421533
418627,421534
421533,421534
417820,421535
421534,421535
417521,421536
421535,421536
416723,421537
421536,421537
422343,421539
423129,421539
421062,421540
421541,421540
421542,421543
422346,421543
420355,421544
421543,421544
420356,421545
421544,421545
421704,421548
422350,421548
421548,421549
421934,421549
420870,421550
421549,421550
291014,290517
289971,290517
290695,290520
291391,290520
289730,290521
290520,290521
289196,290522
290521,290522
290522,290523
290857,290523
288683,290524
290523,290524
291549,290527
291934,290527
290527,290528
291219,290528
290528,290529
291395,290529
290529,290530
290531,290530
550946,552676
552675,552676
548980,552678
552677,552678
421063,421702
422110,421702
289728,290683
290517,290683
290683,290684
292100,290684
289972,290685
290684,290685
290518,290686
290685,290686
289973,290687
290686,290687
290687,290688
290691,290688
292460,290688
290688,290689
292817,290689
290689,290690
291930,290690
290692,290691
290136,290691
290519,290693
290137,290693
290693,290694
291388,290694
290694,290695
291389,290695
289737,290698
291019,290698
290698,290699
291396,290699
290699,290700
291220,290700
289738,290701
290700,290701
289344,290702
290701,290702
289530,290703
290702,290703
289531,290704
290703,290704
290704,290705
291221,290705
290705,290706
292469,290706
290304,290707
290706,290707
290707,290708
291222,290708
290708,290709
291398,290709
290709,290710
293662,290710
421866,421865
422528,421865
421202,421877
421697,421877
421210,421881
421882,421881
422556,421883
423586,421883
421883,421884
422345,421884
420125,421885
421884,421885
418924,421886
421885,421886
421886,421887
426828,421887
417654,421888
421887,421888
417376,421889
421888,421889
416725,421890
421889,421890
417238,421891
421890,421891
416205,421892
421891,421892
416204,421893
421892,421893
414140,421894
421893,421894
414953,421895
421894,421895
413793,421896
421895,421896
412276,421897
421896,421897
413501,421898
421897,421898
411807,421899
421898,421899
410654,421900
421899,421900
410314,421901
421900,421901
410950,421902
421901,421902
409650,421903
421902,421903
409649,421904
421903,421904
408671,421905
421904,421905
410152,421906
421905,421906
553793,552979
554172,552979
553234,552983
553928,552983
552439,552984
552983,552984
553927,552985
552438,552985
552984,552985
554715,552986
552985,552986
552850,552987
552986,552987
552150,552988
552680,552988
552987,552988
554061,552989
552988,552989
421917,421918
401178,421918
401032,421919
401033,421919
421918,421919
399919,421920
421919,421920
398784,421921
421920,421921
399248,421922
400447,421922
421921,421922
398488,421923
421922,421923
291543,290853
291217,290853
421925,421926
398163,421926
290854,290855
290131,290855
290526,290859
289974,290859
291547,290860
290859,290860
291550,290861
292987,290861
290303,290863
291018,290863
290863,290864
291937,290864
290301,290865
290864,290865
290865,290866
290862,290866
289733,290867
290866,290867
508765,513456
513455,513456
422701,422103
422702,422103
421933,422105
422985,422105
421702,422106
422986,422106
423431,422106
420669,422107
422106,422107
419830,422108
422107,422108
420869,422109
422108,422109
423135,422111
425421,422111
422111,422112
422557,422112
421214,422113
422112,422113
421216,422114
422113,422114
420536,422115
422114,422115
419326,422116
419974,422116
422115,422116
418926,422117
422116,422117
417657,422118
422117,422118
418331,422119
422118,422119
417096,422120
422119,422120
417526,422121
422120,422121
416210,422122
422121,422122
416209,422123
422122,422123
422123,422124
415636,422124
414803,422125
422124,422125
414956,422126
415460,422126
422125,422126
422126,422127
413965,422127
413505,422128
422127,422128
412644,422129
422128,422129
413191,422130
422129,422130
412019,422131
422130,422131
410952,422132
422131,422132
409831,422133
411428,422133
422132,422133
409461,422134
422133,422134
412427,422135
422134,422135
409972,422136
422135,422136
422136,422137
408389,422137
407675,422138
422137,422138
422138,422139
408388,422139
407674,422140
422139,422140
406589,422141
422140,422141
422141,422142
405658,422142
407882,422143
422142,422143
404812,422144
422143,422144
422144,422145
405659,422145
403044,422146
422145,422146
553929,553234
552990,553234
506505,513457
513456,513457
422682,422273
425573,422273
421519,422274
422273,422274
422274,422275
427636,422275
420118,422276
422275,422276
418916,422277
422276,422277
420653,422278
422277,422278
420323,422279
422278,422279
418620,422280
422279,422280
417514,422283
422282,422283
417988,422284
422283,422284
415623,422287
422286,422287
291541,291216
290130,291216
291939,291220
292106,291220
290140,291222
291020,291222
415624,422295
422294,422295
291746,291224
291023,291224
415448,422297
422296,422297
291399,291226
291024,291226
290533,291227
291226,291227
412416,422300
422299,422300
422300,422301
413657,422301
412265,422302
422301,422302
411800,422303
422302,422303
410645,422304
422303,422304
412266,422305
422304,422305
409639,422306
422305,422306
409265,422307
422306,422307
409108,422308
422307,422308
422308,422309
412131,422309
410304,422310
422309,422310
414792,422311
422310,422311
410646,422312
422311,422312
376219,376220
380644,376220
413010,422314
422313,422314
409963,422315
412268,422315
422314,422315
410489,422316
422315,422316
410647,422317
422316,422317
410143,422318
422317,422318
410144,422319
422318,422319
414944,422320
422319,422320
409965,422321
422320,422321
413012,422322
422321,422322
407526,422323
422322,422323
408808,422324
422323,422324
409640,422325
422324,422325
410648,422326
422325,422326
407057,422327
410649,422327
422326,422327
422327,422328
408666,422328
410822,422329
422328,422329
408066,422330
422329,422330
410490,422331
422330,422331
407251,422332
407667,422332
408380,422332
422331,422332
409822,422333
422332,422333
407527,422334
422333,422334
406175,422335
422334,422335
408381,422336
422335,422336
408382,422337
422336,422337
422337,422338
405649,422338
404489,422339
422338,422339
404143,422340
422339,422340
422344,422345
422840,422345
422105,422347
424499,422347
421371,422348
422347,422348
503270,502890
504998,502890
507300,507301
507782,507301
376229,376230
380251,376230
502448,502891
502890,502891
502891,502892
505331,502892
376240,376241
379304,376241
501965,502893
502892,502893
291927,291386
290855,291386
291738,291390
291932,291390
291390,291391
292313,291391
290696,291392
291394,291392
290298,291393
291392,291393
376246,376247
381227,376247
506506,513459
513458,513459
376250,376251
385331,376251
376252,376253
383920,376253
421696,422529
422974,422529
422529,422530
422973,422530
423117,422530
421360,422531
422530,422531
421517,422532
422531,422532
419313,422533
422532,422533
418473,422534
422533,422534
422976,422538
422091,422538
422538,422539
423415,422539
422539,422540
422833,422540
421364,422541
422540,422541
421049,422542
422541,422542
421363,422543
422542,422543
421873,422546
421874,422546
422683,422546
421875,422547
422546,422547
422698,422549
423285,422549
421540,422556
422841,422556
553231,553636
553358,553636
553636,553637
554174,553637
553637,553638
554374,553638
328968,329278
329277,329278
397789,398149
398148,398149
376264,376265
380788,376265
291216,291542
292457,291542
290852,291542
288690,291546
290860,291546
423121,422681
424102,422681
422681,422682
423417,422682
422547,422684
423706,422684
421876,422685
422684,422685
422685,422686
422978,422686
421520,422687
422686,422687
421051,422688
422687,422688
421877,422689
422688,422689
422548,422690
422689,422690
422690,422691
423582,422691
329278,329279
329825,329279
551083,553794
552989,553794
553794,553795
554884,553795
553232,553796
553233,553796
553795,553796
553796,553797
555016,553797
514613,515996
515995,515996
291387,291689
291542,291689
291689,291690
292981,291690
291690,291691
292458,291691
291691,291692
293268,291692
291692,291693
293652,291693
291693,291694
294620,291694
291694,291695
294369,291695
291695,291696
295806,291696
291696,291697
296331,291697
291697,291698
294790,291698
291698,291699
298021,291699
291699,291700
298369,291700
291700,291701
297209,291701
302100,291701
291701,291702
298022,291702
291702,291703
300494,291703
291703,291704
298792,291704
291704,291705
299287,291705
301738,291705
291705,291706
299667,291706
301739,291706
291706,291707
301913,291707
291707,291708
300495,291708
291708,291709
303897,291709
291709,291710
301121,291710
291710,291711
300833,291711
303605,291711
291711,291712
303606,291712
291712,291713
300958,291713
291713,291714
304673,291714
291714,291715
302275,291715
291715,291716
304904,291716
291716,291717
301743,291717
291717,291718
303774,291718
291718,291719
304061,291719
291719,291720
305048,291720
291720,291721
304905,291721
306284,291721
291721,291722
305406,291722
307278,291722
291722,291723
308478,291723
291723,291724
305561,291724
291724,291725
309201,291725
291725,291726
306285,291726
291726,291727
307044,291727
291727,291728
309625,291728
291728,291729
309998,291729
291729,291730
308972,291730
307279,291732
291731,291732
291732,291733
305921,291733
291733,291734
310704,291734
291734,291735
304678,291735
291735,291736
305051,291736
291739,291740
292314,291740
291740,291741
292461,291741
291741,291742
292102,291742
291742,291743
292655,291743
292107,291744
291022,291744
291744,291745
291021,291745
396352,398150
398149,398150
267078,267079
267080,267079
423701,422829
424478,422829
422829,422830
422088,422830
421361,422831
422830,422831
423423,422836
423883,422836
422836,422837
422979,422837
422555,422839
423286,422839
422983,422841
423287,422841
422704,422843
423136,422843
266897,267082
267081,267082
398154,398155
398153,398155
553357,553925
553532,553925
555324,553928
555446,553928
398156,398157
398611,398157
529231,529232
519609,529232
398783,398161
398942,398161
554604,555283
555282,555283
411798,415619
415618,415619
555283,555284
556962,555284
409959,415620
415619,415620
422537,422975
422832,422975
422703,422984
423428,422984
423430,422986
423587,422986
554266,554061
555018,554061
292094,291927
292653,291927
423279,423115
425690,423115
423115,423116
423865,423116
423869,423119
426436,423119
422977,423120
424763,423120
423120,423121
423418,423121
423583,423124
423881,423124
422981,423125
423711,423125
423125,423126
423425,423126
422843,423134
423897,423134
423134,423135
424142,423135
291544,292095
291928,292095
292095,292096
292982,292096
292096,292097
293653,292097
291218,292098
291737,292098
291929,292099
292098,292099
291552,292105
291938,292105
422835,423282
423123,423282
423882,423284
424485,423284
490460,489831
492735,489831
422972,423413
423412,423413
423581,423419
423878,423419
422700,423427
423131,423427
415779,415637
416403,415637
416404,415637
292455,292456
292980,292456
292456,292457
292811,292457
292989,292462
293284,292462
292462,292463
292988,292463
291551,292464
291936,292464
292105,292465
292663,292465
292317,292466
292465,292466
292993,292468
293139,292468
291397,292469
292468,292469
508283,507294
508773,507294
505491,507295
507294,507295
424497,423585
426452,423585
423585,423586
424136,423586
555019,554714
555922,554714
554062,554715
554714,554715
459086,459289
459288,459289
424101,423702
424762,423702
424276,423704
424277,423704
423704,423705
423877,423705
423705,423706
423707,423706
422695,423709
422696,423709
423281,423710
423709,423710
424283,423712
424284,423712
423127,423713
423712,423713
423717,423716
424500,423716
291548,292656
293281,292656
291015,292657
292656,292657
293282,292657
292104,292658
292657,292658
292658,292659
293480,292659
292659,292660
292661,292660
292662,292663
293138,292663
456746,459291
459290,459291
555127,554883
555445,554883
554883,554884
555017,554884
424097,423867
425250,423867
423577,423868
423867,423868
425559,423869
426795,423869
424759,423870
427151,423870
423579,423871
423870,423871
422975,423872
423871,423872
423872,423873
423874,423873
423419,423879
424103,423879
423420,423880
423879,423880
425266,423887
426615,423887
423894,423888
423887,423888
423126,423889
423888,423889
291931,292818
292654,292818
293272,292819
292818,292819
293663,292829
294035,292829
457766,459298
459297,459298
459298,459299
456399,459299
456864,459300
459299,459300
453945,459301
459300,459301
556830,555126
555280,555126
293656,292985
293852,292985
292316,292991
292827,292991
293485,292994
294380,292994
292318,292995
292994,292995
424640,424096
425068,424096
424483,424102
424651,424102
424278,424103
424764,424103
423880,424104
428006,424104
422691,424105
424104,424105
422692,424106
424105,424106
424106,424107
425408,424107
422693,424108
424107,424108
424108,424109
425695,424109
424109,424110
425696,424110
422694,424111
424110,424111
424111,424112
425258,424112
423122,424113
424112,424113
424113,424114
426803,424114
424114,424115
426804,424115
423708,424116
424115,424116
423710,424117
424116,424117
424117,424118
425697,424118
422697,424119
424118,424119
424119,424120
425259,424120
423282,424121
424120,424121
422342,424122
424121,424122
424122,424123
426442,424123
424123,424124
424484,424124
423283,424125
424124,424125
422097,424126
424125,424126
424126,424127
421206,424127
424127,424128
421369,424128
420654,424129
424128,424129
424494,424130
425415,424130
422099,424131
424130,424131
421526,424132
424131,424132
424280,424133
425580,424133
423584,424134
424133,424134
423885,424135
424134,424135
423426,424138
423895,424138
424138,424139
424659,424139
423130,424140
424139,424140
424768,424140
424288,424141
425422,424141
423718,424142
424141,424142
293135,293134
292825,293134
292319,293140
293307,293140
555284,555285
557470,555285
555285,555286
555921,555286
555286,555287
556553,555287
555287,555288
560240,555288
553638,555289
555288,555289
554524,555290
555289,555290
555290,555291
556449,555291
555291,555292
556552,555292
553925,555293
555292,555293
551687,555294
555293,555294
553635,555295
555294,555295
555295,555296
556448,555296
554173,555297
555296,555297
555297,555298
559579,555298
555298,555299
555126,555299
555299,555300
557870,555300
555300,555301
555920,555301
555301,555302
552848,555302
552531,555303
555302,555303
551972,555304
555303,555304
551567,555305
555304,555305
551074,555306
555305,555306
550446,555307
555306,555307
550445,555308
555307,555308
550032,555309
555308,555309
549135,555310
555309,555310
548640,555311
555310,555311
555311,555312
548445,555312
555312,555313
545322,555313
548644,555314
555313,555314
545174,555315
555314,555315
547006,555316
555315,555316
545542,555317
555316,555317
543695,555318
555317,555318
545747,555319
555318,555319
543696,555320
555319,555320
541875,555321
555320,555321
555321,555322
542881,555322
540908,555323
541284,555323
555322,555323
425069,424261
425070,424261
424261,424262
426597,424262
424262,424263
424474,424263
422971,424264
424263,424264
423410,424265
424264,424265
422272,424266
424265,424266
421695,424267
424266,424267
420855,424268
424267,424268
420649,424269
424268,424269
419943,424270
424269,424270
421359,424271
424270,424271
419311,424272
421013,424272
424271,424272
419312,424273
424272,424273
424477,424275
426603,424275
423886,424280
425698,424280
423427,424285
424140,424285
306551,306552
307441,306552
293269,293268
292812,293268
293276,293273
292821,293273
293273,293274
292820,293274
292101,293275
293274,293275
293479,293278
293851,293278
294026,293278
306552,306553
307250,306553
292991,293285
293660,293285
293285,293286
296342,293286
293286,293287
295117,293287
292990,293288
293287,293288
293288,293289
294375,293289
292464,293290
293289,293290
292826,293291
293290,293291
292315,293292
293291,293292
291017,293293
291935,293293
293292,293293
292466,293294
294033,293294
292467,293295
292992,293295
293294,293295
292828,293296
293295,293296
293296,293297
293661,293297
293297,293298
294918,293298
293298,293299
294629,293299
293299,293300
295118,293300
293300,293301
295812,293301
293302,293303
297631,293303
293303,293304
295941,293304
293304,293305
297422,293305
306553,306554
308471,306554
306555,306556
306876,306556
423866,424475
424641,424475
424475,424476
425248,424476
424648,424479
425100,424479
423875,424480
424479,424480
424480,424481
424761,424481
424486,424487
425575,424487
424487,424488
426443,424488
424488,424489
425103,424489
422550,424490
424489,424490
423884,424491
424490,424491
422551,424492
424491,424492
422552,424493
424492,424493
422699,424494
424493,424494
424658,424497
425107,424497
425109,424498
426619,424498
423429,424499
424498,424499
292986,293481
293482,293481
292998,293486
294041,293486
293486,293487
294634,293487
293487,293488
294633,293488
424095,424639
424473,424639
423413,424642
425693,424642
424642,424643
425251,424643
424643,424644
424755,424644
423699,424645
424644,424645
424099,424647
424646,424647
424650,424649
425405,424649
424496,424657
425586,424657
293133,293654
292822,293654
292984,293655
293277,293655
293856,293659
294626,293659
293659,293660
294213,293660
292664,293662
294214,293662
294040,293664
294216,293664
332933,332934
333073,332934
331952,332935
332934,332935
428292,424758
426605,424758
424758,424759
424760,424759
424281,424767
425584,424767
332944,332945
333076,332945
418918,420327
419136,420327
420326,420327
332945,332946
333290,332946
330514,332947
332166,332947
332946,332947
330515,332948
332947,332948
333620,332949
333621,332949
332598,332950
332949,332950
332599,332951
332950,332951
555916,555917
556551,555917
553924,555918
555917,555918
553230,555919
555918,555919
554373,555920
555919,555920
554375,555921
554712,555921
420338,420339
420862,420339
293857,293858
294627,293858
293858,293859
294628,293859
419666,420351
420350,420351
424645,425071
429594,425071
423414,425072
425071,425072
425072,425073
425097,425073
423578,425074
425073,425074
423118,425075
425074,425075
422679,425076
425075,425076
425076,425077
426601,425077
421518,425078
425077,425078
421868,425079
425078,425079
421015,425080
425079,425080
422680,425081
425080,425081
419944,425083
425082,425083
425083,425084
426602,425084
419457,425085
425084,425085
419945,425086
425085,425086
419946,425087
425086,425087
293275,294020
292819,294020
294371,294021
294020,294021
293654,294022
293655,294022
294022,294023
294623,294023
293850,294024
294023,294024
295332,294028
294027,294028
294624,294028
294916,294029
294028,294029
294212,294032
294031,294032
294798,294036
295119,294036
556447,556213
557210,556213
506197,507779
507778,507779
425407,425255
426441,425255
424652,425256
425255,425256
425256,425257
426608,425257
424767,425262
426808,425262
424656,425263
425262,425263
425264,425265
425581,425265
425265,425266
425416,425266
293478,294205
293848,294205
294210,294211
294793,294211
293861,294215
294922,294215
556961,556449
557211,556449
426433,425400
427144,425400
427018,425401
429884,425401
425252,425402
425401,425402
425099,425403
425402,425403
423700,425404
425403,425404
425574,425406
426799,425406
425260,425409
426609,425409
425409,425410
427301,425410
424766,425411
425410,425411
427300,425411
424654,425412
425411,425412
424653,425413
425412,425413
428806,425414
429610,425414
425414,425415
426444,425415
426457,425417
429628,425417
425111,425418
425417,425418
424287,425419
425418,425419
423716,425420
425419,425420
423432,425421
425420,425421
293860,294377
294376,294377
294377,294378
296168,294378
294378,294379
296344,294379
557213,556553
558283,556553
399236,398599
398924,398599
398599,398600
398765,398600
398147,398605
398604,398605
425396,425557
425556,425557
426440,425562
427625,425562
425101,425563
425562,425563
424100,425564
424482,425564
425563,425564
423416,425565
425564,425565
422544,425566
425565,425566
422092,425567
425566,425567
425568,425569
426798,425569
425406,425570
427020,425570
427153,425570
425570,425571
427295,425571
425571,425572
425569,425572
423703,425573
423876,425573
425572,425573
426611,425579
426612,425579
425105,425580
425579,425580
425273,425592
426454,425592
398487,398612
399244,398612
557209,556688
557469,556688
294370,294616
295105,294616
295807,294619
294618,294619
295321,294620
294619,294620
425702,425703
426832,425703
557214,556831
557471,556831
333103,333104
327390,333104
294010,294767
294192,294767
294608,294768
294767,294768
295308,294768
294768,294769
295797,294769
294769,294770
295099,294770
294615,294779
296162,294779
293477,294780
294779,294780
294780,294781
295320,294781
293847,294781
294205,294782
294781,294782
294782,294783
296705,294783
294783,294784
294017,294784
294784,294785
294791,294785
294785,294786
295104,294786
294786,294787
296859,294787
294787,294788
297006,294788
294788,294789
295805,294789
294789,294790
297007,294790
294018,294791
294019,294791
556831,556962
557704,556962
295563,294917
296343,294917
294795,294918
296515,294918
294379,294920
294632,294920
558288,557215
557708,557215
556554,557216
557215,557216
294206,295106
294912,295106
293854,295111
294625,295111
294794,295112
295111,295112
295112,295113
295808,295113
295113,295114
295809,295114
293855,295115
295116,295115
295814,295120
295943,295120
294799,295121
295120,295121
292830,295122
295121,295122
292320,295123
295122,295123
507285,506501
507420,506501
294609,295309
295310,295309
294208,295324
294373,295324
295324,295325
295560,295325
295109,295326
295325,295326
295110,295327
295326,295327
295327,295328
297215,295328
295564,295333
294630,295333
295333,295334
296518,295334
295334,295335
297632,295335
427015,426414
425557,426414
425246,426415
426414,426415
426415,426416
427292,426416
426416,426417
427982,426417
426417,426418
427141,426418
425397,426419
426418,426419
426419,426420
426596,426420
425398,426421
426420,426421
424639,426422
426421,426422
422828,426423
426422,426423
426423,426424
427142,426424
423278,426425
424096,426425
426424,426425
421863,426426
426425,426426
422526,426427
426426,426427
421864,426428
426427,426428
422970,426429
423116,426429
426428,426429
421011,426430
426429,426430
421196,426431
426430,426431
427624,426434
427803,426434
425560,426435
426434,426435
424757,426436
426435,426436
427817,426443
427818,426443
425267,426447
425699,426447
425268,426448
426447,426448
425589,426449
427160,426449
426449,426450
426453,426450
424137,426451
426450,426451
423714,426452
426451,426452
426455,426456
427162,426456
426456,426457
428158,426457
558141,557567
558580,557567
556963,557568
557569,557568
530512,529837
530320,529837
399238,398766
398602,398766
398769,398768
399560,398768
398313,398773
398314,398773
294792,295524
295523,295524
296164,295525
296706,295525
425247,426598
425558,426598
295526,295527
296707,295527
294621,295527
425400,426600
426599,426600
425098,426601
426600,426601
293131,295530
295529,295530
292459,295531
295530,295531
290690,295532
292312,295532
295531,295532
293270,295533
295532,295533
294913,295534
295533,295534
293271,295535
295534,295535
295535,295536
295935,295536
293132,295537
295536,295537
295537,295538
297011,295538
295538,295539
297212,295539
294622,295539
295539,295540
294021,295540
295540,295541
300054,295541
294914,295542
295541,295542
294207,295543
295542,295543
295543,295544
297213,295544
295544,295545
295559,295545
295545,295546
296165,295546
295546,295547
298374,295547
295547,295548
298190,295548
295548,295549
294025,295549
295549,295550
299014,295550
295108,295551
295550,295551
295551,295552
295936,295552
295552,295553
296336,295553
295553,295554
296861,295554
295554,295555
298644,295555
295555,295556
297012,295556
295556,295557
297214,295557
557568,557705
557873,557705
556832,557706
557705,557706
556450,557707
557706,557707
529222,529223
529357,529223
559014,557866
557567,557866
559142,557866
556960,557867
557866,557867
426439,426796
426606,426796
425561,426797
426796,426797
427022,426805
426610,426805
426809,426806
427346,426806
426806,426807
427156,426807
425583,426808
426807,426808
428152,426810
429308,426810
425585,426811
426810,426811
426811,426812
427157,426812
426812,426813
427158,426813
426813,426814
426617,426814
424282,426815
426814,426815
424657,426816
426815,426816
422839,426817
426816,426817
422102,426818
426817,426818
421212,426819
426818,426819
423128,426820
423713,426820
426819,426820
422982,426821
426820,426821
420531,426822
426821,426822
420868,426823
426822,426823
421539,426824
426823,426824
419825,426825
426824,426825
418629,426826
426825,426826
418490,426827
426826,426827
418491,426828
426827,426828
425588,426830
426618,426830
311437,311438
312121,311438
311604,311443
311947,311443
294770,295798
295309,295798
295311,295800
295933,295800
442520,442519
443967,442519
295330,295937
295331,295937
295937,295938
296166,295938
295938,295939
296862,295939
427622,427014
427800,427014
427014,427015
426595,427015
426793,427017
427147,427017
427017,427018
427801,427018
427152,427019
427989,427019
427293,427141
428286,427141
427146,427145
427623,427145
428290,427149
428291,427149
427149,427150
426604,427150
425253,427151
427150,427151
427807,427153
428631,427153
427345,427155
428309,427155
427347,427158
427641,427158
425269,427161
425700,427161
427023,427161
295513,296141
295793,296141
296141,296142
296503,296142
295792,296143
296142,296143
558289,558288
558287,558288
295518,296156
295799,296156
296704,296160
297409,296160
295804,296161
296160,296161
296161,296162
296163,296162
295524,296164
296334,296164
434904,427303
456461,427303
426445,427304
427303,427304
426805,427305
427304,427305
425576,427306
427305,427306
425261,427307
427306,427307
427307,427308
428815,427308
424132,427309
427308,427309
420661,427310
427309,427310
423424,427311
427310,427311
424135,427312
427311,427312
422838,427313
427312,427313
420122,427314
427313,427314
422100,427315
427314,427315
421059,427316
427315,427316
419822,427317
427316,427317
419967,427318
427317,427318
418324,427319
427318,427319
423893,427320
427319,427320
419468,427321
427320,427321
416722,427322
427321,427322
416195,427323
427322,427323
416564,427324
427323,427324
417219,427325
427324,427325
414948,427326
427325,427326
413961,427327
427326,427327
415246,427328
427327,427328
412640,427329
427328,427329
414254,427330
427329,427330
412017,427331
427330,427331
411424,427332
427331,427332
411115,427333
427332,427333
409455,427334
410652,427334
427333,427334
410653,427335
427334,427335
417235,427336
427335,427336
408070,427337
408218,427337
427336,427337
407670,427338
407671,427338
427337,427338
407062,427339
427338,427339
406416,427340
407529,427340
427339,427340
405655,427341
427340,427341
405653,427342
427341,427342
404984,427343
427342,427343
403173,427344
403511,427344
427343,427344
426829,427348
427495,427348
425106,427349
425587,427349
427025,427352
428011,427352
557703,558441
557871,558441
295932,296306
296305,296306
296333,296334
297210,296334
294372,296336
295323,296336
296514,296339
296865,296339
296339,296340
296708,296340
295811,296341
296340,296341
296341,296342
296513,296342
296710,296345
299881,296345
296519,296345
296345,296346
296871,296346
294215,296347
296346,296347
293140,296348
296347,296348
292829,296349
296348,296349
291745,296350
296349,296350
296350,296351
291223,296351
292996,296352
296351,296352
399411,398923
400084,398923
530663,529998
529997,529998
398926,398927
399412,398927
427819,427493
429301,427493
427493,427494
427820,427494
398482,398929
398928,398929
427159,427496
427645,427496
529370,530002
530669,530002
530002,530003
530804,530003
400658,398932
398931,398932
397523,398933
398608,398933
530667,530007
530006,530007
530803,530008
530007,530008
530666,530009
530008,530009
529243,530013
530012,530013
294899,296502
296140,296502
268297,267872
268579,267872
529245,530019
530018,530019
529066,530020
530019,530020
427996,427626
429296,427626
427626,427627
427805,427627
427627,427628
426607,427628
427628,427629
430321,427629
425102,427630
427629,427630
424649,427631
427630,427631
425567,427632
427631,427632
425254,427633
427632,427633
422545,427634
427633,427634
421199,427635
427634,427635
423702,427636
427635,427636
427637,427638
427998,427638
427809,427639
428632,427639
426830,427642
427496,427642
427643,427644
428637,427644
297211,296706
297413,296706
296867,296709
297423,296709
295566,296710
296709,296710
427154,427811
428008,427811
427021,427814
427298,427814
427490,427815
427814,427815
424765,427816
427815,427816
426448,427822
427349,427822
427348,427823
427822,427823
427827,427826
428157,427826
442035,442677
442229,442677
442677,442678
442945,442678
442678,442679
443611,442679
443811,442679
441865,442680
442510,442680
311608,311609
312131,311609
442511,442682
442681,442682
278677,271754
271753,271754
281388,271755
271754,271755
295798,296843
297401,296843
296306,296844
296843,296844
296844,296845
298788,296845
296845,296846
299281,296846
296846,296847
297002,296847
296847,296848
297623,296848
296848,296849
299643,296849
296849,296850
298012,296850
296850,296851
300198,296851
296851,296852
300358,296852
296852,296853
300823,296853
296853,296854
304397,296854
297410,296858
297826,296858
296330,296859
296858,296859
296338,296863
296864,296863
296872,296868
297834,296868
296868,296869
297424,296869
559141,559014
558579,559014
295813,296871
296870,296871
559992,559018
560095,559018
559018,559019
559820,559019
559019,559020
559266,559020
558715,559021
559581,559021
559021,559022
559821,559022
559143,559023
559022,559023
558290,559024
559023,559024
427994,427990
430032,427990
427990,427991
433067,427991
427991,427992
428630,427992
427485,427993
427992,427993
427486,427994
427995,427994
427806,427996
428996,427996
427638,427999
428148,427999
427639,428000
427999,428000
426801,428001
428000,428001
428001,428002
428007,428002
425257,428003
428002,428003
427296,428004
428003,428004
427810,428005
428004,428005
426802,428006
428005,428006
283665,271760
271759,271760
297828,297005
298020,297005
297005,297006
297827,297006
297416,297008
297829,297008
297008,297009
297830,297009
296335,297010
297009,297010
295107,297011
297010,297011
296711,297015
297635,297015
297636,297016
298032,297016
428993,428142
430480,428142
427802,428143
428142,428143
428143,428144
429740,428144
427487,428145
427997,428145
428145,428146
428463,428146
427808,428147
428146,428147
426800,428148
428147,428148
428816,428152
429310,428152
428638,428154
429619,428154
296994,297204
296501,297204
296332,297209
296510,297209
298023,297211
298370,297211
296863,297216
297419,297216
296337,297217
297216,297217
295810,297218
297217,297218
427811,428296
428635,428296
427488,428297
428296,428297
428297,428298
428999,428298
427812,428299
428298,428299
429472,428300
428299,428300
427489,428301
428300,428301
428301,428302
430039,428302
428302,428303
428305,428303
428303,428304
430144,428304
427297,428305
428149,428305
427644,428312
427823,428312
428311,428313
428312,428313
429315,428313
428313,428314
429475,428314
428314,428315
429910,428315
428315,428316
430335,428316
428316,428317
430045,428317
427350,428319
428010,428319
559265,559402
559990,559402
529235,530160
530318,530160
428624,428454
428990,428454
428453,428455
428454,428455
296838,297384
297201,297384
296500,297385
297384,297385
426432,428458
428457,428458
296502,297389
297204,297389
296143,297390
297389,297390
298181,297395
299285,297395
297395,297396
295800,297396
427646,428469
428468,428469
297397,297398
298014,297398
296156,297399
297398,297399
299128,297400
297399,297400
296307,297401
297400,297401
297414,297413
298187,297413
297628,297419
298027,297419
562655,559576
560930,559576
559576,559577
560775,559577
556688,559578
559577,559578
427481,428618
428140,428618
428618,428619
429464,428619
428619,428620
429158,428620
426791,428621
427482,428621
428620,428621
428621,428622
428623,428622
428991,428625
429595,428625
428459,428626
428625,428626
428626,428627
430026,428627
427986,428628
428627,428628
428464,428634
428997,428634
428634,428635
428998,428635
429175,428639
430340,428639
427828,428640
428639,428640
425592,428641
428640,428641
424286,428642
428641,428642
296688,297606
296991,297606
297610,297606
297606,297607
298624,297607
297607,297608
299270,297608
297608,297609
300025,297609
296992,297612
296993,297612
296840,297620
296841,297620
297000,297622
297621,297622
296842,297623
297001,297623
297622,297623
297013,297629
298029,297629
297629,297630
298194,297630
296516,297631
297630,297631
298648,297631
312463,311755
313536,311755
311755,311756
311922,311756
311756,311757
311421,311757
428295,428797
428633,428797
430146,428800
430329,428800
428466,428801
428800,428801
428801,428802
428807,428802
428802,428803
429299,428803
428150,428804
428803,428804
427302,428805
428804,428805
424655,428806
428805,428806
429300,428809
430151,428809
428307,428810
428809,428810
428306,428811
428810,428811
427492,428812
428811,428812
425104,428813
425578,428813
428812,428813
424495,428814
428813,428814
425577,428815
428814,428815
428795,428993
429467,428993
429906,429001
430148,429001
428820,429004
429317,429004
297202,297993
297613,297993
297819,297994
297993,297994
297205,297997
297615,297997
297997,297998
298173,297998
297998,297999
298358,297999
297206,298000
298630,298000
298000,298001
298178,298001
298001,298002
298786,298002
296506,298003
298002,298003
296999,298004
298003,298004
298004,298005
298631,298005
298005,298006
298632,298006
298006,298007
298633,298007
298007,298008
299003,298008
297620,298009
298008,298009
298009,298010
299279,298010
298010,298011
298013,298011
300036,298011
298011,298012
298366,298012
297411,298022
297412,298022
298192,298025
299461,298025
413005,421043
421042,421043
409816,421044
421043,421044
411793,421045
421044,421045
408945,421046
421045,421046
408056,421047
421046,421047
560765,560226
560365,560226
560611,560228
560366,560228
559402,560229
560228,560229
558583,560230
560229,560230
558582,560232
560094,560232
560231,560232
559819,560234
560233,560234
559818,560235
560234,560235
429903,429164
430041,429164
558143,560237
560236,560237
428799,429166
429165,429166
557212,560239
560238,560239
556214,560240
560239,560240
429170,429171
429617,429171
429003,429173
429621,429173
429005,429174
429622,429174
428470,429175
429174,429175
297392,298174
297616,298174
297617,298175
298174,298175
298175,298176
298629,298176
298784,298178
298785,298178
298015,298179
299130,298179
298179,298180
299004,298180
297003,298181
298180,298181
429468,429295
429892,429295
429295,429296
429891,429296
429002,429300
429611,429300
430333,429303
431220,429303
429302,429304
429303,429304
429304,429305
430043,429305
429305,429306
429309,429306
427640,429307
429306,429307
429307,429308
426616,429308
428310,429312
429311,429312
428153,429313
429312,429313
428817,429314
429313,429314
429314,429315
430152,429315
398486,399242
398938,399242
399563,399243
399242,399243
399247,399248
399918,399248
530513,530321
530801,530321
297196,298347
297197,298347
296498,298348
298347,298348
530802,530322
530321,530322
298346,298350
298349,298350
297385,298352
297612,298352
298170,298353
298171,298353
298352,298353
298777,298353
297822,298359
297393,298359
297823,298360
298359,298360
297618,298363
297619,298363
298363,298364
298783,298364
298362,298365
298364,298365
298372,298373
299669,298373
298373,298374
299142,298374
299295,298375
300205,298375
297219,298376
297421,298376
298028,298376
298193,298377
298376,298377
298377,298378
298795,298378
297420,298379
298378,298379
298652,298382
299153,298382
298382,298383
299464,298383
297634,298384
298383,298384
428460,429466
429604,429466
350369,350370
361106,350370
362320,350370
560610,560609
561276,560609
561069,560611
560241,560611
350370,350371
362192,350371
350371,350372
359939,350372
429876,429585
430647,429585
429584,429586
429585,429586
428287,429587
429586,429587
427483,429588
429587,429588
427985,429589
429588,429589
427484,429590
429589,429590
425399,429591
429590,429591
427016,429592
429591,429592
428628,429593
429592,429593
424756,429594
429593,429594
430141,429596
430648,429596
429596,429597
430312,429597
429597,429598
430311,429598
429161,429599
429598,429599
428992,429600
429599,429600
429600,429601
428288,429601
428141,429602
429601,429602
429904,429609
430147,429609
427491,429610
429609,429610
429746,429612
430490,429612
429168,429613
429612,429613
429909,429613
429613,429614
429908,429614
428308,429615
429614,429615
427821,429616
429615,429616
429629,429623
430872,429623
429176,429624
429623,429624
428159,429625
429624,429625
428471,429626
429625,429626
426833,429627
429626,429627
425704,429628
429627,429628
350374,350375
357031,350375
350375,350376
358892,350376
560609,560766
560931,560766
560766,560767
561068,560767
560767,560768
561498,560768
560227,560769
560768,560769
559264,560770
560769,560770
560770,560771
559694,560771
558441,560772
560771,560772
559263,560774
560773,560774
559262,560775
560774,560775
299289,298639
299290,298639
298639,298640
299010,298640
297415,298641
297625,298641
298640,298641
296511,298642
298641,298642
295558,298643
298642,298643
298030,298651
297220,298651
430140,429736
430468,429736
429160,429737
429465,429737
429737,429738
429877,429738
297817,298772
297990,298772
298772,298773
298995,298773
298355,298780
297388,298780
298356,298781
298780,298781
560226,560926
561959,560926
562096,560926
560225,560927
560926,560927
559401,560929
560928,560929
560764,560930
560929,560930
300037,298787
300360,298787
298787,298788
299283,298788
298649,298796
299674,298796
429873,429874
431487,429874
430469,429876
430995,429876
430142,429878
430143,429878
429603,429879
429878,429879
429739,429880
429879,429880
429880,429881
428289,429881
429293,429882
429881,429882
429162,429883
429882,429883
428794,429884
429883,429884
428994,429887
429741,429887
429297,429893
429606,429893
429893,429894
430655,429894
429469,429895
429894,429895
429895,429896
431366,429896
429896,429897
431680,429897
431216,430029
431488,430029
429890,430030
430029,430030
428294,430031
430030,430031
429744,430032
430031,430032
429470,430037
429899,430037
429608,430038
430037,430038
429905,430042
430330,430042
298351,298996
298774,298996
420863,421204
422096,421204
420525,421205
421204,421205
299143,299012
299460,299012
299012,299013
299144,299013
298191,299014
299013,299014
299302,299017
300209,299017
289727,290135
290134,290135
430331,430149
430658,430149
431494,430149
429907,430151
430332,430151
430336,430156
431499,430156
430337,430157
431371,430157
282591,283065
283064,283065
298998,299122
299639,299122
298627,299123
299122,299123
297992,299124
299123,299124
299124,299125
300030,299125
298999,299126
299125,299126
299129,299128
299862,299128
333844,333845
334009,333845
298790,299136
299664,299136
298186,299137
299136,299137
298791,299138
299137,299138
299138,299139
299866,299139
298380,299150
299301,299150
299150,299151
299875,299151
297633,299152
299151,299152
350394,350395
359429,350395
430486,430317
431217,430317
428462,430318
430317,430318
428461,430319
430318,430319
427804,430320
430319,430320
428796,430321
430320,430321
429163,430322
430033,430322
430034,430323
430322,430323
429605,430324
430323,430324
429607,430325
430035,430325
430036,430326
430325,430326
430494,430338
431007,430338
430338,430339
430676,430339
429747,430340
430339,430340
298773,299271
298996,299271
299271,299272
299638,299272
298628,299275
298778,299275
299861,299280
300359,299280
299280,299281
299282,299281
299863,299284
300199,299284
298634,299285
299284,299285
299672,299292
300056,299292
299292,299293
299873,299293
298650,299297
298651,299297
299152,299297
299297,299298
300374,299298
299298,299299
300373,299299
299299,299300
302114,299300
530793,530496
530495,530496
430314,430472
430471,430472
430472,430473
430861,430473
430473,430474
432135,430474
430474,430475
433055,430475
430999,430476
431679,430476
430476,430477
430653,430477
430315,430478
430477,430478
429886,430479
430478,430479
429294,430480
430479,430480
430482,430483
431214,430483
430483,430484
430863,430484
429743,430485
430484,430485
530499,530500
531272,530500
431005,430492
431006,430492
398788,399429
399428,399429
530501,530502
530317,530502
530159,530503
530502,530503
297609,299440
298350,299440
300026,299440
299120,299441
299440,299441
299441,299442
300613,299442
299442,299443
302558,299443
301730,299443
299443,299444
302087,299444
299444,299445
300027,299445
298997,299446
299121,299446
299274,299447
299446,299447
300029,299447
299273,299448
299447,299448
299448,299449
300028,299449
298635,299452
300200,299452
299131,299453
299452,299453
299132,299454
299453,299454
298797,299465
299676,299465
529049,529225
529224,529225
431201,430627
433282,430627
430626,430628
430627,430628
429874,430629
430628,430629
429875,430630
430629,430630
429736,430631
430630,430631
429159,430632
430631,430632
428622,430633
430632,430633
430633,430634
426598,430634
427143,430635
430634,430635
428458,430636
430635,430636
424753,430637
430636,430637
425249,430638
430637,430638
424476,430639
430638,430639
423411,430640
430639,430640
422678,430641
430640,430641
423868,430642
430641,430642
424274,430643
430642,430643
422527,430644
430643,430644
421865,430645
430644,430645
432133,430646
432300,430646
430646,430647
430994,430647
431213,430649
431678,430649
430649,430650
430652,430650
430028,430651
430650,430651
435581,430660
436525,430660
430492,430661
430660,430661
429477,430662
430661,430662
430046,430663
430662,430663
430155,430664
430663,430664
429620,430665
430664,430665
430665,430666
428469,430666
427647,430667
430666,430667
429172,430668
430667,430668
427351,430669
430668,430669
426831,430670
430669,430670
428156,430671
430670,430671
430671,430672
431703,430672
425271,430673
430672,430673
425108,430674
430673,430674
562091,561775
562220,561775
299119,299632
299439,299632
299632,299633
300024,299633
560224,561778
561777,561778
299634,299635
300193,299635
299635,299636
301236,299636
558142,561782
561781,561782
556687,561783
561782,561783
298361,299640
298365,299640
299277,299641
299640,299641
526768,529226
529225,529226
299140,299665
299288,299665
299009,299666
299665,299666
298638,299667
299666,299667
299872,299670
301127,299670
299291,299871
299870,299871
299145,299872
299871,299872
300208,299876
300377,299876
299876,299877
300376,299877
298381,299878
299463,299878
299877,299878
297833,299879
299878,299879
299016,299880
299879,299880
297831,299881
297832,299881
299880,299881
431851,430997
432632,430997
428629,430998
430997,430998
431984,431002
432142,431002
561632,562092
563113,562092
562097,562094
562490,562094
562094,562095
561275,562095
562093,562096
562095,562096
551829,552439
551976,552439
420656,421370
421700,421370
422980,421370
298625,300027
298994,300027
299637,300027
299127,300033
299451,300033
300032,300034
300033,300034
299869,300043
300834,300043
299141,300044
300043,300044
300044,300045
300959,300045
298188,300046
298371,300046
300045,300046
300046,300047
300368,300047
298024,300048
300047,300048
299668,300049
300048,300049
299459,300050
300049,300050
299011,300051
300050,300051
298189,300052
300051,300052
297626,300053
300052,300053
296860,300054
297417,300054
300053,300054
446444,446445
447348,446445
431674,431200
432132,431200
431200,431201
431673,431201
431211,431202
431980,431202
429738,431203
431202,431203
431203,431204
431675,431204
431204,431205
433054,431205
431205,431206
432301,431206
431206,431207
432779,431207
431207,431208
433445,431208
446445,446446
447779,446446
430859,431210
431361,431210
430470,431211
431210,431211
430870,431221
431368,431221
430334,431222
431221,431222
430044,431223
431222,431223
430491,431224
431223,431224
299278,300195
299860,300195
300836,300202
301427,300202
300202,300203
300696,300203
300203,300204
301259,300204
299304,300210
300213,300210
300060,300211
300210,300211
300211,300212
301434,300212
430860,431362
430996,431362
431362,431363
431676,431363
431363,431364
432630,431364
431224,431369
432917,431369
508809,508810
500289,508810
300197,300358
300822,300358
299644,300361
299645,300361
300835,300369
301122,300369
300055,300370
300369,300370
300370,300371
300496,300371
300371,300372
301123,300372
544685,546839
546838,546839
431218,431490
431489,431490
430864,431491
431490,431491
430654,431492
431491,431492
543541,546840
546839,546840
543037,546841
546840,546841
300041,300488
300487,300488
299458,300489
300488,300489
300489,300490
301621,300490
300365,300491
300490,300491
300491,300492
301622,300492
300366,300493
300492,300493
300379,300499
300961,300499
563114,562646
563358,562646
562646,562647
562800,562647
562647,562648
562951,562648
562648,562649
563644,562649
561633,562650
562649,562650
562650,562651
562950,562651
562092,562652
562651,562652
561066,562653
562652,562653
561067,562654
562653,562654
562654,562655
559817,562655
432144,431682
432493,431682
430867,431683
431681,431683
431682,431683
431683,431684
431855,431684
430487,431685
431684,431685
431685,431686
432307,431686
431686,431687
431854,431687
430145,431688
431687,431688
301115,300619
300618,300619
432148,431695
432499,431695
431370,431696
431695,431696
430675,431697
431696,431697
431989,431697
430047,431698
431697,431698
430871,431699
431698,431699
430156,431700
431699,431700
429316,431701
431700,431701
428819,431702
431701,431702
427824,431703
431702,431703
301910,300636
304051,300636
299454,300637
300636,300637
300361,300638
300637,300638
300638,300639
301248,300639
300639,300640
302986,300640
300640,300641
302566,300641
300641,300642
301249,300642
300642,300643
304054,300643
300643,300644
301250,300644
300644,300645
303438,300645
301733,300646
300645,300646
300646,300647
303771,300647
300647,300648
304900,300648
300648,300649
301911,300649
300649,300650
302444,300650
304220,300650
300650,300651
305206,300651
300651,300652
304055,300652
300652,300653
301421,300653
300653,300654
305402,300654
562952,562799
563359,562799
300655,300656
303327,300656
300656,300657
304901,300657
300657,300658
303170,300658
300658,300659
306561,300659
300659,300660
303772,300660
306144,300660
300660,300661
304056,300661
300661,300662
306724,300662
300662,300663
307042,300663
300663,300664
305403,300664
300664,300665
307912,300665
300665,300666
304668,300666
300666,300667
307913,300667
300667,300668
308125,300668
300668,300669
305914,300669
300669,300670
305915,300670
300670,300671
307043,300671
300671,300672
309457,300672
300672,300673
307914,300673
311596,300673
300673,300674
310587,300674
308969,300675
300674,300675
300675,300676
309790,300676
300676,300677
311773,300677
300677,300678
311774,300678
300678,300679
310884,300679
300679,300680
312468,300680
300680,300681
311435,300681
300681,300682
313307,300682
300682,300683
313701,300683
300683,300684
311598,300684
300684,300685
312118,300685
314275,300685
300685,300686
312469,300686
314276,300686
300686,300687
312987,300687
300687,300688
313131,300688
300688,300689
313308,300689
300689,300690
316231,300690
300690,300691
315844,300691
300691,300692
316414,300692
300692,300693
316742,300693
300848,300698
302458,300698
546694,546851
546850,546851
431677,431849
432304,431849
430862,431850
431849,431850
431852,431851
433056,431851
430659,431856
431496,431856
431856,431857
433292,431857
465197,465198
448294,465198
299867,300833
299868,300833
301262,300838
301632,300838
300837,300839
300838,300839
300697,300840
300839,300840
299146,300841
300840,300841
301634,300843
301636,300843
300058,300844
300843,300844
300844,300845
301263,300845
300375,300846
300845,300846
300059,300847
301264,300847
300378,300848
300847,300848
447782,465203
465202,465203
465204,465205
445570,465205
445070,465206
465205,465206
335002,334136
336189,334136
440957,465211
465210,465211
441430,465212
465211,465212
432302,431979
432627,431979
431979,431980
432134,431980
433598,431985
433848,431985
431690,431986
431985,431986
431987,431988
432653,431988
431498,431989
431988,431989
300192,300950
300610,300950
300950,300951
301608,300951
300611,300951
300951,300952
301609,300952
300042,300957
300695,300957
301252,300957
300957,300958
301914,300958
563115,563114
563912,563114
403169,402831
403505,402831
431990,432148
432654,432148
301624,301119
302568,301119
301119,301120
301623,301120
300497,301125
300960,301125
301125,301126
301744,301126
301126,301127
301424,301127
404141,402835
402834,402835
564274,563358
563911,563358
432149,432310
433084,432310
431704,432311
432310,432311
300633,301246
300824,301246
300956,301247
301246,301247
302093,301248
302443,301248
300828,301249
300827,301249
301128,301255
302278,301255
301255,301256
301745,301256
301256,301257
302105,301257
301433,301267
302459,301267
300500,301268
301267,301268
299466,301269
301268,301269
402678,402841
402840,402841
432631,432454
434179,432454
432454,432455
433592,432455
432136,432456
432455,432456
432785,432460
433073,432460
432460,432461
433075,432461
432461,432462
434881,432462
429897,432463
432462,432463
432463,432464
432636,432464
432139,432465
432464,432465
430326,432466
432465,432466
429898,432467
432466,432467
430327,432468
432467,432468
432140,432469
432468,432469
430038,432470
432469,432470
432141,432471
432470,432471
431002,432472
432471,432472
429900,432473
432472,432473
429298,432474
432473,432474
428797,432475
432474,432475
431003,432476
432475,432476
429471,432477
432476,432477
429901,432478
432477,432478
429902,432479
432478,432479
432479,432480
435909,432480
430328,432481
430866,432481
432480,432481
432143,432482
432481,432482
432482,432483
433708,432483
432483,432484
432788,432484
430040,432485
432484,432485
428304,432486
432485,432486
427813,432487
432486,432487
428636,432488
432487,432488
300486,301417
301251,301417
300831,301418
301417,301418
301118,301419
301418,301419
301912,301419
430657,432492
432491,432492
301420,301421
302094,301421
303184,301430
310387,301430
301429,301431
301430,301431
352039,352040
352434,352040
432303,432628
432780,432628
432628,432629
433590,432629
433837,432632
434180,432632
433057,432633
433699,432633
433285,432635
432489,432635
432635,432636
433702,432636
431497,432642
432913,432642
432642,432643
433294,432643
432643,432644
434041,432644
431367,432645
432644,432645
432309,432646
432645,432646
432641,432647
432646,432647
432647,432648
433293,432648
433298,432649
432497,432649
300634,301616
301416,301616
300635,301617
301117,301617
300484,301618
301617,301618
300825,301619
301618,301619
301619,301620
302442,301620
300372,301626
302103,301626
301626,301627
302987,301627
301124,301628
301627,301628
301628,301629
303175,301629
301629,301630
303612,301630
301630,301631
302277,301631
302281,301634
301751,301634
301637,301635
302115,301635
301130,301636
301635,301636
431364,432781
432629,432781
432781,432782
433834,432782
434178,432782
433074,432785
434186,432785
524636,432789
465235,432789
432638,432790
432789,432790
432790,432791
433287,432791
430656,432792
432791,432792
431219,432793
432792,432793
432488,432794
432793,432794
429000,432795
432794,432795
432795,432796
432492,432796
431688,432797
432796,432797
429167,432798
432797,432798
427299,432799
432798,432799
427816,432800
432799,432800
424279,432801
432800,432801
425413,432802
432801,432802
423124,432803
432802,432803
424129,432804
432803,432804
423421,432806
432805,432806
422098,432807
432806,432807
432807,432808
423422,432808
423284,432809
432808,432809
422837,432810
432809,432810
422549,432811
432810,432811
421879,432812
432811,432812
421880,432813
432812,432813
420120,432814
432813,432814
420352,432815
432814,432815
421370,432816
432815,432816
419464,432817
432816,432817
417373,432818
432817,432818
419138,432819
432818,432819
417374,432820
418625,432820
432819,432820
416720,432821
432820,432821
420660,432822
432821,432822
416187,432823
432822,432823
419965,432824
432823,432824
416188,432825
432824,432825
414945,432826
432825,432826
414136,432827
417091,432827
432826,432827
417217,432828
432827,432828
414656,432829
432828,432829
413339,432830
432829,432830
412135,432831
432830,432831
413958,432832
432831,432832
410943,432833
432832,432833
432833,432834
413494,432834
410491,432835
432834,432835
413188,432836
432835,432836
408810,432837
432836,432837
409968,432838
432837,432838
409453,432839
432838,432839
408811,432840
432839,432840
406415,432841
432840,432841
410150,432842
432841,432842
407059,432843
432842,432843
405996,432844
432843,432844
408069,432845
432844,432845
404663,432846
432845,432846
402227,432847
404145,432847
432846,432847
402676,432848
432847,432848
432848,432849
402003,432849
409648,432850
432849,432850
402539,432851
432850,432851
403350,432852
432851,432852
427344,432853
432852,432853
402230,432854
432853,432854
403521,432855
432854,432855
399245,432856
432855,432856
398782,432857
432856,432857
397536,432858
432857,432858
396357,432859
432858,432859
396673,432860
432859,432860
394315,432861
432860,432861
394658,432862
432861,432862
396900,432863
432862,432863
395220,432864
432863,432864
392661,432864
432864,432865
391614,432865
432865,432866
392662,432866
432866,432867
389914,432867
432867,432868
391447,432868
393760,432869
432868,432869
392826,432869
401644,432870
432869,432870
393925,432871
432870,432871
432871,432872
392827,432872
432872,432873
391317,432873
421932,432874
432873,432874
432874,432875
392448,432875
432875,432876
390777,432876
432876,432877
389006,432877
432877,432878
390952,432878
432878,432879
390778,432879
432879,432880
386484,432880
387122,432880
432880,432881
390779,432881
432881,432882
387470,432882
395011,432883
432882,432883
432883,432884
385675,432884
432884,432885
385832,432885
432885,432886
384356,432886
432886,432887
381068,432887
432887,432888
381070,432888
382879,432888
432888,432889
383093,432889
432889,432890
380422,432890
432890,432891
379942,432891
432891,432892
377988,432892
432892,432893
381708,432893
432893,432894
381071,432894
432894,432895
390295,432895
432895,432896
379943,432896
432896,432897
379478,432897
432897,432898
381558,432898
378619,432898
432898,432899
378123,432899
432899,432900
379757,432900
432900,432901
374214,432901
376040,432902
432901,432902
432902,432903
374517,432903
432903,432904
373987,432904
373328,432905
432904,432905
371818,432906
432905,432906
372386,432907
432906,432907
406882,432908
432907,432908
432908,432909
371306,432909
432909,432910
370437,432910
432910,432911
370801,432911
432911,432912
369760,432912
433080,432914
433599,432914
431858,432915
432914,432915
432495,432916
432915,432916
432916,432917
432918,432917
433455,432919
433717,432919
299636,301904
302081,301904
302270,301908
302565,301908
301908,301909
301732,301909
300826,301910
301909,301910
301261,301917
301746,301917
301426,301918
301917,301918
301266,301921
302116,301921
301432,301922
301921,301922
433593,433059
433700,433059
433059,433060
434720,433060
432137,433061
433060,433061
433058,433062
433061,433062
431215,433063
433062,433063
432634,433064
433063,433064
431001,433065
433064,433065
430316,433066
433065,433066
429889,433067
433066,433067
434323,433068
434878,433068
434879,433068
433068,433069
433701,433069
431492,433070
433069,433070
430324,433071
433070,433071
430865,433072
432458,433072
433071,433072
432459,433073
433072,433073
432784,433074
433450,433074
432639,433078
433288,433078
432652,433082
433601,433082
432313,433085
433301,433085
302263,302081
301412,302081
301114,302082
301729,302082
302082,302083
302557,302083
302083,302084
302264,302084
302764,302084
302084,302085
303429,302085
302559,302086
302765,302086
302086,302087
302428,302087
302266,302088
302977,302088
302430,302089
302088,302089
302089,302090
301414,302090
302447,302095
303330,302095
302095,302096
302449,302096
300493,302097
302096,302097
300367,302098
302097,302098
299139,302099
302098,302099
301120,302100
302099,302100
302451,302101
302571,302101
301423,302102
302101,302102
302102,302103
302276,302103
302573,302106
302786,302106
301919,302107
302106,302107
302107,302108
303334,302108
299673,302109
302108,302109
302452,302111
302787,302111
301750,302112
302111,302112
432778,433280
434320,433280
432299,433281
433280,433281
431978,433282
433281,433282
433297,433296
433854,433296
433085,433300
434045,433300
302267,302268
303436,302268
302268,302269
303321,302269
399418,399914
400272,399914
528537,530991
530990,530991
300952,302426
302759,302426
302426,302427
303316,302427
302434,302432
302978,302432
301611,302433
302432,302433
302979,302435
302980,302435
302435,302436
302562,302436
302091,302437
302436,302437
302437,302438
301241,302438
301613,302439
302438,302439
303322,302440
302779,302440
302272,302446
303171,302446
302446,302447
303602,302447
302273,302448
303172,302448
301735,302449
302448,302449
300846,302453
304918,302453
302453,302454
303448,302454
302455,302456
302990,302456
302456,302457
302991,302457
302457,302458
302992,302458
512637,511992
512977,511992
511791,511993
511992,511993
431981,433591
433698,433591
434188,433594
434722,433594
434193,433596
434888,433596
433596,433597
435572,433597
432146,433598
433597,433598
511991,511994
511993,511994
301916,302572
302784,302572
433451,433703
434039,433703
432786,433704
433703,433704
432787,433705
433704,433705
433079,433709
433712,433709
433709,433710
434885,433710
435570,433710
433710,433711
434884,433711
433845,433713
434190,433713
434194,433714
434889,433714
417818,420345
420344,420345
303315,302759
302972,302759
301904,302760
302427,302760
302760,302761
302763,302761
433833,433834
434713,433834
433449,433838
434181,433838
303592,302767
304204,302767
302431,302768
302767,302768
302433,302769
302768,302769
302769,302770
301239,302770
433078,433843
433711,433843
302092,302772
302771,302772
303165,302773
302772,302773
301906,302774
302773,302774
302774,302775
302777,302775
432640,433848
433847,433848
433295,433850
433716,433850
433453,433851
433850,433851
433081,433852
433851,433852
433600,433853
433852,433853
303179,302785
303903,302785
352048,352049
352451,352049
433839,434037
434870,434037
432783,434038
434037,434038
433855,434043
434333,434043
433719,434045
434912,434045
303431,302975
303870,302975
302561,302976
302975,302976
303433,302981
303434,302981
302981,302982
303435,302982
303600,302985
303770,302985
302985,302986
302782,302986
302575,302993
302994,302993
433444,434176
434712,434176
435001,434176
435043,434184
433841,434184
434184,434185
434880,434185
434185,434186
434187,434186
432648,434195
434906,434195
433602,434200
433856,434200
433456,434201
434200,434201
302445,303169
302567,303169
303169,303170
303601,303170
303333,303176
303902,303176
303176,303177
303901,303177
303177,303178
303444,303178
304402,303178
302454,303181
314750,303181
303181,303182
305216,303182
299300,303183
303182,303183
300842,303184
303183,303184
302280,303185
302788,303185
408675,421907
421906,421907
407531,421908
421907,421908
409117,421909
421908,421909
504421,509291
509290,509291
405147,421910
421909,421910
405299,421911
421910,421911
435566,434323
435567,434323
434721,434326
436056,434326
434330,434329
435382,434329
403354,421915
421914,421915
404320,421916
421915,421916
402543,421917
421916,421917
508972,509303
509304,509303
397992,421924
421923,421924
303891,303328
304057,303328
303328,303329
303440,303329
303329,303330
303773,303330
303777,303336
304405,303336
302574,303337
303338,303337
396516,421927
421926,421927
507452,509309
509158,509309
395933,421928
421927,421928
394829,421929
421928,421929
395565,421930
421929,421930
394659,421931
421930,421931
393926,421932
421931,421932
303591,303431
305034,303431
303875,303592
304380,303592
303163,303593
303876,303593
303593,303594
305197,303594
303594,303595
305198,303595
303595,303596
303598,303596
303596,303597
303877,303597
304060,303604
304222,303604
303603,303605
303604,303605
303173,303609
303608,303609
303174,303610
303609,303610
303332,303611
303610,303611
435365,434714
435368,434714
434714,434715
436505,434715
433836,434716
434715,434716
433448,434717
434716,434717
433835,434718
434717,434718
433715,434724
434332,434724
303872,303759
304661,303759
303162,303760
303759,303760
303871,303760
303760,303761
302766,303761
302265,303762
303761,303762
301905,303763
303762,303763
303161,303764
303763,303764
303890,303771
304899,303771
303615,303776
305411,303776
303776,303777
304404,303777
304681,303780
305215,303780
303616,303781
303780,303781
303785,303784
304684,303784
435380,434871
435565,434871
434871,434872
436509,434872
434872,434873
436233,434873
433840,434874
434873,434874
433284,434875
434874,434875
431853,434876
434875,434876
434876,434877
435042,434877
432138,434878
434877,434878
434189,434882
434327,434882
434195,434890
438105,434890
433714,434891
434890,434891
433291,434892
434891,434892
431857,434893
434892,434893
433290,434894
434893,434894
431691,434895
434894,434895
432308,434896
434895,434896
431495,434897
434896,434897
431692,434898
434897,434898
430489,434899
434898,434899
429745,434900
434899,434900
428808,434901
434900,434901
430149,434902
434901,434902
429474,434903
434902,434903
428467,434904
434903,434904
434331,434905
435160,434905
434905,434906
435910,434906
303157,303867
303586,303867
304890,303869
305195,303869
303868,303870
303869,303870
303873,303872
305035,303872
303766,303881
304206,303881
303881,303882
303885,303882
303767,303883
303882,303883
303883,303884
304892,303884
304208,303887
304664,303887
304058,303892
304670,303892
303441,303893
303892,303893
303893,303894
304671,303894
303894,303895
304059,303895
303895,303896
304672,303896
302570,303897
303896,303897
303331,303898
303607,303898
303442,303899
303898,303899
304403,303904
305053,303904
303904,303905
305054,303905
304908,303908
305569,303908
302989,303909
303908,303909
303909,303910
304073,303910
302110,303911
303910,303911
304406,303912
304407,303912
434177,435002
435364,435002
433588,435003
435002,435003
435003,435004
435888,435004
434321,435005
435004,435005
433589,435007
434036,435007
435155,435009
435728,435009
435009,435010
435729,435010
433838,435011
435010,435011
435011,435012
435039,435012
432305,435013
435012,435013
433283,435014
435013,435014
432633,435015
435014,435015
431365,435016
431982,435016
435015,435016
429887,435017
435016,435017
435017,435018
435379,435018
428995,435019
435018,435019
429742,435020
435019,435020
429888,435021
435020,435021
430485,435022
435021,435022
427993,435023
428293,435023
435022,435023
426797,435024
435023,435024
425694,435025
435024,435025
426438,435026
435025,435026
427019,435027
435026,435027
426437,435028
435027,435028
424647,435029
435028,435029
424481,435030
435029,435030
423280,435031
435030,435031
422090,435032
435031,435032
423580,435033
435032,435033
422089,435033
423873,435034
435033,435034
421870,435035
435034,435035
419947,435036
435035,435036
439198,435037
435370,435037
434182,435038
435037,435038
434322,435039
435038,435039
435371,435041
435730,435041
434334,435048
435390,435048
433718,435049
435048,435049
303428,304043
303755,304043
304200,304043
304666,304047
305045,304047
304047,304048
304896,304048
303326,304049
304048,304049
304046,304050
304049,304050
302271,304051
303325,304051
304050,304051
304897,304052
304898,304052
304052,304053
305046,304053
303889,304054
304053,304054
304225,304066
305407,304066
303906,304067
304066,304067
304067,304068
305925,304068
303907,304069
304068,304069
303613,304070
304069,304070
301633,304071
304070,304071
303335,304072
304071,304072
303617,304074
304076,304074
304074,304075
305415,304075
435369,435155
437486,435155
434324,435157
434325,435157
434042,435161
434197,435161
434196,435162
435161,435162
303874,304201
304662,304201
304201,304202
305036,304202
303319,304203
304202,304203
304203,304204
304663,304204
304398,304213
304895,304213
304213,304214
305044,304214
303769,304215
304214,304215
302984,304216
304215,304216
304212,304217
304216,304217
302564,304218
304217,304218
302563,304219
304218,304219
304077,304227
305060,304227
303782,304228
304227,304228
304228,304229
304413,304229
304229,304230
305575,304230
436506,435365
437034,435365
434869,435366
435560,435366
435366,435367
436228,435367
435367,435368
436227,435368
434719,435369
435561,435369
436367,435370
437169,435370
435563,435372
436232,435372
435041,435373
435156,435373
435372,435373
434183,435374
435373,435374
434038,435375
435374,435375
431983,435376
435375,435376
432457,435377
435376,435377
431000,435378
435377,435378
430481,435379
435378,435379
434907,435386
435047,435386
435386,435387
435911,435387
303879,304382
304205,304382
304045,304383
304382,304383
304894,304385
305550,304385
304219,304386
304385,304386
304211,304387
304386,304387
301620,304388
304387,304388
303888,304389
304388,304389
301616,304390
304389,304390
303437,304391
304390,304391
301247,304392
304391,304392
302983,304393
304392,304393
304393,304394
302781,304394
300483,304395
304394,304395
302441,304396
304395,304396
301245,304397
304396,304397
305057,304405
305412,304405
304226,304408
305059,304408
304408,304409
304919,304409
303618,304410
304409,304410
303783,304414
304683,304414
303186,304415
304414,304415
304415,304416
305576,304416
436229,435563
437037,435563
436372,435573
438452,435573
435389,435574
435573,435574
435574,435575
435733,435575
434198,435576
435575,435576
432919,435577
435576,435577
432650,435578
435577,435578
431859,435579
435578,435579
430154,435580
435579,435580
429911,435581
435580,435581
434044,435583
435050,435583
436374,435584
436375,435584
509509,509510
522373,509510
315403,304555
302762,304555
303867,304556
304555,304556
304556,304557
306123,304557
304557,304558
306864,304558
304558,304559
310564,304559
302085,304560
304559,304560
304560,304561
304659,304561
303587,304562
304561,304562
303430,304563
304562,304563
304563,304564
306543,304564
303158,304565
304564,304565
304565,304566
306263,304566
303588,304567
304566,304567
304567,304568
305530,304568
303589,304569
304568,304569
303159,304570
304569,304570
304570,304571
305194,304571
303160,304572
304571,304572
306265,304572
304572,304573
305397,304573
304573,304574
305531,304574
303590,304575
304574,304575
304575,304576
302973,304576
304576,304577
315194,304577
303317,304578
304577,304578
304578,304579
300621,304579
304579,304580
306272,304580
301610,304581
304580,304581
300194,304582
304581,304582
302974,304583
304582,304583
304583,304584
300625,304584
302976,304585
304584,304585
299126,304586
304585,304586
300953,304587
304586,304587
299858,304588
304587,304588
298353,304589
304588,304589
303764,304590
304589,304590
297994,304591
299275,304591
304590,304591
299000,304592
304591,304592
297995,304593
304592,304593
300954,304594
304593,304594
304594,304595
301731,304595
304595,304596
301413,304596
298172,304597
304596,304597
302090,304598
304597,304598
298354,304599
304598,304599
297820,304600
304599,304600
298779,304601
304600,304601
304601,304602
302770,304602
297996,304603
304602,304603
304603,304604
300626,304604
301612,304605
304604,304605
301240,304606
304605,304606
298781,304607
304606,304607
300955,304608
304607,304608
302439,304609
304608,304609
298782,304610
304609,304610
297391,304611
304610,304611
304611,304612
300627,304612
298357,304613
304612,304613
301242,304614
304613,304614
304614,304615
299001,304615
301415,304615
297821,304616
304615,304616
300628,304616
299450,304617
304616,304617
301614,304618
304617,304618
300031,304619
301243,304619
304618,304619
297999,304620
304619,304620
302776,304620
299002,304621
304620,304621
299276,304622
304621,304622
299859,304623
301116,304623
304622,304623
298176,304624
304623,304624
301907,304625
304624,304625
304625,304626
300821,304626
299641,304627
304626,304627
299642,304628
304627,304628
304628,304629
308285,304629
300357,304630
302982,304630
304629,304630
302269,304631
304630,304631
304631,304632
300629,304632
300195,304633
304632,304633
300196,304634
304633,304634
304634,304635
300630,304635
302440,304636
304635,304636
300034,304637
304636,304637
300035,304638
304637,304638
304638,304639
300631,304639
304639,304640
300632,304640
304640,304641
302780,304641
301244,304642
304641,304642
303166,304643
303887,304643
304642,304643
296854,304644
304643,304644
304209,304645
304644,304645
304645,304646
305204,304646
304646,304647
305909,304647
304647,304648
305910,304648
303167,304649
304648,304649
304649,304650
306717,304650
304650,304651
304893,304651
304651,304652
305205,304652
304652,304653
305042,304653
304653,304654
305911,304654
304654,304655
307440,304655
306546,304656
304655,304656
308114,304657
304656,304657
307248,304658
304657,304658
435045,435731
435385,435731
304379,304660
305533,304660
304903,304673
305209,304673
303611,304674
303899,304674
303443,304675
304674,304675
303775,304676
303900,304676
304675,304676
304676,304677
304679,304677
304677,304678
305709,304678
436238,435893
436511,435893
435893,435894
437489,435894
435894,435895
436369,435895
435157,435896
435895,435896
435896,435897
436684,435897
433705,435898
435897,435898
435044,435899
435898,435899
434326,435900
435899,435900
434040,435901
435900,435901
433286,435902
435901,435902
431493,435903
435902,435903
432637,435904
435903,435904
433594,435905
435904,435905
433706,435906
435905,435906
433076,435907
435906,435907
433707,435908
435907,435908
433077,435909
435908,435909
303585,304886
305700,304886
304199,304887
304886,304887
304887,304888
304889,304888
305541,304891
306132,304891
303168,304893
303324,304893
305043,304894
305401,304894
305405,304904
305560,304904
304909,304908
305409,304908
304910,304909
305410,304909
304075,304912
306891,304912
304912,304913
305414,304913
304911,304914
304913,304914
303337,304915
304914,304915
303912,304916
304915,304916
303185,304917
304916,304917
304917,304918
302279,304918
435384,436058
436057,436058
436058,436059
436901,436059
436059,436060
437175,436060
436063,436061
436514,436061
435571,436062
436061,436062
303880,305040
304384,305040
304399,305051
304400,305051
435891,436230
436368,436230
436230,436231
437038,436231
435564,436232
436231,436232
436512,436240
437320,436240
435158,436241
436240,436241
303886,305201
304207,305201
305201,305202
305203,305202
303599,305205
304210,305205
304680,305212
305213,305212
397984,398606
398605,398606
438257,436366
438772,436366
437039,436369
437040,436369
436244,436372
437331,436372
534999,533910
533909,533910
533548,533911
533910,533911
304383,305399
305040,305399
305546,305399
304221,305403
305047,305403
304062,305406
305049,305406
305927,305409
305928,305409
533911,533912
535154,533912
377308,378584
378121,378584
377453,378586
379306,378586
378586,378587
379307,378587
436694,436516
436695,436516
436067,436517
436373,436517
436516,436517
436517,436518
437049,436518
434911,436519
436518,436519
434043,436520
436519,436520
435049,436521
436520,436521
432651,436522
436521,436522
433082,436523
436522,436523
432147,436524
436523,436524
434725,436525
436524,436525
378588,378589
375889,378589
378589,378590
376625,378590
419316,422281
422280,422281
378590,378591
376626,378591
418621,422282
422281,422282
378591,378592
374506,378592
376284,378592
437334,509665
509664,509665
378593,378594
376468,378594
416714,422285
422284,422285
436526,509667
509666,509667
416388,422286
422285,422286
509667,509668
437497,509668
435163,509669
509668,509669
415240,422288
422287,422288
436246,509670
509669,509670
438270,509670
417084,422289
422288,422289
378598,378599
375890,378599
414650,422290
422289,422290
375661,378600
373498,378600
378599,378600
414252,422291
422290,422291
434726,509673
509672,509673
415084,422292
422291,422292
377111,378602
377455,378602
416716,422293
422292,422293
305199,305545
305705,305545
306137,305546
305545,305546
305706,305548
305551,305548
305548,305549
305912,305549
304665,305550
305549,305550
434201,509677
509676,509677
415241,422296
422295,422296
432655,509678
509677,509678
305056,305565
306289,305565
306145,305567
306146,305567
305214,305568
305567,305568
305568,305569
305570,305569
415625,422299
422298,422299
305058,305574
305413,305574
432312,509682
509681,509682
431500,509683
509682,509683
430493,509684
509683,509684
431860,509685
509684,509685
430157,509686
509685,509686
437490,436682
437491,436682
436682,436683
436899,436683
436239,436684
436683,436684
436686,436685
437322,436685
437327,436689
437632,436689
436693,436694
437178,436694
437050,436695
439208,436695
425272,509694
509693,509694
413009,422313
422312,422313
305212,305711
306286,305711
304065,305712
305711,305712
304401,305713
305211,305713
305712,305713
303178,305714
305713,305714
302572,305715
305714,305715
304064,305716
305715,305716
305052,305717
305716,305717
304063,305718
305717,305718
305926,305720
307920,305720
305408,305721
305720,305721
304907,305722
305721,305722
305566,305723
305722,305723
303447,305724
305723,305724
532930,533924
533075,533924
437033,436857
440279,436857
436857,436858
438253,436858
436364,436859
436858,436859
436679,436860
436859,436860
435005,436861
436860,436861
435889,436862
436861,436862
431209,436863
436862,436863
435006,436864
436863,436864
436864,436865
437479,436865
436504,436866
436865,436866
435007,436867
436866,436867
436226,436868
436867,436868
432782,436869
436868,436869
436869,436870
438770,436870
436870,436871
436892,436871
436871,436872
437166,436872
433591,436874
435008,436874
436873,436874
436055,436875
436874,436875
430475,436876
436875,436876
434718,436877
436876,436877
431850,436878
436877,436878
430027,436879
436878,436879
429885,436880
436879,436880
432456,436881
436880,436881
430651,436882
436881,436882
429466,436883
436882,436883
430998,436884
436883,436884
427987,436885
427988,436885
436884,436885
426794,436886
436885,436886
428144,436887
436886,436887
424275,436888
436887,436888
423119,436889
436888,436889
436234,436893
436510,436893
436235,436895
436236,436895
436237,436896
436895,436896
435892,436897
436896,436897
438774,436897
436897,436898
439494,436898
437329,436903
437330,436903
436691,436904
436903,436904
436690,436905
436904,436905
436066,436906
436905,436906
304902,305914
305207,305914
304669,305916
305404,305916
305916,305917
306880,305917
305208,305918
305917,305918
305210,305920
305050,305920
305920,305921
307280,305921
306290,305926
306885,305926
436503,437030
437618,437030
435887,437031
437030,437031
437031,437032
437308,437032
434176,437033
437032,437033
436692,437044
437332,437044
437044,437045
437635,437045
437045,437046
437333,437046
437046,437047
437496,437047
436245,437048
437047,437048
435582,437049
437048,437049
437636,437051
438271,437051
436696,437052
437051,437052
437052,437053
437498,437053
437310,437165
438254,437165
436680,437166
437165,437166
437170,437171
437312,437171
305534,306128
305905,306128
305535,306129
305536,306129
305196,306130
305537,306130
305543,306133
305704,306133
305544,306134
306133,306134
306136,306134
306134,306135
306871,306135
306723,306143
307041,306143
306142,306144
306143,306144
306565,306145
306886,306145
306727,306146
307046,306146
356872,356873
357393,356873
436893,437313
437171,437313
436894,437314
437313,437314
437314,437315
438265,437315
437315,437316
438773,437316
437316,437317
437488,437317
437317,437318
439493,437318
437318,437319
440956,437319
437623,437324
438099,437324
435568,437325
437324,437325
306124,306264
307038,306264
307243,306264
305903,306265
306264,306265
306274,306266
307438,306266
306266,306267
306865,306267
305904,306268
306267,306268
304378,306269
306268,306269
306269,306270
306709,306270
303758,306271
306270,306271
303318,306272
306271,306272
305701,306273
306126,306273
306710,306273
305532,306274
306273,306274
305558,306279
305919,306279
305559,306281
306280,306281
306281,306282
306881,306282
306282,306283
307447,306283
305719,306286
305924,306286
305571,306292
306291,306292
306292,306293
306887,306293
306293,306294
306728,306294
306294,306295
307711,306295
306295,306296
307712,306296
306730,306297
307286,306297
306151,306301
307087,306301
437035,437484
437168,437484
437484,437485
438256,437485
436365,437486
437485,437486
465419,466139
466138,466139
289183,291387
291386,291387
307239,306541
307900,306541
306541,306542
306704,306542
307240,306543
308106,306543
305041,306545
305547,306545
441439,437625
439204,437625
437625,437626
438268,437626
305556,306555
305913,306555
437176,437628
437492,437628
438445,437628
306558,306559
307251,306559
307444,306559
306149,306566
306731,306566
305930,306567
306566,306567
306567,306568
307455,306568
306128,306711
306868,306711
306129,306712
306711,306712
306130,306713
306712,306713
305707,306719
306138,306719
306549,306720
306719,306720
306548,306721
306720,306721
307047,306729
307454,306729
511203,509876
511497,509876
306127,306867
306866,306867
306275,306868
306867,306868
305555,306873
306141,306873
305554,306874
306873,306874
306722,306875
306874,306875
306298,306890
307048,306890
306890,306891
307583,306891
312990,313309
313555,313309
312822,313311
313310,313311
313556,313311
313311,313312
314111,313312
314112,313312
313312,313313
316055,313313
313313,313314
316746,313314
436681,438095
437172,438095
437629,438100
439009,438100
438100,438101
438446,438101
436515,438102
438101,438102
437630,438103
438102,438103
436064,438104
438103,438104
435046,438105
438104,438105
307241,307038
307690,307038
306563,307043
306878,307043
308813,307050
310009,307050
307050,307051
307292,307051
306150,307052
307051,307052
306301,307053
307052,307053
304416,307054
307053,307054
305217,307055
307054,307055
304417,307056
307055,307056
303619,307057
307056,307057
302460,307058
307057,307058
303784,307059
307058,307059
303339,307059
302995,307060
307059,307060
302117,307061
307060,307061
302461,307062
307061,307062
301270,307063
307062,307063
300212,307064
307063,307064
301752,307064
301638,307065
307064,307065
300849,307066
307065,307066
299303,307067
307066,307067
299018,307068
307067,307068
301269,307069
307068,307069
299017,307070
307069,307070
297425,307071
298033,307071
307070,307071
296873,307072
307071,307072
297637,307073
307072,307073
295815,307074
307073,307074
295336,307075
307074,307075
297016,307076
307075,307076
295124,307077
307076,307077
293488,307078
307077,307078
292109,307079
307078,307079
293664,307080
307079,307080
291940,307081
307080,307081
307081,307082
291227,307082
295123,307083
307082,307083
290711,307084
307083,307084
289210,307085
307084,307085
291747,307086
307085,307086
439190,438258
439490,438258
438258,438259
438578,438259
437311,438262
438261,438262
436508,438263
438262,438263
438263,438264
438579,438264
306540,307237
307035,307237
307567,307242
308250,307242
306706,307243
307242,307243
305918,307252
306279,307252
307706,307253
307252,307253
306725,307254
307253,307254
307254,307255
308801,307255
307255,307256
307576,307256
307256,307257
307916,307257
307257,307258
308126,307258
307258,307259
309791,307259
307259,307260
310588,307260
307260,307261
309460,307261
307261,307262
311064,307262
307262,307263
310339,307263
307263,307264
310589,307264
307264,307265
312658,307265
307265,307266
312988,307266
307266,307267
311600,307267
307267,307268
311436,307268
307268,307269
312989,307269
307269,307270
311601,307270
307270,307271
312120,307271
307271,307272
313554,307272
307272,307273
315684,307273
307273,307274
316053,307274
307274,307275
316580,307275
307275,307276
316743,307276
306283,307277
307448,307277
307277,307278
307577,307278
306726,307279
306882,307279
307049,307287
307715,307287
307287,307288
308308,307288
306300,307289
307288,307289
305725,307290
307289,307290
436898,438436
438095,438436
437621,438437
438436,438437
438437,438438
439495,438438
438438,438439
438581,438439
436902,438447
437043,438447
437634,438450
438591,438450
438450,438451
439207,438451
438451,438452
438590,438452
307693,307437
308463,307437
307437,307438
307692,307438
307917,307448
308302,307448
306564,307449
305710,307449
436900,438582
437622,438582
438588,438583
439498,438583
438583,438584
439497,438584
438443,438585
438584,438585
437174,438586
438585,438586
437323,438587
438586,438587
306889,307581
307921,307581
307901,307689
308462,307689
440941,438768
439489,438768
438768,438769
439001,438769
436891,438770
438769,438770
306872,307699
307249,307699
306556,307703
306875,307703
438775,438776
439006,438776
305552,307905
307575,307905
307905,307906
308469,307906
307906,307907
308470,307907
307702,307908
307442,307908
307908,307909
308472,307909
308475,307913
308968,307913
306879,307914
307446,307914
308303,307918
308649,307918
438251,438991
438428,438991
307919,307920
307284,307920
440441,438993
440650,438993
441561,438993
438767,438994
438993,438994
438994,438995
440442,438995
438432,438996
438995,438996
437480,438997
438996,438997
438997,438998
439188,438998
437309,438999
438998,438999
436890,439000
438999,439000
438093,439001
439000,439001
438255,439003
439002,439003
437481,439004
437620,439004
438433,439005
438434,439005
440299,439009
441263,439009
308640,308111
308797,308111
308117,308116
307574,308116
439492,439191
441110,439191
308119,308120
308124,308120
308120,308121
308643,308121
308121,308122
308800,308122
308122,308123
309450,308123
439195,439196
438260,439196
439196,439197
435562,439197
307578,308127
308128,308127
439011,439209
439500,439209
307565,308247
307897,308247
308630,308248
308961,308248
309190,308253
310580,308253
308253,308254
308634,308254
308254,308255
308636,308255
306713,308256
308255,308256
306714,308257
308256,308257
308108,308258
308257,308258
306869,308259
308258,308259
308259,308260
308791,308260
308260,308261
308792,308261
305906,308262
308261,308262
306131,308263
308262,308263
305907,308264
308263,308264
305703,308265
308264,308265
305538,308266
308265,308266
308266,308267
308795,308267
305908,308268
308267,308268
308109,308269
308268,308269
307439,308270
308269,308270
305539,308271
308270,308271
303597,308272
308271,308272
306870,308273
308272,308273
304044,308274
308273,308274
305540,308275
308274,308275
303878,308276
308275,308276
304891,308277
308276,308277
305542,308278
308277,308278
304381,308279
308278,308279
305037,308280
308279,308280
305038,308281
308280,308281
305039,308282
308281,308282
303765,308283
308282,308283
303320,308284
308283,308284
308284,308285
302778,308285
309385,308286
308110,308286
308286,308287
307696,308287
308287,308288
308639,308288
307245,308289
308288,308289
306544,308290
308289,308290
306276,308291
308290,308291
306135,308292
308291,308292
308292,308293
308796,308293
308293,308294
309194,308294
307246,308295
308294,308295
307569,308296
308295,308296
307570,308297
308296,308297
308130,308306
307582,308306
308809,308306
309208,308307
308306,308307
466446,466447
465138,466447
333631,335378
335380,335378
334011,335384
335653,335384
336195,335385
336196,335385
438092,439486
438429,439486
440651,439489
442041,439489
440796,439501
440965,439501
439013,439502
439501,439502
439502,439503
440457,439503
308641,308464
309990,308464
308464,308465
307698,308465
308116,308466
306721,308466
308466,308467
308799,308467
308467,308468
309448,308468
307445,308473
307705,308473
308477,308478
308970,308478
307281,308480
307282,308480
307450,308481
307579,308481
307923,308485
308131,308485
291730,291731
309203,291731
309378,308632
309187,308632
307568,308633
308632,308633
308789,308635
309614,308635
309380,308636
308635,308636
309193,308639
309386,308639
308480,308644
308481,308644
308644,308645
309628,308645
309205,308646
309464,308646
307452,308647
308646,308647
307045,308648
308647,308648
308304,308650
309206,308650
307710,308651
308650,308651
307580,308652
308651,308652
308652,308653
310596,308653
308653,308654
309798,308654
307285,308655
308654,308655
307453,308656
308655,308656
308656,308657
309630,308657
308657,308658
308975,308658
306296,308659
308658,308659
329843,337617
337616,337617
309599,308785
308103,308785
308251,308788
308964,308788
309383,308790
309191,308790
308637,308791
308790,308791
308638,308793
309782,308793
308793,308794
309192,308794
307904,308795
308794,308795
308660,308807
309631,308807
309207,308808
308807,308808
309470,308810
310003,308810
308661,308811
308810,308811
307291,308812
308811,308812
305931,308813
308812,308813
532239,532067
534987,532067
398146,400997
398932,400997
400997,400998
401000,400998
399113,401001
401002,401001
399562,401007
401006,401007
531788,532080
534624,532080
530510,532083
532082,532083
400092,401012
401011,401012
400273,401013
401012,401013
531275,532086
532085,532086
529836,532087
532086,532087
528924,532088
532087,532088
530511,532089
532088,532089
400276,401018
401017,401018
308461,308962
309982,308962
401843,401019
402534,401019
401018,401019
308474,308967
309454,308967
401019,401020
402533,401020
403509,401020
400096,401021
401321,401021
307456,308976
309467,308976
311449,308976
308976,308977
309032,308977
306299,308978
308977,308978
305416,308979
308978,308979
307290,308980
308979,308980
400278,401022
401021,401022
308981,308982
304412,308982
304411,308983
308982,308983
304410,308984
308983,308984
302993,308985
304230,308985
308984,308985
301922,308986
308985,308986
308987,308988
301920,308988
300499,308989
308988,308989
300698,308990
308989,308990
299675,308991
308990,308991
299465,308992
308991,308992
298031,308993
308992,308993
298653,308994
308993,308994
297015,308995
308994,308995
308995,308996
295942,308996
298384,308997
308996,308997
294797,308998
296170,308998
308997,308998
295567,308999
308998,308999
293308,309000
294381,309000
308999,309000
309000,309001
294039,309001
292108,309002
309001,309002
292665,309003
309002,309003
291553,309004
309003,309004
291224,309005
309004,309005
290141,309006
290142,309006
309005,309006
309006,309007
291225,309007
289207,309008
309007,309008
307086,309009
309008,309009
288697,309010
309009,309010
287245,309011
309010,309011
286215,309012
309011,309012
287570,309013
286604,309013
309012,309013
286054,309014
309013,309014
285878,309015
309014,309015
283669,309016
309015,309016
280867,309017
309016,309017
283858,309018
309017,309018
284915,309019
309018,309019
282250,309020
309019,309020
283457,309021
309020,309021
283857,309022
309021,309022
280694,309023
309022,309023
284420,309024
309023,309024
309024,309025
283069,309025
279847,309026
309025,309026
281763,309027
309026,309027
280692,309028
309027,309028
280691,309029
309028,309029
309469,309030
310390,309030
309030,309031
309633,309031
308132,309032
309031,309032
309986,309189
311427,309189
308965,309190
309189,309190
309384,309191
309781,309191
307910,309198
308642,309198
440272,440273
438430,440273
310342,309203
310590,309203
439487,440280
440649,440280
440443,440281
440777,440281
440281,440282
441563,440282
440282,440283
442236,440283
439005,440284
440653,440284
440284,440285
440652,440285
438771,440286
440285,440286
437482,440287
440286,440287
438094,440289
438580,440289
438435,440290
440289,440290
441112,440292
441571,440292
440791,440295
440792,440295
439003,440444
439004,440444
440779,440446
441257,440446
309381,309382
309987,309382
309382,309383
309988,309383
304658,309390
316567,309390
308300,309391
309390,309391
308798,309392
309391,309392
309392,309393
310702,309393
311936,309393
307701,309394
309393,309394
308115,309395
309394,309395
309395,309396
314429,309396
308468,309397
309396,309397
311766,309397
309397,309398
312466,309398
309398,309399
309992,309399
309399,309400
312818,309400
309196,309401
309400,309401
309401,309402
309619,309402
309402,309403
312819,309403
307907,309404
309403,309404
313305,309405
309404,309405
309405,309406
309449,309406
309406,309407
311937,309407
306554,309408
309407,309408
309408,309409
310583,309409
309197,309410
309409,309410
309410,309411
310585,309411
309411,309412
307704,309412
309198,309413
309412,309413
309413,309414
309620,309414
309414,309415
311939,309415
309415,309416
314272,309416
308123,309417
309416,309417
309417,309418
310336,309418
313306,309419
309418,309419
309419,309420
309453,309420
309420,309421
310880,309421
313124,309421
309421,309422
315215,309422
309422,309423
311940,309423
309423,309424
315014,309424
315418,309424
311434,309425
309424,309425
309425,309426
316228,309426
309426,309427
311769,309427
309427,309428
315672,309428
309428,309429
311944,309429
309429,309430
316577,309430
309430,309431
313700,309431
309431,309432
314433,309432
309432,309433
314108,309433
309433,309434
316578,309434
309434,309435
317263,309435
309435,309436
315673,309436
309436,309437
316229,309437
309437,309438
319006,309438
309438,309439
316740,309439
309439,309440
318818,309440
309440,309441
321193,309441
309441,309442
321044,309442
309442,309443
318320,309443
309443,309444
321525,309444
309444,309445
322043,309445
309445,309446
323201,309446
309446,309447
323971,309447
308473,309451
308967,309451
307911,309452
309451,309452
308301,309453
309452,309453
310586,309453
309199,309455
309789,309455
309455,309456
310882,309456
309456,309457
310883,309457
308802,309459
308803,309459
309200,309460
309459,309460
309209,309466
311610,309466
309466,309467
312666,309467
421924,421925
398614,421925
439189,440653
440778,440653
439200,440654
440291,440654
440960,440655
442060,440655
440295,440656
440655,440656
439496,440657
440656,440657
438778,440658
440657,440658
438587,440659
440658,440659
437325,440660
440659,440660
435383,440661
440660,440661
436687,440662
440661,440662
434883,440663
440662,440663
433842,440664
440663,440664
440671,440670
441270,440670
309601,309602
310324,309602
308786,309604
309603,309604
309604,309605
310861,309605
308787,309606
309605,309606
309606,309607
310862,309607
309607,309608
310566,309608
308631,309609
309608,309609
308107,309610
309609,309610
309621,309622
309792,309622
309622,309623
310340,309623
308971,309624
309623,309624
309624,309625
310341,309625
309462,309626
309793,309626
308482,309627
309626,309627
307708,309628
309627,309628
309465,309632
310389,309632
438264,440780
440447,440780
440780,440781
441866,440781
439199,440782
440781,440782
441569,440782
440782,440783
441429,440783
440290,440784
440783,440784
440448,440785
440784,440785
440654,440786
440785,440786
440449,440787
440786,440787
440787,440788
442044,440788
440788,440789
442378,440789
309778,309774
312104,309774
308249,309775
309774,309775
309600,309776
309775,309776
308104,309777
309776,309777
310877,309786
313119,309786
400440,401169
401168,401169
440938,440939
441562,440939
440939,440940
440942,440940
440287,440944
440444,440944
440943,440945
440944,440945
440945,440946
441564,440946
440947,440948
442237,440948
440948,440949
442241,440949
440949,440950
442948,440950
440950,440951
443297,440951
440952,440953
441428,440953
440953,440954
440445,440954
439491,440955
440954,440955
439201,440956
440450,440956
441113,440960
441574,440960
439202,440961
440453,440961
440455,440963
440964,440963
532074,532249
532248,532249
410328,401180
422146,401180
310325,309983
310864,309983
309983,309984
311048,309984
310698,309985
311428,309985
309985,309986
310329,309986
310886,309995
311067,309995
309995,309996
311232,309996
309994,309997
309996,309997
309202,309998
309997,309998
308974,310001
309629,310001
310391,310004
311244,310004
310004,310005
310708,310005
308814,310006
310005,310006
309471,310007
310006,310007
308486,310008
310007,310008
308309,310009
310008,310009
440440,441103
441106,441103
440775,441104
441103,441104
441104,441105
442034,441105
440454,441115
440962,441115
444380,444894
444673,444894
313827,313825
312647,313825
312974,313826
313825,313826
444384,444901
444900,444901
442830,444902
444901,444902
444905,444904
446019,444904
313834,313835
314420,313835
313835,313836
314715,313836
312811,313837
313836,313837
444909,444910
445741,444910
445365,444911
445575,444911
444137,444912
444911,444912
441433,441261
442380,441261
441261,441262
440293,441262
440793,441264
441118,441264
440794,441265
441264,441265
441724,441265
441265,441266
442252,441266
441268,441267
442064,441267
309376,310313
310552,310313
310313,310314
311580,310314
310697,310315
310860,310315
309777,310316
310315,310316
310316,310317
310695,310317
308962,310318
310317,310318
307899,310319
310318,310319
307435,310320
307688,310320
310319,310320
307238,310321
310320,310321
306261,310322
310321,310322
306122,310323
310322,310323
310327,310326
310867,310326
310705,310344
315227,310344
310343,310345
310344,310345
309204,310346
310345,310346
308648,310347
310346,310347
309463,310348
310347,310348
307283,310349
310348,310349
308483,310350
310349,310350
307451,310351
310350,310351
306884,310352
310351,310352
306288,310353
310352,310353
310353,310354
305565,310354
306883,310355
310354,310355
310356,310357
306287,310357
310357,310358
304224,310358
303446,310359
305564,310359
310358,310359
310360,310361
302988,310361
303905,310362
310361,310362
310362,310363
301747,310363
442516,441436
441719,441436
301260,310365
310364,310365
302785,310366
310365,310366
303445,310367
310366,310367
301258,310368
310367,310368
442251,441441
442517,441441
311782,310371
312831,310371
307713,310372
308806,310372
310371,310372
310372,310373
310597,310373
308305,310374
310373,310374
310374,310375
310891,310375
307714,310376
310375,310376
308808,310377
310376,310377
307581,310378
310377,310378
306888,310379
310378,310379
306729,310380
310379,310380
306148,310381
310380,310381
306147,310382
310381,310382
305572,310383
310382,310383
305929,310384
310383,310384
303778,310385
303779,310385
310384,310385
303336,310386
310385,310386
303781,310387
310386,310387
293658,294031
294030,294031
441860,441559
442231,441559
441107,441560
441559,441560
441701,441560
441109,441567
441256,441567
442254,441576
442835,441576
311420,310554
311754,310554
310553,310555
310554,310555
309377,310556
310555,310556
309602,310557
310556,310557
308105,310558
310557,310558
307566,310559
310558,310559
308963,310560
310559,310560
307037,310561
307689,310561
310560,310561
307036,310562
310561,310562
306262,310563
310562,310563
307436,310564
310563,310564
311757,310569
310866,310569
309612,310570
310569,310570
310326,310571
310570,310571
308788,310572
310571,310572
308252,310573
310572,310573
307694,310574
310573,310574
309780,310575
310574,310575
307902,310576
310575,310576
309613,310577
310576,310577
307903,310578
309188,310578
310577,310578
309379,310579
310578,310579
310579,310580
307695,310580
311060,310583
312467,310583
311433,310584
312115,310584
310584,310585
311938,310585
309795,310593
310370,310593
310593,310594
311444,310594
309796,310595
310594,310595
309797,310596
310595,310596
311606,310597
311236,310597
310002,310598
310601,310598
310598,310599
311238,310599
310599,310600
311786,310600
441567,441707
442509,441707
440955,441708
441707,441708
441708,441709
443148,441709
441706,441710
441709,441710
441710,441711
442952,441711
441711,441712
444245,441712
441712,441713
442827,441713
444379,441714
441713,441714
441714,441715
443498,441715
442687,441717
443617,441717
442385,441722
443304,441722
441577,441727
441880,441727
441122,441728
441727,441728
442697,441728
441728,441729
442074,441729
311226,310694
311749,310694
310694,310695
311417,310695
311047,310696
311418,310696
309773,310697
310696,310697
309784,310700
309989,310700
309785,310701
310700,310701
311438,310703
311233,310703
309461,310704
310703,310704
310706,310705
311443,310705
309794,310706
310888,310706
376953,379469
377980,379469
438992,441857
441425,441857
441857,441858
442230,441858
441858,441859
444121,441859
441255,441861
441427,441861
441705,441862
442242,441862
441862,441863
442950,441863
441863,441864
442949,441864
441434,441870
441573,441870
442515,441871
441718,441871
440665,441872
441871,441872
442381,441873
442959,441873
441720,441874
441873,441874
440301,441877
441725,441877
311750,310860
311920,310860
310568,310865
312976,310865
309611,310866
310865,310866
311586,310866
310581,310869
311227,310869
309783,310870
310869,310870
310331,310871
310870,310871
310871,310872
312307,310872
310872,310873
311925,310873
311432,310876
311926,310876
310876,310877
311055,310877
310337,310878
310338,310878
310878,310879
311061,310879
310879,310880
311229,310880
309458,310884
309993,310884
311439,310887
311775,310887
310707,310890
312322,310890
310890,310891
311948,310891
442036,442037
442508,442037
442037,442038
443147,442038
442038,442039
442947,442039
441426,442040
441704,442040
437319,442045
440789,442045
441258,442046
442045,442046
441570,442047
442046,442047
442513,442048
442047,442048
441870,442050
444902,442050
442050,442051
442957,442051
442051,442052
442956,442052
442049,442053
442052,442053
441262,442054
442053,442054
440294,442055
442054,442055
437041,442056
442055,442056
436370,442057
442056,442057
442245,442058
442689,442058
442514,442059
442058,442059
441435,442060
442059,442060
441269,442066
441878,442066
442066,442067
442695,442067
441120,442068
442067,442068
440667,442069
442068,442069
442069,442070
442073,442070
440668,442071
442070,442071
441121,442072
442071,442072
310330,311050
310699,311050
311050,311051
311429,311051
311051,311052
311430,311052
310332,311053
310874,311053
310875,311054
311053,311054
311590,311057
311591,311057
310582,311058
311057,311058
311058,311059
311592,311059
441108,442233
441703,442233
442507,442234
442233,442234
442234,442235
443296,442235
441861,442238
441864,442238
441566,442239
442238,442239
442239,442240
443298,442240
441565,442241
442240,442241
443504,442246
445737,442246
441874,442247
442246,442247
441114,442248
442247,442248
440297,442249
442248,442249
320242,320243
320245,320243
311602,311233
312313,311233
442512,442375
441716,442375
441867,442376
442375,442376
442376,442377
442685,442377
441721,442383
442382,442383
441875,442384
442383,442384
312459,311419
312460,311419
311419,311420
312648,311420
311422,311423
311923,311423
311758,311424
311423,311424
311759,311425
311424,311425
311049,311426
311425,311426
310328,311427
311426,311427
312314,311437
312315,311437
312128,311445
312320,311445
311609,311446
312133,311446
311446,311447
310892,311447
311447,311448
309632,311448
311448,311449
308485,311449
379296,379591
380411,379591
379591,379592
380412,379592
379592,379593
379733,379593
510666,510667
511181,510667
357016,357762
357388,357762
357189,357763
357762,357763
311582,311583
312302,311583
311934,311589
312464,311589
310335,311590
311589,311590
312113,311591
312114,311591
311063,311597
311599,311597
310885,311598
311597,311598
311065,311600
311066,311600
442042,442681
442680,442681
311949,311610
312667,311610
442682,442683
442953,442683
442688,442687
443618,442687
441876,442692
442831,442692
441723,442693
442692,442693
312808,311751
312975,311751
311751,311752
312461,311752
310565,311753
311752,311753
311581,311754
311753,311754
443305,442832
443511,442832
442832,442833
444912,442833
442833,442834
443654,442834
310881,311767
311062,311767
311767,311768
311770,311768
311768,311769
311941,311769
311771,311772
312312,311772
311231,311773
311772,311773
312319,311778
314117,311778
311235,311779
311778,311779
311445,311780
311779,311780
308659,311781
311780,311781
310889,311782
311781,311782
311783,311784
312476,311784
443153,442960
443154,442960
444387,442961
442960,442961
442065,442962
442961,442962
440963,442963
442962,442963
438269,442964
442963,442964
438780,442965
442964,442965
441576,442966
442965,442966
441442,442967
442966,442967
441267,442968
442967,442968
312814,311927
314728,311927
311763,311928
311927,311928
309991,311929
310334,311929
311928,311929
311588,311930
311929,311930
309387,311931
311930,311931
308465,311932
311931,311932
309617,311933
311932,311933
312656,311937
313886,311937
311230,311942
311595,311942
311942,311943
312311,311943
311943,311944
312820,311944
432500,509681
509680,509681
443149,443148
443818,443148
442250,443152
442691,443152
443655,443153
443964,443153
443308,443154
443965,443154
311052,312107
312305,312107
312107,312108
312980,312108
312108,312109
312111,312109
313832,312110
312109,312110
311760,312111
311431,312111
310868,312111
312306,312111
311776,312123
312316,312123
311603,312124
312317,312124
311069,312125
312124,312125
311946,312126
312125,312126
312835,312132
313143,312132
312132,312133
312665,312133
442506,443294
442946,443294
442232,443295
443294,443295
443952,443298
444126,443298
442954,443299
443150,443299
443299,443300
444131,443300
442690,443302
443506,443302
443152,443303
443302,443303
443306,443305
443962,443305
442694,443309
443656,443309
312106,312305
312651,312305
312662,312319
313318,312319
312477,312323
312834,312323
311237,312324
312323,312324
311607,312325
312324,312325
311070,312326
312325,312326
309799,312327
312326,312327
310388,312328
312327,312328
308484,312329
312328,312329
444125,443496
444506,443496
442043,443499
442684,443499
443499,443500
445225,443500
443505,443503
443822,443503
443503,443504
444907,443504
443307,443508
443963,443508
443508,443509
444138,443509
443509,443510
444517,443510
442253,443511
443510,443511
312817,312466
313884,312466
312821,312468
312986,312468
313134,312470
313135,312470
312122,312471
312470,312471
312471,312472
312474,312472
311234,312473
312472,312473
444247,443617
444383,443617
443303,443624
444910,443624
443624,443625
444386,443625
443625,443626
444249,443626
442384,443627
443626,443627
441115,443628
443627,443628
441722,443629
443628,443629
439205,443630
443629,443630
438106,443631
443630,443631
439010,443632
443631,443632
441116,443633
443632,443633
438447,443634
443633,443634
441117,443635
443634,443635
441441,443636
442063,443636
443635,443636
437631,443637
443636,443637
440300,443638
443637,443638
437493,443639
438779,443639
443638,443639
436242,443640
443639,443640
436371,443641
443640,443641
437326,443642
437494,443642
443641,443642
435387,443643
443642,443643
434908,443644
443643,443644
436688,443645
443644,443645
434724,443646
443645,443646
443646,443647
436689,443647
435162,443648
443647,443648
433849,443649
443648,443649
436065,443650
443649,443650
443155,443658
443311,443658
443658,443659
444140,443659
443659,443660
444682,443660
312105,312650
312810,312650
312310,312654
313692,312654
312119,312658
313132,312658
312991,312660
313138,312660
312824,312661
313317,312661
311777,312662
312661,312662
488832,489022
489695,489022
487990,489023
489022,489023
443614,443812
444123,443812
443151,443820
444248,443820
442829,443821
443820,443821
444136,443823
444516,443823
442228,442503
442505,442503
444641,445349
444886,445349
443610,445350
445349,445350
313120,312814
313548,312814
313122,312816
313883,312816
313303,312819
313304,312819
315013,312819
312130,312826
317462,312826
319022,312826
312826,312827
313322,312827
312129,312828
312827,312828
312321,312829
312828,312829
311784,312830
312829,312830
311605,312831
312830,312831
443501,443953
443616,443953
443953,443954
444129,443954
443954,443955
444130,443955
443955,443956
445069,443956
443956,443957
445730,443957
446452,443958
444680,443958
553926,554604
553533,554604
312297,312971
312973,312971
313823,312972
312971,312972
441568,442509
442243,442509
312303,312977
312809,312977
312304,312978
312977,312978
313110,312979
313691,312979
312979,312980
313544,312980
312982,312981
314096,312981
334655,336405
336404,336405
314101,313112
314262,313112
312983,313113
313112,313113
312112,313114
313113,313114
312652,313115
313114,313115
311056,313116
313115,313116
311762,313117
313116,313117
309616,313118
313117,313118
309195,313119
313118,313119
313550,313124
314107,313124
312117,313125
312657,313125
313125,313126
313130,313126
313126,313127
313888,313127
313127,313128
314434,313128
313128,313129
315843,313129
312825,313140
313320,313140
314118,313141
313560,313141
311785,313142
312478,313142
313141,313142
442235,444232
443812,444232
443813,444233
444124,444233
444232,444233
444236,444235
445065,444235
443815,444236
444237,444236
443497,444238
443615,444238
444238,444239
444891,444239
444239,444240
446450,444240
444240,444241
447236,444241
444241,444242
447353,444242
443817,444243
444127,444243
442951,444244
444243,444244
315168,313292
316213,313292
312806,313293
313292,313293
313829,313296
313535,313296
311585,313297
313296,313297
311921,313298
313297,313298
313298,313299
314092,313299
313549,313301
314104,313301
312655,313302
313301,313302
313885,313303
315210,313303
443810,444378
444377,444378
444896,444381
444128,444381
313309,313310
313891,313310
314277,313315
313314,313315
313898,313318
313899,313318
313900,313319
314436,313319
313140,313321
313902,313321
313321,313322
313705,313322
350372,350373
362489,350373
444897,444512
443300,444512
442377,444513
444512,444513
312650,313538
312978,313538
313538,313539
313542,313539
313539,313540
313689,313540
313540,313541
314258,313541
312659,313553
313133,313553
313553,313554
315019,313554
442679,444642
444378,444642
440951,444645
445216,444645
444235,444646
444645,444646
444646,444647
445064,444647
444647,444648
446303,444648
444648,444649
445728,444649
444649,444650
455093,444650
444650,444651
450191,444651
444651,444652
448753,444652
444652,444653
446913,444653
449203,444653
444653,444654
446449,444654
444654,444655
447352,444655
444655,444656
449629,444656
444656,444657
448117,444657
444657,444658
449973,444658
444658,444659
450355,444659
444659,444660
450493,444660
444660,444661
450880,444661
444661,444662
451656,444662
444662,444663
451832,444663
444663,444664
452662,444664
444664,444665
451023,444665
444665,444666
451833,444666
444666,444667
449206,444667
444667,444668
451996,444668
444668,444669
445224,444669
444669,444670
451657,444670
444670,444671
450495,444671
444671,444672
447508,444672
442683,444674
444381,444674
444511,444675
444674,444675
444675,444676
446012,444676
444676,444677
446601,444677
443500,444678
444677,444678
446013,444678
444678,444679
446602,444679
314105,313694
314266,313694
313694,313695
314432,313695
313695,313696
314106,313696
313123,313697
313696,313697
312985,313700
313551,313700
445350,444887
445564,444887
442504,444888
444887,444888
441105,444889
444888,444889
444889,444890
446133,444890
443816,444892
444509,444892
444510,444893
444892,444893
445226,444897
445353,444897
445573,444900
446017,444900
313109,313830
313537,313830
313830,313831
314257,313831
312110,313833
315204,313833
313833,313834
311924,313834
445739,444908
446940,444908
444135,444909
444908,444909
313837,313838
313111,313838
313838,313839
314421,313839
313839,313840
313875,313840
313840,313841
310873,313841
314720,313842
313841,313842
313842,313843
312981,313843
311054,313844
313843,313844
310701,313845
313844,313845
309615,313846
313845,313846
311761,313847
313846,313847
312308,313848
313847,313848
313848,313849
322231,313849
310333,313850
313849,313850
308297,313851
313850,313851
309786,313852
313851,313852
306277,313853
313852,313853
308111,313854
313853,313854
308298,313855
313854,313855
313855,313856
307697,313856
305399,313857
313856,313857
307571,313858
313857,313858
305200,313859
303884,313859
313858,313859
307039,313860
313859,313860
307247,313861
313860,313861
306545,313862
313861,313862
311933,313863
313862,313863
307572,313864
313863,313864
305202,313865
313864,313865
308299,313866
313865,313866
306715,313867
313866,313867
309388,313868
313867,313868
309389,313869
313868,313869
306716,313870
313869,313870
308966,313871
313870,313871
309787,313872
313871,313872
307573,313873
313872,313873
308112,313874
313873,313874
314716,313875
314717,313875
314263,313877
314422,313877
313300,313878
313877,313878
312984,313879
313878,313879
313879,313880
314423,313880
313880,313881
314264,313881
312653,313882
313881,313882
314279,313892
315686,313892
313558,313893
313892,313893
313901,313902
315025,313902
313706,313903
314437,313903
313323,313904
313903,313904
313904,313905
315027,313905
313905,313906
314733,313906
312833,313907
313906,313907
444122,445062
444504,445062
445352,445065
445569,445065
444244,445066
444893,445066
313106,314090
313828,314090
313547,314098
314722,314098
314098,314099
315411,314099
314099,314100
315007,314100
315024,314114
315426,314114
313559,314115
314114,314115
313319,314116
314115,314116
312663,314117
314116,314117
444642,445190
444890,445190
445190,445191
448612,445191
445191,445192
446442,445192
445192,445193
445725,445193
443612,445194
445193,445194
445194,445195
447506,445195
443613,445196
445195,445196
441859,445197
445196,445197
445062,445198
445197,445198
445198,445199
448893,445199
445199,445200
447638,445200
444505,445201
445200,445201
445201,445202
447234,445202
445202,445203
448292,445203
445203,445204
447347,445204
444233,445205
445204,445205
445205,445206
446135,445206
443951,445207
445206,445207
443814,445208
445207,445208
444643,445209
445208,445209
443496,445210
445209,445210
442039,445211
442040,445211
445210,445211
444507,445212
445211,445212
444234,445213
445212,445213
444644,445214
445213,445214
442826,445215
445214,445215
444508,445216
445215,445216
441715,445218
445066,445218
445218,445219
445886,445219
444242,445220
445219,445220
445067,445221
445220,445221
445221,445222
446136,445222
445222,445223
448464,445223
445223,445224
448898,445224
445891,445228
446022,445228
444518,445231
445074,445231
444139,445232
445231,445232
446030,445233
451326,445233
444683,445234
445233,445234
445234,445235
444390,445235
443966,445236
445235,445236
442970,445237
445236,445237
442519,445238
445237,445238
440456,445239
440795,445239
445238,445239
441729,445240
445239,445240
439503,445241
445240,445241
446915,446916
447356,446916
313543,314259
314419,314259
313690,314260
314259,314260
314260,314261
316219,314261
316575,314267
318559,314267
313699,314268
314267,314268
313887,314269
314268,314269
313698,314270
314269,314270
313697,314271
314270,314271
312116,314272
314271,314272
313704,314280
313316,314280
446607,445354
446751,445354
444514,445356
445355,445356
445358,445359
446018,445359
444903,445360
445359,445360
446140,445361
446454,445361
445370,445368
445894,445368
444914,445369
445368,445369
445571,446918
446917,446918
446918,446919
446453,446919
466146,467462
469743,467462
314090,314411
315404,314411
313294,314412
314411,314412
314412,314413
317065,314413
314413,314414
316887,314414
314414,314415
317246,314415
314415,314416
314710,314416
313108,314418
315196,314418
315005,314421
316403,314421
315207,314424
316902,314424
315208,314425
315413,314425
314424,314426
314425,314426
313302,314427
313693,314427
314426,314427
312816,314428
314427,314428
312465,314429
314428,314429
313703,314435
314730,314435
335828,336400
336399,336400
336400,336401
337393,336401
336401,336402
336954,336402
336192,336403
336402,336403
335008,336404
336403,336404
445883,445564
446010,445564
445063,445566
445727,445566
445566,445567
445885,445567
445567,445568
446447,445568
445371,445577
446145,445577
467625,467481
467899,467481
467903,467484
468355,467484
467317,467485
467484,467485
466968,467486
467485,467486
335829,336415
339210,336415
335212,336416
336415,336416
336416,336417
336986,336417
446134,445725
446596,445725
446455,445733
446938,445733
445733,445734
446020,445734
444906,445735
445734,445735
443623,445736
445735,445736
443622,445737
445736,445737
446141,445738
447784,445738
444385,445739
445738,445739
445889,445740
446305,445740
445740,445741
445890,445741
445073,445744
445367,445744
445366,445745
445744,445745
445745,445746
447104,445746
313534,314710
314417,314710
315408,314718
315409,314718
314718,314719
314721,314719
314095,314720
314719,314720
315206,314723
315838,314723
314723,314724
315837,314724
314724,314725
315008,314725
313876,314726
314725,314726
312813,314727
314102,314727
314726,314727
312309,314728
314727,314728
317104,314735
318574,314735
314735,314736
315232,314736
313324,314737
314736,314737
312664,314738
314737,314738
313142,314739
314738,314739
312479,314740
314739,314740
310600,314741
314740,314741
308307,314742
314741,314742
314742,314743
307922,314743
312329,314744
314743,314744
306568,314745
314744,314745
308129,314746
314745,314746
305574,314747
314746,314747
306297,314748
314747,314748
305573,314749
314748,314749
304682,314750
314749,314750
338161,338162
339201,338162
533543,533065
534049,533065
533406,533066
533065,533066
444895,445887
445888,445887
402370,401995
401994,401995
401172,401996
401995,401996
402531,401997
401009,401997
401996,401997
402228,402003
402002,402003
399907,398928
398927,398928
446311,446027
447367,446027
447650,446027
446312,446029
447107,446029
445577,446030
446029,446030
314093,315000
314094,315000
314714,315001
315000,315001
315001,315002
315195,315002
315002,315003
316032,315003
315407,315005
315831,315005
315414,315010
316046,315010
315010,315011
315211,315011
314430,315012
315011,315012
314431,315013
315012,315013
314109,315015
314274,315015
313889,315016
315015,315016
271536,270956
271537,270956
314278,315021
315420,315021
315228,315022
315848,315022
403048,402029
402028,402029
315424,315024
315849,315024
444894,446136
445887,446136
446603,446138
447355,446138
445742,446144
446025,446144
292097,292813
292099,292813
291545,292814
292813,292814
293849,292815
292814,292815
292815,292816
292983,292816
422553,423890
423889,423890
421881,423891
423890,423891
421209,423892
423891,423892
420528,423893
421060,423893
423892,423893
424289,423897
425705,423897
316211,315166
317062,315166
315166,315167
315369,315167
314089,315168
315167,315168
314416,315171
319864,315171
313107,315172
315171,315172
314091,315173
315172,315173
316030,315173
314711,315174
315173,315174
316542,315174
315174,315175
316218,315175
315175,315176
315405,315176
316395,315176
313295,315177
314712,315177
315176,315177
313299,315178
315177,315178
312649,315179
315178,315179
312462,315180
315179,315180
311583,315181
315180,315181
311584,315182
315181,315182
310863,315183
315182,315183
310567,315184
315183,315184
309984,315185
315184,315185
309610,315186
315185,315186
308633,315187
315186,315187
307691,315188
315187,315188
307244,315189
315188,315189
306707,315190
315189,315190
306708,315191
315190,315191
306125,315192
315191,315192
305398,315193
315192,315193
304377,315194
315193,315194
313831,315197
314418,315197
315197,315198
315830,315198
315198,315199
316732,315199
314261,315202
316041,315202
315202,315203
315663,315203
315203,315204
315406,315204
316409,315208
316568,315208
316226,315213
316227,315213
315213,315214
315671,315214
314273,315215
315214,315215
313890,315216
314110,315216
315216,315217
315682,315217
315217,315218
316416,315218
315023,315219
317453,315219
313896,315220
315219,315220
315423,315220
313895,315221
315220,315221
313894,315222
315221,315222
312318,315223
315222,315223
312475,315224
315223,315224
312127,315225
315224,315225
311441,315226
315225,315226
311442,315227
315226,315227
445565,446300
445884,446300
445351,446301
446300,446301
315230,315231
315853,315231
314283,315232
315231,315232
446760,446311
446947,446311
446460,446312
446948,446312
316216,315371
316886,315371
445217,446444
446443,446444
315372,315373
314999,315373
315373,315374
313826,315374
312807,315375
315374,315375
315375,315376
315169,315376
312646,315377
315376,315377
315370,315379
315378,315379
313824,315381
315380,315381
312299,315382
315381,315382
315383,315384
315828,315384
315384,315385
311919,315385
315385,315386
313293,315386
312103,315388
315387,315388
315388,315389
310314,315389
311918,315390
315389,315390
311579,315391
315390,315391
309375,315392
315391,315392
309185,315393
315392,315393
315393,315394
322486,315394
307237,315395
315394,315395
308248,315396
315395,315396
307898,315397
315396,315397
306703,315398
315397,315398
304554,315399
304888,315399
315398,315399
304043,315400
315399,315400
310323,315401
315400,315401
303756,315402
315401,315402
306542,315403
315402,315403
315170,315404
316029,315404
315209,315413
316044,315413
315850,315425
316582,315425
314732,315426
315425,315426
379467,380257
379599,380257
349627,350937
351119,350937
380792,380263
381057,380263
446743,446593
447344,446593
446593,446594
447502,446594
446594,446595
447345,446595
445068,446599
446137,446599
444246,446600
446599,446600
446600,446601
447354,446601
447093,446604
448119,446604
446604,446605
446748,446605
445071,446606
446605,446606
444681,446607
446606,446607
315009,315666
315665,315666
314103,315667
315666,315667
313121,315668
315667,315668
313129,315674
315016,315674
315674,315675
315017,315675
316230,315675
315675,315676
316741,315676
446921,446749
447094,446749
446749,446750
447238,446750
446750,446751
446752,446751
446142,446755
447100,446755
446755,446756
446941,446756
446756,446757
447361,446757
446457,446758
446757,446758
447362,446758
314734,315689
316752,315689
315689,315690
316753,315690
316539,315826
316540,315826
315826,315827
317616,315827
315827,315828
316214,315828
315410,315832
316043,315832
315832,315833
316547,315833
315833,315834
316895,315834
315834,315835
317083,315835
315416,315841
315417,315841
446916,446917
446747,446917
446919,446920
445572,446920
447642,446923
448120,446923
446923,446924
447239,446924
446924,446925
446936,446925
446016,446927
446926,446927
446139,446928
446927,446928
445072,446929
446928,446929
444134,446930
446929,446930
443620,446931
446930,446931
444899,446932
446931,446932
445357,446933
446932,446933
446304,446934
446933,446934
443619,446935
446934,446935
447099,446939
447644,446939
446456,446940
446939,446940
445746,446942
447649,446942
446307,446943
446942,446943
446943,446944
447243,446944
445743,446945
446944,446945
446614,446946
446945,446946
446908,447092
447640,447092
446937,447098
447240,447098
446613,447103
447102,447103
313541,316033
315199,316033
317248,316034
316033,316034
315004,316035
316034,316035
315660,316036
316035,316036
316036,316037
316040,316037
316037,316038
316891,316038
315200,316039
315201,316039
315661,316040
316039,316040
316220,316041
316401,316041
316545,316041
315415,316047
316225,316047
314729,316048
316047,316048
316048,316049
316410,316049
316049,316050
316736,316050
313552,316053
315018,316053
314113,316056
315020,316056
317419,316212
317615,316212
315825,316213
316212,316213
316217,316215
317064,316215
316215,316216
316541,316216
315658,316217
315829,316217
315419,316231
316052,316231
313315,316233
316056,316233
446302,447349
446909,447349
446744,447350
447349,447350
447235,447351
447350,447351
447098,447359
448911,447359
447359,447360
448908,447360
446458,447363
447103,447363
447789,447364
447790,447364
447652,447366
447792,447366
448124,447366
447366,447367
447651,447367
467784,467785
467901,467785
315003,316397
316031,316397
316397,316398
316888,316398
316398,316399
317622,316399
316546,316402
316893,316402
316402,316403
317250,316403
315664,316405
316221,316405
316042,316406
316405,316406
313702,316413
315845,316413
316413,316414
316415,316414
315422,316418
316748,316418
315421,316419
316418,316419
447637,447503
448114,447503
447503,447504
447778,447504
445726,447505
447504,447505
447346,447506
447505,447506
446011,447507
446451,447507
446598,447508
447507,447508
447783,447509
450193,447509
447509,447510
451029,447510
447510,447511
448903,447511
447237,447512
447511,447512
446138,447513
447512,447513
446014,447514
447513,447514
443960,447515
447514,447515
444382,447516
443819,447516
447515,447516
447516,447517
446920,447517
445227,447518
447517,447518
444898,447519
447518,447519
442955,447520
447519,447520
447096,447522
447097,447522
446754,447523
447643,447523
317436,316549
327385,316549
316549,316550
316901,316550
315839,316551
316550,316551
315669,316552
316551,316552
317092,316552
315668,316553
316552,316553
312815,316554
316553,316554
312654,316555
316554,316555
311593,316556
316555,316556
313882,316557
316556,316557
311059,316558
316557,316558
309618,316559
316558,316559
313874,316560
316559,316560
308113,316561
316560,316561
309788,316562
316561,316562
311228,316563
316562,316563
447635,447636
448291,447636
311765,316567
316566,316567
315842,316574
316573,316574
448301,447647
447525,447647
447646,447649
447648,447649
450192,447783
450881,447783
315205,316733
316548,316733
336778,336779
338006,336779
316210,316885
316731,316885
318966,316886
320226,316886
315662,316890
316544,316890
316890,316891
316892,316891
316223,316896
316407,316896
316734,316897
316896,316897
316897,316898
317255,316898
316898,316899
318991,316899
316899,316900
317085,316900
316909,316907
317444,316907
316234,316908
316907,316908
316747,316910
317445,316910
316910,316911
317103,316911
316422,316914
317638,316914
485270,486286
485601,486286
554882,555279
557360,555279
553797,555281
557216,555281
554713,555282
555281,555282
449212,448123
451182,448123
318794,317063
320052,317063
317063,317064
317420,317064
316406,317071
317252,317071
317071,317072
318541,317072
317072,317073
317430,317073
317073,317074
319374,317074
317074,317075
318545,317075
317075,317076
320388,317076
320872,317076
317076,317077
320869,317077
317077,317078
321184,317078
317078,317079
322027,317079
317079,317080
322032,317080
317080,317081
323175,317081
317081,317082
324170,317082
317630,317086
318551,317086
317086,317087
317257,317087
317087,317088
318550,317088
315840,317089
317088,317089
317089,317090
318549,317090
316224,317091
317090,317091
314265,317092
317091,317092
317261,317096
315841,317096
316904,317097
317096,317097
316232,317100
316744,317100
316745,317101
317100,317101
317101,317102
318324,317102
316914,317104
318330,317104
447521,448295
447641,448295
448295,448296
448615,448296
316404,317251
316894,317251
318540,317251
317251,317252
318317,317252
316903,317258
316569,317258
316045,317259
316570,317259
317094,317260
317259,317260
317440,317261
319200,317261
313897,315023
315022,315023
315847,315023
446758,448467
448471,448467
448467,448468
448627,448468
448468,448469
450202,448469
448469,448470
450359,448470
447786,448471
448299,448471
448630,448472
448917,448472
316543,317423
317069,317423
316400,317425
316889,317425
316222,317430
317253,317430
317629,317433
319698,317433
317433,317434
318547,317434
317434,317435
318318,317435
317256,317436
317435,317436
316751,317447
318564,317447
316421,317448
317447,317448
316420,317449
317448,317449
317449,317450
318328,317450
317450,317451
318563,317451
316750,317452
317451,317452
317446,317453
317452,317453
319392,317454
319891,317454
317269,317455
317454,317455
317455,317456
315852,317456
317456,317457
315851,317457
317457,317458
318569,317458
315428,317459
317458,317459
315688,317460
317459,317460
313907,317461
317460,317461
312832,317462
312992,317462
317461,317462
448750,448609
449486,448609
447776,448610
448609,448610
447636,448611
448610,448611
446595,448612
448611,448612
448622,448618
448759,448618
447522,448619
448618,448619
448619,448620
448906,448620
448617,448621
448620,448621
448623,448622
449210,448622
448122,448624
449211,448624
448625,448626
449213,448626
448626,448627
450201,448627
448629,448628
449214,448628
489032,489835
489542,489835
489541,489836
489835,489836
358908,358765
360115,358765
358765,358766
358907,358766
359609,358768
359610,358768
489841,489842
490669,489842
317067,317620
317247,317620
317068,317621
317620,317621
316900,317626
320706,317626
316408,317627
317626,317627
316735,317628
317627,317628
317628,317629
319187,317629
316050,317631
317260,317631
317631,317632
318993,317632
317095,317633
317632,317633
356144,358775
358774,358775
355779,358776
358775,358776
337376,336934
337813,336934
449201,448750
449625,448750
447781,448755
448754,448755
449498,448759
450197,448759
336382,336940
336383,336940
336942,336941
337384,336941
447780,448898
449207,448898
448758,448899
450194,448899
448118,448900
448899,448900
448900,448901
451030,448901
448901,448902
449975,448902
448757,448903
448902,448903
449209,448906
449976,448906
448912,448909
449977,448909
448909,448910
450198,448910
448910,448911
449631,448911
293278,293279
292823,293279
293301,293302
296517,293302
448115,449202
448613,449202
448293,449204
448463,449204
449204,449205
449630,449205
449205,449206
450494,449206
449998,449215
450203,449215
448915,449216
449215,449216
448473,449218
448920,449218
411670,412134
412133,412134
318795,318307
320054,318307
317619,318308
318307,318308
317070,318314
317249,318314
318314,318315
318805,318315
317093,318319
317438,318319
316579,318322
319010,318322
315218,318323
318322,318323
317268,318326
318562,318326
316749,318327
318326,318327
318575,318330
319025,318330
477272,477604
478160,477604
478341,477604
476788,477606
477605,477606
449200,449486
449970,449486
450485,449486
449202,449488
449627,449488
448895,449489
449488,449489
449489,449490
450877,449490
449490,449491
450878,449491
448752,449492
449491,449492
450609,449492
449492,449493
451298,449493
449493,449494
451830,449494
449494,449495
451648,449495
450199,449499
450200,449499
448760,449500
449499,449500
449500,449501
449799,449501
448913,449502
449501,449502
448466,449503
449502,449503
448474,449504
449634,449504
449504,449505
450362,449505
449505,449506
450501,449506
357761,359765
359068,359765
315029,315229
315691,315229
315229,315230
315854,315230
359234,359768
359937,359768
317254,318543
317431,318543
318543,318544
318546,318544
318542,318545
318544,318545
319201,318553
319202,318553
448894,449627
449487,449627
449796,449629
450614,449629
450502,449635
451044,449635
449999,449637
449636,449637
319390,318566
319888,318566
319023,318567
318566,318567
447654,449640
449639,449640
319024,318569
318568,318569
319895,318570
320553,318570
317637,318571
318570,318571
317270,318572
318571,318572
315690,318573
318572,318573
315028,318574
318573,318574
448896,449791
449972,449791
449791,449792
450488,449792
447639,449793
449792,449793
449793,449794
451168,449794
448897,449795
449794,449795
448918,449800
449217,449800
448919,449801
449800,449801
449801,449802
451190,449802
449802,449803
450890,449803
449803,449804
452173,449804
317621,318796
318969,318796
317423,318797
318796,318797
318797,318798
320058,318798
318798,318799
320230,318799
318799,318800
320529,318800
318310,318801
318800,318801
318311,318802
318801,318802
316396,318803
318802,318803
318803,318804
319865,318804
317097,318809
317633,318809
318809,318810
319878,318810
318810,318811
320537,318811
318811,318812
319199,318812
318812,318813
320241,318813
318813,318814
321518,318814
318814,318815
322037,318815
318815,318816
321854,318816
318816,318817
322643,318817
307276,318819
318323,318819
319204,318819
318819,318820
319205,318820
447775,449966
450189,449966
449966,449967
450608,449967
449967,449968
454083,449968
449968,449969
451645,449969
452476,449969
450499,449978
451040,449978
449797,449979
449978,449979
449798,449980
449979,449980
448624,449981
449980,449981
447524,449982
449981,449982
448123,449983
449982,449983
448298,449984
449983,449984
447785,449985
449984,449985
446021,449986
449503,449986
449985,449986
446612,449987
449986,449987
445574,449988
449987,449988
443507,449989
449988,449989
445228,449990
449989,449990
445362,449991
449990,449991
443651,449992
449991,449992
443652,449993
449992,449993
443653,449994
449993,449994
443961,449995
445229,449995
449994,449995
445230,449996
449995,449996
445363,449997
449996,449997
319175,318964
319526,318964
318964,318965
319690,318965
317617,318966
318965,318966
318309,318969
319364,318969
318804,318970
320232,318970
316399,318971
318970,318971
317424,318972
318971,318972
318972,318973
319176,318973
317425,318974
318973,318974
318974,318975
320233,318975
317426,318976
318975,318976
317427,318977
318976,318977
318977,318978
320867,318978
318978,318979
320695,318979
318312,318980
318979,318980
319867,318980
318980,318981
319868,318981
318981,318982
320383,318982
317623,318983
318982,318983
318983,318984
320384,318984
317624,318985
318984,318985
318313,318986
318985,318986
317428,318987
317429,318987
318987,318988
319184,318988
319203,318994
319702,318994
318560,318994
317443,318995
318994,318995
316739,318996
318995,318996
316412,318997
318996,318997
316905,318998
318997,318998
318998,318999
319000,318999
318999,319001
319881,319001
317634,319002
319001,319002
319002,319003
319882,319003
319003,319004
320065,319004
319004,319005
320066,319005
319005,319006
320878,319006
300693,319007
315681,319007
319007,319008
320714,319008
319008,319009
320715,319009
318325,319012
320542,319012
319012,319013
320400,319013
319013,319014
320879,319014
319212,319015
319539,319015
319015,319016
320073,319016
318565,319017
319016,319017
317635,319018
319017,319018
316235,319019
319018,319019
316912,319020
319019,319020
315026,319021
319020,319021
315427,319022
319021,319022
346884,346694
347554,346694
451472,450193
452166,450193
450500,450204
450619,450204
345599,346695
346694,346695
346885,346695
318538,319171
319173,319171
317614,319172
319171,319172
319692,319176
319866,319176
316038,319177
318986,319177
319177,319178
320234,319178
318315,319179
319178,319179
319179,319180
321182,319180
319180,319181
321345,319181
318988,319182
319181,319182
319182,319183
321183,319183
318319,319188
319382,319188
317258,319189
319188,319189
317439,319190
319189,319190
319190,319191
319877,319191
318992,319192
319191,319192
319192,319193
320239,319193
319193,319194
319383,319194
319194,319195
319700,319195
319195,319196
320711,319196
319196,319197
320395,319197
319197,319198
321360,319198
449971,450352
450487,450352
450352,450353
451167,450353
450610,450354
451299,450354
449497,450356
450195,450356
448904,450357
450356,450357
450357,450358
451177,450358
363962,364160
365566,364160
446301,446443
447092,446443
318316,319366
318539,319366
318806,319366
319365,319367
319366,319367
319367,319368
320868,319368
315657,315372
315371,315372
319185,319370
319369,319370
319186,319371
319370,319371
319371,319372
320698,319372
319372,319373
319376,319373
319373,319374
320699,319374
318989,319377
319528,319377
319869,319377
318990,319378
319529,319378
318808,319380
319379,319380
319380,319381
319873,319381
319874,319382
319381,319382
319014,319384
319536,319384
319704,319386
320069,319386
320547,319391
320254,319391
317636,319392
319391,319392
312301,315378
315377,315378
312300,315380
315379,315380
450489,450490
450879,450490
450490,450491
450611,450491
450886,450498
451475,450498
450498,450499
451181,450499
315382,315383
314410,315383
529242,530015
530014,530015
446023,446458
446024,446458
315386,315387
312298,315387
527186,530016
530015,530016
363651,364167
363652,364167
320532,319696
322035,319696
319530,319697
319696,319697
319697,319698
320061,319698
451306,450884
453785,450884
448907,450885
450884,450885
279351,271756
271755,271756
450361,450892
450891,450892
449805,450893
450892,450893
450893,450894
451309,450894
403499,402829
403746,402829
271760,271761
283063,271761
320378,319857
322492,319857
317618,319858
319857,319858
319858,319859
320528,319859
318306,319860
319859,319860
317421,319861
319860,319861
318308,319862
319861,319862
317422,319863
319862,319863
317066,319864
319863,319864
319699,319870
320390,319870
532924,533909
534050,533909
320392,319875
320393,319875
319875,319876
320394,319876
319876,319877
320238,319877
319533,319878
320063,319878
319534,319880
320246,319880
319880,319881
320712,319881
320247,319882
320713,319882
317265,319883
320068,319883
319209,319885
319387,319885
320404,319889
320253,319889
319889,319890
320405,319890
319213,319891
319890,319891
320548,319893
320720,319893
319892,319894
319893,319894
317463,319895
318824,319895
319894,319895
402378,402842
402841,402842
460197,460198
461837,460198
342355,342356
343447,342356
533550,533916
534051,533916
533916,533917
535456,533917
533917,533918
534052,533918
532671,533919
533918,533919
398164,402848
402847,402848
462467,460199
460198,460199
531657,533921
533920,533921
449496,451023
451022,451023
451172,451024
451658,451024
451024,451025
451471,451025
450882,451028
451027,451028
451028,451029
451659,451029
451033,451031
452481,451031
451031,451032
451842,451032
452000,451040
452169,451040
450888,451042
451480,451042
320227,320055
320691,320055
320055,320056
320864,320056
320228,320057
320056,320057
320057,320058
320229,320058
320719,320070
321051,320070
320070,320071
320403,320071
320071,320072
320546,320072
319705,320073
320072,320073
451649,451169
453767,451169
450612,451170
451650,451170
451170,451171
452163,451171
450883,451174
451474,451174
451174,451175
451997,451175
451175,451176
452339,451176
451176,451177
451303,451177
450616,451179
451036,451179
451307,451183
451670,451183
451183,451184
451671,451184
450887,451185
451184,451185
451185,451186
451843,451186
450618,451187
451041,451187
451186,451187
451187,451188
452342,451188
320526,320222
321649,320222
320051,320223
320222,320223
320862,320223
318968,320224
320223,320224
320050,320225
320224,320225
318967,320226
320225,320226
320692,320230
321033,320230
320379,320231
320693,320231
320231,320232
320380,320232
320866,320233
321034,320233
320385,320234
321037,320234
451191,451311
452009,451311
452348,451312
453793,451312
450620,451313
451312,451313
319701,320242
320064,320242
451314,451315
452179,451315
451315,451316
451330,451316
449507,451317
451316,451317
448475,451318
451317,451318
449806,451319
451318,451319
449640,451320
451319,451320
447653,451321
451320,451321
318823,320251
319210,320251
445576,451324
451323,451324
447106,451325
451324,451325
446028,451326
451325,451326
451497,451327
451849,451327
450621,451328
451327,451328
451328,451329
451848,451329
451192,451330
451329,451330
381067,381068
381886,381068
380656,381069
380657,381069
512318,512144
513275,512144
320527,320378
320863,320378
320530,320379
321659,320379
321036,320382
321344,320382
320381,320383
320382,320383
450492,451469
450613,451469
451844,451477
452002,451477
451189,451478
451477,451478
451308,451479
451478,451479
451845,451481
452345,451481
451042,451482
451481,451482
451482,451483
450889,451483
450204,451484
450205,451484
451483,451484
449632,451485
451484,451485
448916,451486
451485,451486
448472,451487
451486,451487
447791,451488
451487,451488
449216,451489
451488,451489
451847,451492
455969,451492
451311,451493
451492,451493
449506,451494
451493,451494
448302,451495
451494,451495
449633,451496
451495,451496
359238,359239
365419,359239
356878,359240
359239,359240
355469,359241
359240,359241
359241,359242
360110,359242
353470,359243
359242,359243
321040,320531
321185,320531
320060,320532
320531,320532
320533,320534
321348,320534
320062,320535
320534,320535
320708,320535
319389,320543
319886,320543
319388,320544
320543,320544
320544,320545
321531,320545
321053,320549
321054,320549
320549,320550
320721,320550
320074,320551
320550,320551
319707,320552
320551,320552
319896,320553
320552,320553
450876,451646
451165,451646
451171,451651
451469,451651
451651,451652
452332,451652
451652,451653
453095,451653
451653,451654
453771,451654
451470,451655
451654,451655
451655,451656
453614,451656
453104,451662
453105,451662
451662,451663
451999,451663
451663,451664
451669,451664
451035,451665
451664,451665
451034,451666
451665,451666
451666,451667
451998,451667
450497,451668
451667,451668
452171,451672
451476,451672
320865,320693
321343,320693
320696,320694
321181,320694
320694,320695
321035,320695
321662,320702
322635,320702
320702,320703
320237,320703
320389,320704
320703,320704
319694,320705
320704,320705
319695,320706
320705,320706
319872,320710
320536,320710
321045,320716
321669,320716
449969,451818
451646,451818
451647,451819
451818,451819
449626,451820
451819,451820
450486,451821
451820,451821
452659,451821
451821,451822
453611,451822
451166,451823
451822,451823
451823,451824
452162,451824
451824,451825
453612,451825
451825,451826
454084,451826
450353,451827
451826,451827
451827,451828
453462,451828
452333,451834
455939,451834
451834,451835
453779,451835
451835,451836
451841,451836
451836,451837
452336,451837
451026,451838
451837,451838
449208,451839
451838,451839
449974,451840
451839,451840
451846,451845
453471,451845
451310,451847
452346,451847
286210,285648
285649,285648
320700,320870
320235,320870
319527,320871
320870,320871
319693,320872
320871,320872
321190,320876
321524,320876
322040,320876
320876,320877
321191,320877
320877,320878
321192,320878
451491,452005
452174,452005
451490,452006
452005,452006
452006,452007
452843,452007
452007,452008
452842,452008
321508,321025
322200,321025
320377,321026
321025,321026
321026,321027
321846,321027
320221,321028
321027,321028
319174,321029
321028,321029
321024,321030
321029,321030
320376,321031
321030,321031
321671,321047
322236,321047
320252,321050
320402,321050
452478,452165
453616,452165
452485,452176
452676,452176
452176,452177
453115,452177
452175,452178
452177,452178
451674,452179
452178,452179
320386,321183
320387,321183
320391,321188
320874,321188
315676,315677
317098,315677
317264,315678
315677,315678
317099,315679
315678,315679
319703,315680
315679,315680
315680,315681
320248,315681
316054,315683
315685,315683
315683,315684
316581,315684
446308,446759
446309,446759
452165,452333
454093,452333
452668,452335
452836,452335
452334,452336
452335,452336
452667,452336
452343,452344
452973,452344
452003,452345
452344,452345
453114,452347
453955,452347
451673,452348
452347,452348
320710,321350
321663,321350
321188,321351
321350,321351
321351,321352
322639,321352
321352,321353
321355,321353
321664,321353
321353,321354
324181,321354
320875,321356
321041,321356
321356,321357
321852,321357
321357,321358
321359,321358
320397,321363
318321,321363
323017,321365
321856,321365
320716,321366
321365,321366
321194,321371
321691,321371
453302,452477
453303,452477
321043,321521
321362,321521
321520,321522
321521,321522
321522,321523
322039,321523
320718,321530
320881,321530
333301,333843
335203,333843
320690,321651
321179,321651
321340,321652
321651,321652
321652,321653
322831,321653
321180,321654
321341,321654
321653,321654
321654,321655
321657,321655
323158,321655
323310,321655
321655,321656
323794,321656
321516,321663
322503,321663
320539,321665
321361,321665
321665,321666
322038,321666
322045,321670
322850,321670
321670,321671
322507,321671
321857,321672
322239,321672
321371,321677
323994,321677
321050,321678
321677,321678
319211,321679
321676,321679
321678,321679
320401,321680
321679,321680
321675,321681
321680,321681
319887,321682
321681,321682
321682,321683
320251,321683
320250,321684
321683,321684
320882,321685
321684,321685
322046,321685
321674,321686
321685,321686
321686,321687
323020,321687
321687,321688
324355,321688
321688,321689
322240,321689
321673,321690
321689,321690
337604,337605
337827,337605
334661,337608
337607,337608
333313,337609
337608,337609
333866,337610
337609,337610
469362,468684
468511,468684
331199,337613
337612,337613
468685,468686
468683,468686
468347,468687
468686,468687
333843,333844
334842,333844
329301,337616
330531,337616
337615,337616
453766,452834
454309,452834
452001,452837
452170,452837
452837,452838
453468,452838
452838,452839
453469,452839
452839,452840
453470,452840
452341,452841
452484,452841
327228,337618
337617,337618
322647,321856
323319,321856
321672,337635
337634,337635
321510,322023
322205,322023
321660,322025
322024,322025
322025,322026
323173,322026
453098,453099
453620,453099
321850,322028
322834,322028
451661,453101
452338,453101
322634,322031
322030,322031
322502,322034
322637,322034
322033,322034
452840,453109
452841,453109
451188,453110
453109,453110
445729,446910
446745,446910
446597,446911
446910,446911
446448,446912
446911,446912
446912,446913
446914,446913
447357,446915
447358,446915
322835,322208
323176,322208
322208,322209
322500,322209
321039,322210
322209,322210
322837,322211
323178,322211
321515,322212
322211,322212
322212,322213
320236,322213
321661,322214
322213,322214
322210,322215
322214,322215
320701,322216
322215,322216
319378,322217
322216,322217
317084,322218
322217,322218
319377,322219
320059,322219
322218,322219
316733,322220
322219,322220
315412,322221
322220,322221
317625,322222
322221,322222
315836,322223
322222,322223
317432,322224
322223,322224
315835,322225
322224,322225
315006,322226
322225,322226
314097,322227
322226,322227
314100,322228
322227,322228
313545,322229
313546,322229
322228,322229
312812,322230
322229,322230
311587,322231
322230,322231
453100,453306
453101,453306
453306,453307
453621,453307
323018,322236
322851,322236
453781,453309
455958,453309
453107,453310
453309,453310
451038,453311
453310,453311
445732,446926
446753,446926
446925,446926
420651,425082
425081,425082
421197,425088
425087,425088
425088,425089
425404,425089
422535,425090
425089,425090
421869,425091
422536,425091
425090,425091
420857,425092
425091,425092
419135,425093
425092,425093
419816,425094
425093,425094
421198,425095
425094,425095
419817,425096
425095,425096
294024,294025
295322,294025
292660,294027
293481,294027
294211,294027
293283,294030
293483,294030
453765,453462
454499,453462
452969,453465
453102,453465
293859,294033
294917,294033
293862,294037
294036,294037
292997,294038
294037,294038
292666,294039
294038,294039
322992,322465
323789,322465
322464,322466
322465,322466
321648,322467
322466,322467
321031,322468
322467,322468
323556,322468
319856,322469
322468,322469
321023,322470
322469,322470
319172,322471
322470,322471
320525,322472
322471,322472
317061,322473
322472,322473
316885,322474
322473,322474
317245,322475
322474,322475
315165,322476
322475,322476
315824,322477
322476,322477
314998,322478
322477,322478
313822,322479
322478,322479
314256,322480
322479,322480
312972,322481
322480,322481
311578,322482
312102,322482
322481,322482
309980,322483
322482,322483
309981,322484
322483,322484
308247,322485
308785,322485
322484,322485
307687,322486
322485,322486
322021,322487
322201,322487
321509,322488
322487,322488
321177,322489
322488,322489
322022,322490
322489,322490
320053,322491
321032,322491
322490,322491
319691,322492
322491,322492
321178,322493
322996,322493
321650,322494
322493,322494
322494,322495
323792,322495
322495,322496
323157,322496
322496,322497
324497,322497
322497,322498
323793,322498
321658,322499
321848,322499
453764,453609
454498,453609
453609,453610
454798,453610
453301,453611
453610,453611
452340,453623
452483,453623
453628,453625
454117,453625
453625,453626
454116,453626
453626,453627
454509,453627
359066,359594
359067,359594
358350,359598
358886,359598
490838,490839
488693,490839
321849,322633
322206,322633
323181,322640
324182,322640
321666,322641
321667,322641
322644,322641
322641,322642
323635,322642
322505,322643
322642,322643
321519,322644
323182,322644
322506,322646
323014,322646
491259,490683
491565,490683
490683,490684
491100,490684
453463,453768
454085,453768
453949,453774
454653,453774
453774,453775
454917,453775
453619,453776
453775,453776
453776,453777
453948,453777
453618,453778
453777,453778
452479,453779
453778,453779
453782,453781
454655,453781
452971,453783
455321,453783
453467,453784
453783,453784
453108,453785
453784,453785
454506,453789
455325,453789
453789,453790
454115,453790
453472,453791
453790,453791
453791,453792
453953,453792
454813,453793
454922,453793
487842,490844
490843,490844
546837,546838
546370,546838
373767,376623
376622,376623
322207,322833
323009,322833
322836,322837
323315,322837
322840,322838
321187,322838
322838,322839
323631,322839
323636,322841
322232,322841
321855,322845
322042,322845
321363,322846
320398,322846
321364,322847
322846,322847
322847,322848
323801,322848
454500,453936
454645,453936
453936,453937
454501,453937
453937,453938
453094,453938
451300,453939
453938,453939
452968,453940
453939,453940
453768,453941
454086,453941
453940,453942
453941,453942
453942,453943
453947,453943
453943,453944
455096,453944
453944,453945
454502,453945
453304,453946
453464,453946
453769,453947
453946,453947
323946,322992
324824,322992
321342,322997
322202,322997
322203,322998
322997,322998
323172,322998
322204,322999
322998,322999
322633,323002
322026,323002
323002,323003
323312,323003
323003,323004
323008,323004
323797,323004
323004,323005
323948,323005
323005,323006
323796,323006
323006,323007
326100,323007
454799,454084
455304,454084
454646,454086
454800,454086
323976,323015
324514,323015
454915,454092
455098,454092
453096,454093
454091,454093
454092,454093
453312,454099
454098,454099
452673,454100
454099,454100
452972,454101
454100,454101
454101,454102
455104,454102
453313,454103
454102,454103
453788,454104
454327,454104
454104,454105
454659,454105
453113,454106
454105,454106
454106,454107
454921,454107
454107,454108
455111,454108
454108,454109
455110,454109
454109,454110
454809,454110
453112,454111
454110,454111
452675,454112
454111,454112
452674,454113
454112,454113
453787,454114
454113,454114
321847,323153
322632,323153
323153,323154
323156,323154
322995,323155
323154,323155
321656,323159
322499,323159
322832,323160
323159,323160
323160,323161
324672,323161
323161,323162
325506,323162
323162,323163
325507,323163
322999,323164
323163,323164
323164,323165
323795,323165
323165,323166
323311,323166
323166,323167
325508,323167
323167,323168
324498,323168
323168,323169
325934,323169
323169,323170
324346,323170
323170,323171
326229,323171
321038,323174
321512,323174
323179,323177
323800,323177
322501,323178
323177,323178
322841,323183
320244,323183
323183,323184
324185,323184
321523,323185
323184,323185
323185,323186
323637,323186
323186,323187
323317,323187
323187,323188
323969,323188
324841,323188
323188,323189
325526,323189
323189,323190
323970,323190
323190,323191
324681,323191
323191,323192
325175,323192
323192,323193
326109,323193
323193,323194
326749,323194
323194,323195
324512,323195
323195,323196
328057,323196
323196,323197
323638,323197
323197,323198
325944,323198
322845,323199
323198,323199
323200,323199
322844,323200
322041,323200
323648,323204
323807,323204
453950,454313
455103,454313
454313,454314
454919,454314
454504,454315
454920,454315
453623,454317
454103,454317
453786,454318
454317,454318
454318,454319
454323,454319
453952,454320
454319,454320
454320,454321
455323,454321
454321,454322
456463,454322
453627,454328
455481,454328
454328,454329
454810,454329
453314,454330
454329,454330
454330,454331
454508,454331
512631,512632
513277,512632
512145,512633
512632,512633
510671,512634
512633,512634
512635,512634
446306,447101
447241,447101
447101,447102
447787,447102
314713,316031
315659,316031
445892,447105
445893,447105
447368,447107
447793,447107
448126,447107
425263,425264
425582,425264
479687,477771
481282,477771
322993,323550
323309,323550
323550,323551
324166,323551
322830,323552
323551,323552
323552,323553
324337,323553
323553,323554
323790,323554
321845,323555
323554,323555
322829,323556
323555,323556
319183,323558
332369,323558
320697,323559
323558,323559
323559,323560
325000,323560
321346,323561
323560,323561
323561,323562
325002,323562
323174,323563
323562,323563
323563,323564
326426,323564
323564,323565
324673,323565
323565,323566
327852,323566
317082,323567
323566,323567
323567,323568
324832,323568
323568,323569
328053,323569
323569,323570
327058,323570
326740,323572
323571,323572
329514,323576
323575,323576
454089,454649
454803,454649
323580,323581
330693,323581
334133,323589
323588,323589
333297,323590
323589,323590
333841,323591
323590,323591
323591,323592
334838,323592
336387,323593
323592,323593
323593,323594
335814,323594
323594,323595
335815,323595
337817,323595
339569,323596
323595,323596
323596,323597
335816,323597
323597,323598
336784,323598
323598,323599
338700,323599
323599,323600
339775,323600
323600,323601
340200,323601
340704,323602
323601,323602
323602,323603
340903,323603
341264,323604
323603,323604
341265,323605
323604,323605
323605,323606
342195,323606
323606,323607
341988,323607
345617,323608
323607,323608
323608,323609
343748,323609
323609,323610
345435,323610
323610,323611
345434,323611
323611,323612
345990,323612
323612,323613
347418,323613
323613,323614
338310,323614
323614,323615
345618,323615
349040,323615
323615,323616
348389,323616
323616,323617
348516,323617
323617,323618
344964,323618
323618,323619
347240,323619
350594,323619
323619,323620
349209,323620
323620,323621
346907,323621
323621,323622
349513,323622
350433,323622
323622,323623
349972,323623
323953,323628
323011,323628
323628,323629
324503,323629
323629,323630
324349,323630
322842,323637
322843,323637
327879,323640
327872,323640
323203,323641
323640,323641
323641,323642
323982,323642
321367,323643
323642,323643
320541,323644
323643,323644
320540,323645
323644,323645
410300,421042
421041,421042
454308,454794
455071,454794
454497,454795
454794,454795
454643,454796
454795,454796
454496,454797
454796,454797
453613,454801
453770,454801
454088,454802
454310,454802
454087,454802
454311,454806
454807,454806
324336,323789
324495,323789
323000,323795
323001,323795
323639,323801
323012,323801
323984,323804
324683,323804
323804,323805
324189,323805
453606,454909
454303,454909
455630,454912
457326,454912
455745,454916
455746,454916
494670,495247
494671,495247
321354,323954
325523,323954
323180,323955
323954,323955
323955,323956
322504,323956
324677,323956
323633,323957
323956,323957
321358,323958
323957,323958
321853,323959
322640,323959
323958,323959
323959,323960
324183,323960
319198,323961
323960,323961
321517,323962
323961,323962
321189,323963
323962,323963
323634,323964
323963,323964
323964,323965
324184,323965
323965,323966
324839,323966
323966,323967
324679,323967
323967,323968
325702,323968
323983,323977
325708,323977
323320,323978
323977,323978
324682,323978
323978,323979
324188,323979
323646,323980
323979,323980
323980,323981
322234,323981
321527,323982
323981,323982
323321,323983
324351,323983
324190,323987
323021,323987
323987,323988
325186,323988
323988,323989
324518,323989
322508,323990
323989,323990
321858,323991
323990,323991
323649,323992
323991,323992
323205,323993
323992,323993
322853,323994
323993,323994
455628,455073
456096,455073
455742,455073
455073,455074
455305,455074
455074,455075
455094,455075
451828,455076
455075,455076
451297,455076
451829,455077
455076,455077
452834,455078
455077,455078
449495,455079
455078,455079
452967,455080
455079,455080
452477,455081
455080,455081
455081,455082
455309,455082
451169,455083
455082,455083
449795,455084
455083,455084
448462,455085
455084,455085
446446,455086
455085,455086
450190,455087
455086,455087
449628,455088
455087,455088
448116,455089
455088,455089
450354,455090
455089,455090
450491,455091
455090,455091
447351,455092
455091,455092
445568,455093
455092,455093
454325,455105
454657,455105
454326,455106
455105,455106
454658,455108
455638,455108
455107,455109
455108,455109
323155,324168
324343,324168
324168,324169
325298,324169
323314,324171
323799,324171
323625,324172
324171,324172
324172,324173
326101,324173
323627,324176
323952,324176
324176,324177
324501,324177
323626,324178
324177,324178
324179,324180
324509,324180
323632,324181
324180,324181
455469,455306
456583,455306
454912,455307
455306,455307
454911,455308
455307,455308
454644,455309
455308,455309
454094,455316
455101,455316
323791,324339
324496,324339
323152,324340
324339,324340
324340,324341
324830,324341
324341,324342
324995,324342
322994,324343
324342,324343
324847,324353
325325,324353
323986,324354
325017,324354
324354,324355
324517,324355
454908,455458
455296,455458
455297,455459
455458,455459
455459,455460
456580,455460
454913,455469
455631,455469
454812,455477
455326,455477
455477,455478
455961,455478
454811,455479
455478,455479
455476,455480
455479,455480
455114,455481
455480,455481
290133,290134
290516,290134
323316,324504
324508,324504
324504,324505
324836,324505
324505,324506
325155,324506
324506,324507
326239,324507
325320,324510
325524,324510
455072,455625
455741,455625
455625,455626
456394,455626
455626,455627
457021,455627
456745,455628
457625,455628
454656,455633
455473,455633
453951,455634
455633,455634
455634,455635
455959,455635
455635,455636
456869,455636
455636,455637
457028,455637
455755,455639
456281,455639
459606,460356
460355,460356
454792,455738
454793,455738
454307,455740
455739,455740
324345,324672
324671,324672
324174,324674
324175,324674
455751,455748
457026,455748
455102,455749
455748,455749
455749,455750
457332,455750
455752,455751
456275,455751
455324,455754
455753,455754
459332,460357
460356,460357
460357,460358
460813,460358
459605,460359
460358,460359
323947,324826
324338,324826
324826,324827
324829,324827
324670,324828
324827,324828
326093,324828
323798,324832
324347,324832
323974,324843
324186,324843
325180,324846
325710,324846
453935,455929
455624,455929
454797,455930
455740,455930
455744,455932
456586,455932
455314,455933
455932,455933
455933,455934
456272,455934
456403,455935
456588,455935
454916,455936
455632,455936
455935,455936
454652,455937
455936,455937
454312,455938
455937,455938
453617,455939
455938,455939
455747,455940
456273,455940
455315,455941
455940,455941
455099,455942
455941,455942
455100,455943
455942,455943
455943,455944
456867,455944
455944,455945
457160,455945
455945,455946
457161,455946
456868,455949
457333,455949
457922,455949
455319,455950
455949,455950
456276,455950
454316,455951
455950,455951
453622,455952
455951,455952
454096,455953
455952,455953
454097,455954
455953,455954
451180,455955
455954,455955
456278,455956
456754,455956
456277,455956
455472,455957
455956,455957
455320,455958
455957,455958
455475,455960
456107,455960
455756,455962
456465,455962
455962,455963
456596,455963
455482,455964
455963,455964
455115,455965
455964,455965
454660,455966
455965,455966
453954,455967
455966,455967
452974,455968
455967,455968
452844,455969
455968,455969
322498,324996
324998,324996
324996,324997
325299,324997
324344,324998
325149,324998
325511,325001
325935,325001
325001,325002
327219,325002
324348,325005
324834,325005
325177,325010
329296,325010
324513,325011
325010,325011
323973,325012
325011,325012
469365,469230
470791,469230
325013,325014
324350,325014
467898,469231
469230,469231
456098,456096
456398,456096
455629,456097
456099,456097
456097,456098
457022,456098
455310,456101
455311,456101
325006,325151
325700,325151
324502,325152
325151,325152
325152,325153
326103,325153
325153,325154
326104,325154
318817,325158
323968,325158
325158,325159
324680,325159
325159,325160
326105,325160
325160,325161
326431,325161
325161,325162
327388,325162
325162,325163
328832,325163
325163,325164
327857,325164
325164,325165
333854,325165
325165,325166
326108,325166
328226,325166
325166,325167
330134,325167
325167,325168
329832,325168
325168,325169
331027,325169
325169,325170
331192,325170
325170,325171
332960,325171
325171,325172
333304,325172
325172,325173
336018,325173
325173,325174
333633,325174
324843,325176
325947,325176
325176,325177
327064,325177
324849,325182
325326,325182
324356,325183
325182,325183
325183,325184
326435,325184
325184,325185
327563,325185
529050,534795
534794,534795
454914,456270
455095,456270
458794,456274
457025,456274
403959,403726
404136,403726
455322,456279
456105,456279
456279,456280
456462,456280
401625,403729
403728,403729
401838,403730
403729,403730
403731,403732
403960,403732
401839,403733
401991,403733
403497,403733
403732,403733
533923,534806
535300,534806
402218,403735
403734,403735
534629,534808
535775,534808
534074,534809
534808,534809
535302,534810
534809,534810
403738,403739
408370,403739
324500,325302
324833,325302
325302,325303
325306,325303
325303,325304
325936,325304
325304,325305
327364,325305
324178,325308
325005,325308
325308,325309
325699,325309
326236,325309
325309,325310
327059,325310
325310,325311
325515,325311
325311,325312
327221,325312
325312,325313
327555,325313
325313,325314
328973,325314
328972,325315
325314,325315
325315,325316
327365,325316
329282,325317
325316,325317
325317,325318
328055,325318
325318,325319
329829,325319
456397,456398
456863,456398
456103,456400
456753,456400
456400,456401
457329,456401
456401,456402
457470,456402
456402,456403
456752,456403
459094,456405
461850,456405
456405,456406
458501,456406
455317,456407
455947,456407
456406,456407
454315,456408
456407,456408
456408,456409
457776,456409
455318,456410
456409,456410
456410,456411
453106,456411
452970,456412
456411,456412
454095,456413
456412,456413
451179,456414
456413,456414
452671,456415
456414,456415
450617,456416
456415,456416
451037,456417
456416,456417
455955,456418
456417,456418
448465,456419
456418,456419
448297,456420
456419,456420
453311,456421
456420,456421
447523,456422
456421,456422
446609,456423
456422,456423
450885,456424
456423,456424
446610,456425
456424,456425
448121,456426
456425,456426
446611,456427
456426,456427
447360,456428
456427,456428
445360,456429
456428,456429
445361,456430
456429,456430
444904,456431
456430,456431
443502,456432
456431,456432
442958,456433
456432,456433
443621,456434
456433,456434
441872,456435
456434,456435
440296,456436
456435,456436
441436,456437
456436,456437
440961,456438
456437,456438
441575,456439
456438,456439
438589,456440
456439,456440
438444,456441
456440,456441
437624,456442
442249,456442
456441,456442
437626,456443
456442,456443
436060,456444
456443,456444
436513,456445
456444,456445
435731,456446
456445,456446
437042,456447
456446,456447
434886,456448
456447,456448
436062,456449
456448,456449
433713,456450
456449,456450
432494,456451
456450,456451
433289,456452
456451,456452
431689,456453
456452,456453
430488,456454
456453,456454
430868,456455
456454,456455
432145,456456
456455,456456
431004,456457
431986,456457
456456,456457
430042,456458
456457,456458
429473,456459
456458,456459
429001,456460
456459,456460
428151,456461
456460,456461
324825,325500
325147,325500
325500,325501
324669,325501
324994,325502
325501,325502
326425,325509
327548,325509
457023,456583
457024,456583
457158,456587
457159,456587
456587,456588
456866,456588
326241,325517
325516,325517
456110,456591
457474,456591
456591,456592
456877,456592
455112,456593
456592,456593
325939,325522
325521,325522
327395,325529
327881,325529
325016,325530
325529,325530
457623,456744
457916,456744
456743,456745
456744,456745
456100,456746
456269,456746
456104,456755
456870,456755
325146,325684
325297,325684
324169,325687
326421,325687
323557,325688
325687,325688
325688,325689
327053,325689
325505,325690
325689,325690
325690,325691
328433,325691
325691,325692
327709,325692
324997,325693
325692,325693
328215,325694
325693,325694
328216,325695
325694,325695
325695,325696
326422,325696
325696,325697
326737,325697
325697,325698
327217,325698
325154,325701
325938,325701
326245,325705
326433,325705
325528,325706
325705,325706
324845,325707
325706,325707
325952,325707
325704,325708
325707,325708
326434,325711
327067,325711
456095,456862
456268,456862
454322,456871
457164,456871
456871,456872
455754,456872
454324,456873
454808,456873
456872,456873
455106,456874
456873,456874
456106,456875
456874,456875
338290,338291
338292,338291
338150,338293
338508,338293
339403,338293
338293,338294
338507,338294
338294,338295
339559,338295
294368,294615
294016,294615
294616,294617
295522,294617
293130,294618
294617,294618
325148,325928
325686,325928
325928,325929
325933,325929
326736,325930
325929,325930
325930,325931
327546,325931
325931,325932
328046,325932
424098,425693
425692,425693
326743,325938
327060,325938
324838,325940
324678,325940
325940,325941
325321,325941
325948,325946
326432,325946
325946,325947
327560,325947
326111,325949
326753,325949
457027,457026
458176,457026
425591,425702
426620,425702
293306,294631
293484,294631
294631,294632
294919,294632
294034,294632
457630,457154
457155,457154
324167,326089
325503,326089
325685,326089
326226,326090
326089,326090
327051,326091
326090,326091
326227,326092
326091,326092
457168,457166
457638,457166
382028,382029
380647,382029
324840,326106
325322,326106
324511,326107
326106,326107
327224,326108
326107,326108
513287,513106
514493,513106
513106,513107
514304,513107
325499,326223
326087,326223
324675,326232
325513,326232
326231,326233
326232,326233
326233,326234
326741,326234
326234,326235
327853,326235
327062,326240
327386,326240
458630,457331
458967,457331
456404,457332
457331,457332
457150,457464
456581,457464
456859,457465
456860,457465
456108,457473
457169,457473
324993,326416
325926,326416
325145,326417
326416,326417
325502,326419
325684,326419
327215,326420
326095,326420
326420,326421
327216,326421
327362,326421
332173,333846
333845,333846
447233,447634
447777,447634
447634,447635
448751,447635
311594,316564
316563,316564
457912,457599
458033,457599
457913,457600
458168,457600
457462,457601
457600,457601
457464,457602
457465,457602
457151,457603
457602,457603
458955,457604
457603,457604
311935,316566
316565,316566
457605,457606
457149,457606
455927,457607
457606,457607
456742,457608
457607,457608
454909,457609
457608,457609
456262,457610
457609,457610
457601,457612
457611,457612
457599,457613
457612,457613
457613,457614
458331,457614
457614,457615
456579,457615
457615,457616
458032,457616
457616,457617
458625,457617
458624,457618
457617,457618
458952,457619
457618,457619
458791,457619
457619,457620
459074,457620
457620,457621
459856,457621
457917,457624
457918,457624
456396,457625
457624,457625
458174,457633
458175,457633
316738,316572
317442,316572
316572,316573
316737,316573
315212,316575
316574,316575
447647,447648
448300,447648
317262,316577
316576,316577
458178,457772
458502,457772
457636,457773
457772,457773
457163,457774
457773,457774
455948,457775
457774,457775
457775,457776
458631,457776
457336,457778
457640,457778
457778,457779
458355,457779
326228,326737
326096,326737
325003,326739
325150,326739
326102,326740
326739,326740
325525,326745
325703,326745
326745,326746
327389,326746
326243,326747
326746,326747
326747,326748
329138,326748
326748,326749
328056,326749
325532,326759
325954,326759
457467,457915
457765,457915
458480,457915
457330,457920
457471,457920
457770,457921
457920,457921
360326,360327
363803,360327
360327,360328
365901,360328
457327,458036
457627,458036
360329,360330
365580,360330
360330,360331
362008,360331
360331,360332
365243,360332
360332,360333
362905,360333
360333,360334
365035,360334
360335,360336
363804,360336
365245,360336
360336,360337
364844,360337
360337,360338
365583,360338
360338,360339
362907,360339
360339,360340
365246,360340
360340,360341
363054,360341
360341,360342
364316,360342
326224,327050
326225,327050
327054,327055
326097,327055
328625,327058
328969,327058
326112,327065
326754,327065
326246,327066
327397,327066
458628,458171
459442,458171
457153,458172
458171,458172
459097,458182
458504,458182
512624,513271
513270,513271
514007,513274
514008,513274
512975,513275
513274,513275
512976,513279
514013,513279
338520,338521
339036,338521
327052,327214
327708,327214
327214,327215
328047,327215
325937,327221
326742,327221
326429,327223
326744,327223
326115,327228
326247,327228
457152,458333
457764,458333
457626,458335
457919,458335
458035,458336
458335,458336
458648,458342
459728,458342
458040,458343
458342,458343
456109,458344
458343,458344
459100,458345
457779,458345
457639,458346
458345,458346
458346,458347
459333,458347
457335,458348
458347,458348
456595,458349
458348,458349
457475,458350
458349,458350
456112,458351
458350,458351
457925,458352
458351,458352
458352,458353
458653,458353
458353,458354
457170,458354
469766,469617
467905,469617
327854,327366
329517,327366
327061,327367
327366,327367
327716,327367
326238,327368
327367,327368
324835,327369
326237,327369
327368,327369
325701,327370
327369,327370
323630,327371
327370,327371
322839,327372
327371,327372
327372,327373
322036,327373
322638,327374
327373,327374
321349,327375
327374,327375
321186,327376
327375,327376
321851,327377
327376,327377
320873,327378
327377,327378
327378,327379
319871,327379
320535,327380
327379,327380
319532,327381
327380,327381
318807,327382
327381,327382
319531,327383
327382,327383
317437,327384
327383,327384
318548,327385
327384,327385
327391,327390
327860,327390
327722,327394
328234,327394
326757,327395
327394,327395
458792,458477
458957,458477
459280,458478
459586,458478
458478,458479
459076,458479
461136,458479
458963,458484
459869,458484
458496,458486
459090,458486
457768,458487
458486,458487
457328,458488
458487,458488
457469,458489
458488,458489
458489,458490
458965,458490
458490,458491
459089,458491
458491,458492
459595,458492
458492,458493
459723,458493
457767,458494
458493,458494
458340,458495
458494,458495
458795,458498
459445,458498
459095,458499
458498,458499
458499,458500
457635,458500
457162,458501
458500,458501
327049,327537
327536,327537
328210,327538
327537,327538
326223,327539
327538,327539
327539,327540
328211,327540
328212,327541
327540,327541
326417,327542
327541,327542
326088,327543
327542,327543
327543,327544
328213,327544
326733,327545
327544,327545
327713,327549
328052,327549
326738,327550
327549,327550
457598,458624
458031,458624
327387,327557
327556,327557
457777,458632
457923,458632
458179,458633
458632,458633
458633,458634
458969,458634
459096,458636
459727,458636
459603,458637
462068,458637
459098,458638
458637,458638
458344,458639
458638,458639
456756,458639
456464,458640
458639,458640
458039,458641
458640,458641
456876,458642
458641,458642
457473,458643
458642,458643
458182,458644
458643,458644
457334,458645
458644,458645
458645,458646
458970,458646
458505,458649
459450,458649
458649,458650
459604,458650
458044,458651
458799,458651
458651,458652
459451,458652
458043,458653
458652,458653
328217,327711
328218,327711
327711,327712
328622,327712
327847,327713
328436,327713
307703,307704
307909,307704
327848,327849
328623,327849
327849,327850
328437,327850
327850,327851
328624,327851
327714,327852
327851,327852
328222,327854
329519,327854
327226,327863
328230,327863
327863,327864
328982,327864
328232,327865
328839,327865
327392,327866
327865,327866
327393,327867
327866,327867
326755,327868
327867,327868
327868,327869
325951,327869
327869,327870
326113,327870
325178,327871
327870,327871
324515,327872
327871,327872
328233,327874
329529,327874
327874,327875
331347,327875
326756,327876
327875,327876
327873,327877
327876,327877
325179,327878
327877,327878
324516,327879
327878,327879
459329,458969
459446,458969
458476,459074
458951,459074
458626,459077
458959,459077
458793,459080
458483,459080
458336,459081
459080,459081
459081,459082
459592,459082
458337,459083
459082,459083
458036,459084
459083,459084
457468,459085
457628,459085
459084,459085
327545,328015
331781,328015
326418,328017
328016,328017
328017,328018
326419,328018
328018,328019
326734,328019
328019,328020
328617,328020
328020,328021
328618,328021
328021,328022
327050,328022
328022,328023
328962,328023
459101,459100
459607,459100
326735,328030
328029,328030
328030,328031
328817,328031
328214,328032
328031,328032
324828,328033
328032,328033
328033,328034
330361,328034
328034,328035
329822,328035
325932,328036
328035,328036
329126,328037
328036,328037
328037,328038
330512,328038
329127,328039
328038,328039
328039,328040
331669,328040
328040,328041
330362,328041
332940,328042
328041,328042
328042,328043
332739,328043
332941,328044
328043,328044
328044,328045
330843,328045
328435,328049
329511,328049
328048,328050
328049,328050
327363,328051
328050,328051
328819,328052
328820,328052
326427,328054
327220,328054
328054,328055
328627,328055
327859,328057
329139,328057
327069,328062
327724,328062
381880,382376
383930,382376
459587,459280
460189,459280
458334,459283
458481,459283
459284,459285
460195,459285
459289,459290
458169,459290
456747,459293
459292,459293
328221,328222
327717,328222
459295,459296
459867,459296
327858,328225
327558,328225
328225,328226
326242,328226
328060,328227
328981,328227
328227,328228
327561,328228
328228,328229
327861,328229
456584,459302
459301,459302
459302,459303
454801,459303
459303,459304
455931,459304
459304,459305
454802,459305
459305,459306
456585,459306
459306,459307
456102,459307
454647,459308
459307,459308
456271,459309
459308,459309
459309,459310
454648,459310
454649,459311
459310,459311
455471,459312
459311,459312
453772,459313
459312,459313
453615,459314
459313,459314
454804,459315
455097,459315
459314,459315
452663,459316
459315,459316
453773,459317
459316,459317
454503,459318
459317,459318
452164,459319
459318,459319
452664,459320
459319,459320
454650,459321
459320,459321
452665,459322
459321,459322
457769,459325
459091,459325
458953,459439
459438,459439
460351,459448
460203,459448
513483,513484
516150,513484
329128,328435
328818,328435
328062,328443
328636,328443
326759,328444
327723,328444
328443,328444
328444,328445
330380,328445
325185,328446
328445,328446
460184,459580
461402,459580
459580,459581
462051,459581
459581,459582
459583,459582
460798,459584
460937,459584
460338,459585
459584,459585
458034,459586
459585,459586
458482,459589
459588,459589
459079,459590
459589,459590
459590,459591
460939,459591
459591,459592
459860,459592
458796,459599
458797,459599
459884,459603
460354,459603
329502,328618
329503,328618
327883,328634
328442,328634
328637,328636
329532,328636
459078,459715
459859,459715
461271,459716
462702,459716
459324,459717
459716,459717
459088,459718
459717,459718
458173,459719
459718,459719
458485,459720
459719,459720
458495,459721
459720,459721
456751,459722
459721,459722
459863,459861
460803,459861
459861,459862
460802,459862
460340,459864
460341,459864
459323,459865
459864,459865
458960,459866
459865,459866
458170,459867
458338,459867
459866,459867
459594,459870
460039,459870
459597,459873
459874,459873
461687,459875
461688,459875
459598,459876
459875,459876
460348,459878
459877,459878
458341,459879
459878,459879
459879,459880
460518,459880
460042,459881
459599,459881
460349,459882
459881,459882
329269,328816
329504,328816
328978,328823
330003,328823
328823,328824
330860,328824
327223,328825
328824,328825
328825,328826
328979,328826
328826,328827
329136,328827
328827,328828
325941,328828
325942,328829
325943,328829
328828,328829
328829,328830
328833,328830
326430,328831
328830,328831
327063,328832
328831,328832
328834,328832
328631,328838
329527,328838
328838,328839
329298,328839
338146,338290
338289,338290
469227,469228
466817,469228
458623,460033
459714,460033
460041,460042
459327,460042
460955,460045
461281,460045
460045,460046
459330,460046
328220,328975
329132,328975
328975,328976
327715,328976
329284,328978
329830,328978
329285,328980
330005,328980
466818,469232
469231,469232
467148,469233
469232,469233
460506,460185
461135,460185
460185,460186
460507,460186
459075,460187
460186,460187
458958,460188
460187,460188
459281,460193
460194,460193
459287,460196
459715,460196
460196,460197
460648,460197
328432,329126
328619,329126
460200,460201
463428,460201
459857,460334
459858,460334
459579,460335
460334,460335
460034,460336
460335,460336
329266,329267
330508,329267
329270,329271
328620,329271
329271,329272
328621,329272
329129,329275
329634,329275
328966,329276
329275,329276
459886,460355
460814,460355
329837,329289
330008,329289
328059,329290
328439,329290
329289,329290
329290,329291
327559,329291
329288,329292
329291,329292
328438,329293
329292,329293
326751,329294
329293,329294
326752,329295
329294,329295
326110,329296
329295,329296
460032,460505
460504,460505
461142,460510
464454,460510
460510,460511
460513,460511
460344,460512
460511,460512
459885,460522
460047,460522
460522,460523
461153,460523
329996,329507
330365,329507
329273,329508
329507,329508
329632,329509
330368,329509
329509,329510
329824,329510
328965,329511
329510,329511
328626,329512
328821,329512
328971,329513
329512,329513
329513,329514
329636,329514
330001,329515
330698,329515
328976,329516
329515,329516
329133,329517
329516,329517
330131,329518
330372,329518
329518,329519
329645,329519
329523,329522
330525,329522
329141,329524
329648,329524
330140,329529
330141,329529
460033,460646
460505,460646
461540,460649
461541,460649
460038,460650
460649,460650
460037,460651
460650,460651
458964,460652
460651,460652
457156,460653
460652,460653
457631,460654
457632,460654
460653,460654
456749,460655
460654,460655
459880,460657
460954,460657
329997,329629
330366,329629
329629,329630
329998,329630
329274,329631
329823,329631
328974,329638
328822,329638
329283,329639
329638,329639
329639,329640
330371,329640
329640,329641
330694,329641
329131,329642
329641,329642
329642,329643
330849,329643
329637,329644
329643,329644
330370,329644
329530,329651
330867,329651
331197,329651
329651,329652
330528,329652
329652,329653
330705,329653
329653,329654
330378,329654
328633,329655
329654,329655
329142,329656
329657,329656
460797,460796
461827,460796
462049,460796
461132,460797
461536,460797
460345,460805
461144,460805
460952,460808
461277,460808
460040,460809
460808,460809
458497,460810
460809,460810
460353,460811
461150,460811
468854,470023
470022,470023
470778,470023
329130,329826
329281,329826
329826,329827
330692,329827
329286,329832
329137,329832
329835,329833
330375,329833
329140,329834
329833,329834
329647,329836
330526,329836
329297,329837
329836,329837
329300,329841
330009,329841
329841,329842
330010,329842
328635,329843
329842,329843
457621,460933
460646,460933
460933,460934
462305,460934
460336,460935
460934,460935
461140,460942
462055,460942
460339,460943
460942,460943
460509,460944
460943,460944
459862,460945
460944,460945
459593,460946
460945,460946
462468,460947
462697,460947
460517,460953
461146,460953
460953,460954
462063,460954
461282,460955
461413,460955
461147,460956
461550,460956
460360,460958
460815,460958
460524,460959
460958,460959
460049,460960
460662,460960
330695,330000
331024,330000
330000,330001
330130,330001
330373,330002
330701,330002
330002,330003
330132,330003
329287,330006
331193,330006
329521,330007
330006,330007
330376,330008
331194,330008
492414,491916
492751,491916
461832,461133
462050,461133
460647,461134
461133,461134
461406,461139
462313,461139
461139,461140
462312,461140
460949,461141
462056,461141
461141,461142
462057,461142
460950,461144
461682,461144
462060,461144
461551,461148
462891,461148
461414,461149
462332,461149
460660,461152
460661,461152
461151,461152
461152,461153
461697,461153
330686,330125
331008,330125
329995,330126
330125,330126
329839,330137
330865,330137
329528,330138
330137,330138
330138,330139
331195,330139
558011,557470
558284,557470
460805,461269
461407,461269
461269,461270
461542,461270
459870,461271
461270,461271
461686,461273
462706,461273
460515,461274
461273,461274
460951,461275
461274,461275
461412,461278
461694,461278
461854,461280
462890,461280
461280,461281
461549,461281
462301,461392
462689,461392
461392,461393
462302,461393
460644,461394
461393,461394
460645,461395
461394,461395
461395,461396
462874,461396
461396,461397
462045,461397
461397,461398
462046,461398
461398,461399
462303,461399
461399,461400
463249,461400
462059,461407
463559,461407
330509,330356
331010,330356
330356,330357
331330,330357
330357,330358
331181,330358
329505,330359
330358,330359
330359,330360
330510,330360
330360,330361
330511,330361
330143,330379
330871,330379
329531,330380
330379,330380
460801,461537
460938,461537
461405,461538
461537,461538
461683,461543
462472,461543
460807,461544
461543,461544
460347,461545
461544,461545
461684,461546
462323,461546
462335,461553
463124,461553
460959,461555
460960,461555
329627,330502
330683,330502
330502,330503
331179,330503
330122,330504
330503,330504
330504,330505
331950,330505
330505,330506
332594,330506
329831,330518
330702,330518
330004,330519
330518,330519
330519,330520
331188,330520
330377,330527
330864,330527
330869,330530
331030,330530
330530,330531
330870,330531
462062,461691
462325,461691
461690,461692
461691,461692
461145,461693
461692,461693
330684,330685
331328,330685
330124,330686
330685,330686
330127,330688
330363,330688
329633,330690
331014,330690
329828,330693
329999,330693
331025,330697
331185,330697
330696,330698
330697,330698
331029,330705
331198,330705
330532,330706
331200,330706
462048,461826
463103,461826
461826,461827
462462,461827
462307,461828
462693,461828
461401,461829
461828,461829
461266,461830
461829,461830
461267,461833
461403,461833
461833,461834
462696,461834
460192,461835
461137,461835
461834,461835
460799,461836
461835,461836
465434,461841
462887,461841
461689,461842
461841,461842
461410,461843
461411,461843
461842,461843
461693,461844
461843,461844
460516,461845
461844,461845
459724,461846
461845,461846
458177,461847
461409,461847
461846,461847
458968,461848
461847,461848
460810,461849
461848,461849
457634,461850
461849,461850
462326,461852
462889,461852
461852,461853
463121,461853
461555,461856
462896,461856
463446,461857
461856,461857
461554,461858
461857,461858
461858,461859
462069,461859
461416,461860
461859,461860
461860,461861
465856,461861
461418,461862
462070,461862
461862,461863
463125,461863
330369,330846
330691,330846
329280,330847
330846,330847
330699,330850
331333,330850
330850,330851
331187,330851
329520,330852
330851,330852
328977,330853
330852,330853
330853,330854
330861,330854
330700,330855
330854,330855
327856,330856
330855,330856
327718,330857
330856,330857
329646,330858
330857,330858
329135,330859
330858,330859
328629,330860
330859,330860
330145,330872
331201,330872
330011,330873
330872,330873
330144,330874
330873,330874
330874,330875
331814,330875
330875,330876
331813,330876
462311,462053
462879,462053
461838,462054
462053,462054
460941,462055
462054,462055
462703,462059
462704,462059
461696,462066
462476,462066
460957,462067
462066,462067
460521,462068
462067,462068
461284,462069
461417,462069
331009,331006
331474,331006
331006,331007
331329,331007
331473,331008
331007,331008
330690,331015
331797,331015
330129,331016
331015,331016
329279,331017
331016,331017
331017,331018
331799,331018
330517,331019
331018,331019
331019,331020
332169,331020
330847,331021
331020,331021
331021,331022
332372,331022
331022,331023
332373,331023
382370,382855
382854,382855
331806,331189
331971,331189
331026,331190
331486,331190
331190,331191
331972,331191
330523,331192
331191,331192
464006,462304
461400,462304
461677,462305
462304,462305
464296,462305
462691,462307
463104,462307
460940,462309
462052,462309
462309,462310
462878,462310
462883,462315
463111,462315
462315,462316
462705,462316
462316,462317
462322,462317
460514,462318
462317,462318
460346,462319
462318,462319
461272,462320
462319,462320
459871,462321
462320,462321
462474,462329
463873,462329
461695,462330
462329,462330
463436,462331
462330,462331
329644,331332
331964,331332
331676,331336
331973,331336
331680,331338
331976,331338
331810,331339
331983,331339
330866,331340
331339,331340
331196,331341
331340,331341
330142,331342
331341,331342
329650,331343
331342,331343
329299,331344
331343,331344
328840,331345
331344,331345
327721,331346
331345,331346
327227,331347
331346,331347
295106,295526
295525,295526
427145,426599
429602,426599
295527,295528
298643,295528
295528,295529
292816,295529
461836,462464
464449,462464
461404,462465
462464,462465
462465,462466
463554,462466
427155,426613
429616,426613
427494,426614
426613,426614
426446,426615
426614,426615
331477,331478
331957,331478
331013,331479
332167,331479
330367,331480
331479,331480
331028,331487
331675,331487
330524,331488
331487,331488
331679,331489
331975,331489
330863,331490
331489,331490
332178,331491
331490,331491
558012,557704
558285,557704
295115,295562
294032,295562
559024,557708
557707,557708
462463,462692
462875,462692
461831,462693
462692,462693
465424,462699
471386,462699
462314,462700
462699,462700
466461,462701
462700,462701
461143,462702
462701,462702
463445,462708
466641,462708
462708,462709
467632,462709
462709,462710
463443,462710
331955,331666
332595,331666
331331,331667
331666,331667
330687,331668
331667,331668
331668,331669
332161,331669
331784,331670
332370,331670
331670,331671
331785,331671
331182,331672
331671,331672
332175,331673
331488,331673
330862,331674
331673,331674
331808,331677
331337,331677
331495,331685
332383,331685
330868,331686
331685,331686
373299,373300
373974,373300
373300,373301
373975,373301
382656,382031
384634,382031
372378,373302
373301,373302
330506,331778
333994,331778
332938,331779
328961,331779
330123,331779
331778,331779
329993,331780
331779,331780
329267,331781
331780,331781
331180,331782
331475,331782
332162,331784
332596,331784
331480,331787
333294,331787
331787,331788
333836,331788
331788,331789
332951,331789
330845,331790
331789,331790
330689,331791
331478,331791
331790,331791
330516,331792
331791,331792
329631,331793
331792,331793
328434,331794
329630,331794
331793,331794
327845,331795
331794,331795
332168,331796
332952,331796
331796,331797
331798,331797
331485,331803
331335,331803
332172,331803
331803,331804
332757,331804
331977,331809
332762,331809
461680,462882
462881,462882
463117,462887
464306,462887
461863,462894
463578,462894
464024,462895
462894,462895
461698,462896
462895,462896
331023,331958
333472,331958
329827,331959
331958,331959
329635,331960
331959,331960
331960,331961
332170,331961
330848,331962
331961,331962
331481,331963
331800,331963
331184,331964
331963,331964
331802,331966
331334,331966
331966,331967
332605,331967
331967,331968
333477,331968
331968,331969
332378,331969
331493,331979
331982,331979
331492,331980
331979,331980
331683,331981
331980,331981
331986,331987
332768,331987
331348,331988
331987,331988
333865,331988
331988,331989
332967,331989
462469,463109
463558,463109
462470,463110
463109,463110
463264,463112
464305,463112
462473,463113
463112,463113
463113,463114
463870,463114
462324,463115
463114,463115
461276,463116
463115,463116
351490,351491
352265,351491
332597,332163
333074,332163
331786,332164
332163,332164
332164,332165
333075,332165
333286,332166
333469,332166
332741,332170
332742,332170
331804,332173
330520,332173
332608,332174
332759,332174
332174,332175
333305,332175
331678,332177
331974,332177
462694,463251
463105,463251
463251,463252
463422,463252
463252,463253
462876,463253
463253,463254
464593,463254
463254,463255
464008,463255
462877,463256
463255,463256
462308,463258
463107,463258
463260,463259
463866,463259
351850,351495
352283,351495
424754,425692
425691,425692
385986,388982
388981,388982
328045,332330
337374,332330
330688,332331
332330,332331
332331,332332
335190,332332
332332,332333
333830,332333
331476,332334
332333,332334
330364,332335
332334,332335
329272,332336
332335,332336
329506,332337
332336,332337
330513,332338
332337,332338
328963,332339
332338,332339
331672,332340
332339,332340
325698,332341
332340,332341
327547,332342
332341,332342
331011,332343
332342,332343
332165,332344
332343,332344
330844,332345
332344,332345
327218,332351
332350,332351
462695,463424
463257,463424
463423,463425
463424,463425
328964,332354
332353,332354
332354,332355
323171,332355
326230,332355
332355,332356
331795,332356
332356,332357
323007,332357
332357,332358
327846,332358
332358,332359
323949,332359
461851,463432
462888,463432
463434,463433
463266,463433
325301,332366
332365,332366
463438,463439
463123,463439
463439,463440
464307,463440
463875,463441
464179,463441
463441,463442
462334,463442
463442,463443
461552,463443
463876,463444
464180,463444
463444,463445
462477,463445
331483,332377
331801,332377
333092,332380
332609,332380
333634,332380
463250,463551
464167,463551
462306,463552
463551,463552
464013,463559
464606,463559
464015,463561
465242,463561
468186,463561
462885,463562
463561,463562
462061,463563
463562,463563
461546,463564
463563,463564
461547,463565
463564,463565
461545,463566
463565,463566
461685,463567
463566,463567
461275,463568
463567,463568
459872,463569
463568,463569
459873,463570
463569,463570
459092,463571
463570,463571
463431,463573
463118,463573
464461,463576
464462,463576
463879,463578
464619,463578
427148,426794
427294,426794
557867,557868
561783,557868
555279,557869
557868,557869
557468,557870
557869,557870
420332,420333
421523,420333
558291,557873
558292,557873
333839,332602
334642,332602
373331,373332
374523,373332
332376,332745
332955,332745
332377,332746
332745,332746
332746,332747
333629,332747
332956,332748
332747,332748
332748,332749
333476,332749
332749,332750
334644,332750
332750,332751
333630,332751
332751,332752
335201,332752
332752,332753
335648,332753
335379,332754
332753,332754
332754,332755
336188,332755
332755,332756
336613,332756
332179,332765
332180,332765
332764,332766
332765,332766
463419,463858
464163,463858
463247,463859
463858,463859
463418,463860
463859,463860
464012,463867
464604,463867
463263,463869
463572,463869
373336,373337
366598,373337
373337,373338
366939,373338
373338,373339
368624,373339
368626,373339
373339,373340
366065,373340
373340,373341
365590,373341
463248,464001
464587,464001
464001,464002
464769,464002
464002,464003
465790,464003
464003,464004
465137,464004
464004,464005
463861,464005
464005,464006
462690,464006
331472,332936
332935,332936
330507,332937
332157,332937
332936,332937
332937,332938
331951,332938
333832,332943
335198,332943
332943,332944
332371,332944
331186,332956
331484,332956
331965,332956
333091,332959
332606,332959
331807,332960
332959,332960
332965,332966
333481,332966
373342,373343
363353,373343
373343,373344
364501,373344
334131,333079
333622,333079
332601,333080
333079,333080
333080,333081
333838,333081
331482,333083
332954,333083
332603,333084
333083,333084
333084,333085
333627,333085
334134,333086
333085,333086
333086,333087
335377,333087
333632,333089
334646,333089
331970,333090
333089,333090
463420,464164
463550,464164
464164,464165
464767,464165
464165,464166
465788,464166
332177,333095
333093,333095
333094,333095
333095,333096
332380,333096
333096,333097
331677,333097
332176,333098
333097,333098
330704,333099
333098,333099
333099,333100
331336,333100
333100,333101
329834,333101
333101,333102
330374,333102
333102,333103
328630,333103
463433,464178
464609,464178
463862,464297
464168,464297
463863,464298
464297,464298
464298,464299
464590,464299
333619,333287
333833,333287
333077,333288
333287,333288
331956,333289
333288,333289
331012,333290
333289,333290
333078,333292
333837,333292
333292,333293
334128,333293
332600,333294
333293,333294
332743,333296
332744,333296
333295,333297
333296,333297
333842,333300
331969,333300
333300,333301
333302,333301
333314,333307
333488,333307
333307,333308
333646,333308
333308,333309
333645,333309
330876,333310
333309,333310
333306,333311
333310,333311
331812,333312
333311,333312
331811,333313
333312,333313
332384,333314
333315,333314
464170,464445
464915,464445
463427,464446
464445,464446
464446,464447
464772,464447
463106,464448
464447,464448
464009,464449
464448,464449
464917,464451
464450,464451
464451,464452
464455,464452
462698,464453
464452,464453
462058,464454
464453,464454
465646,464456
465647,464456
464775,464457
466813,464457
462884,464458
463868,464458
464457,464458
333996,333449
335642,333449
332939,333450
333449,333450
331953,333451
332158,333451
333450,333451
331954,333452
333451,333452
332159,333453
333452,333453
333453,333454
333828,333454
333454,333455
333997,333455
333455,333456
334633,333456
332738,333457
333456,333457
332160,333458
333457,333458
331782,333459
333458,333459
333459,333460
333829,333460
331783,333461
333460,333461
334126,333462
333461,333462
332329,333463
333462,333463
333284,333464
333463,333464
334634,333464
334994,333464
333464,333465
333616,333465
334127,333466
333465,333466
333081,333470
333623,333470
333470,333471
334836,333471
333471,333472
333473,333472
332604,333476
333088,333476
335013,333482
335217,333482
332966,333483
333482,333483
331985,333484
333483,333484
331686,333485
333484,333485
331984,333486
333485,333486
330529,333487
333486,333487
334017,333488
334142,333488
463553,464591
464169,464591
464007,464592
464591,464592
463864,464595
464594,464595
464595,464596
465640,464596
464171,464597
464596,464597
464597,464598
465792,464598
464172,464599
464598,464599
464599,464600
464010,464600
464173,464601
464600,464601
465985,464603
466153,464603
464610,464609
465244,464609
464614,464612
465438,464612
464612,464613
466308,464613
464789,464617
465660,464617
334640,333623
335644,333623
333474,333624
334003,333624
334139,333637
333862,333637
332964,333638
333637,333638
332382,333639
333638,333639
334845,333639
333864,333643
334847,333643
333642,333644
333643,333644
464301,464774
467141,464774
464176,464775
464776,464775
464177,464778
464777,464778
464460,464779
465437,464779
464779,464780
465245,464780
463575,464781
464780,464781
462707,464782
464781,464782
463435,464783
464782,464783
462064,464784
464783,464784
464617,464790
465661,464790
463878,464791
464790,464791
334125,333828
334827,333828
333468,333830
334635,333830
334636,333832
334998,333832
335370,333832
333834,333835
334999,333835
332740,333836
333835,333836
333299,333840
333626,333840
333298,333841
333840,333841
334007,333842
334645,333842
465421,464916
465983,464916
331805,333847
333846,333847
330521,333848
332379,333848
333847,333848
334136,333849
333848,333849
333849,333850
330522,333850
333090,333850
333850,333851
330133,333851
333851,333852
328980,333852
332957,333853
333852,333853
331189,333854
333853,333854
333855,333856
335003,333856
332958,333857
333856,333857
332758,333858
333857,333858
333858,333859
334647,333859
333303,333860
333859,333860
334140,333863
335010,333863
334660,333866
334848,333866
499437,499947
499950,499947
334991,333988
334992,333988
333615,333989
333988,333989
332932,333990
333989,333990
333987,333991
333990,333991
333448,333992
333991,333992
332328,333993
333992,333993
332736,333994
333993,333994
333285,333998
333617,333998
335375,334005
334004,334005
334005,334006
336010,334006
335381,334008
336615,334008
334008,334009
334010,334009
332766,334014
334659,334014
504418,465139
467474,465139
464773,465140
465139,465140
466624,465140
464300,465141
465140,465141
465141,465142
465641,465142
460201,465143
465142,465143
466451,465144
465143,465144
465144,465145
465420,465145
463865,465146
465145,465146
465146,465147
465982,465147
462310,465148
465147,465148
465148,465149
475480,465149
463555,465150
465149,465150
462880,465151
465150,465151
465151,465152
468343,465152
465152,465153
475494,465153
463557,465154
465153,465154
467775,465154
463556,465155
465154,465155
462882,465156
465155,465156
465156,465157
465642,465157
461268,465158
465157,465158
461539,465159
463259,465159
465158,465159
461840,465160
465159,465160
461839,465161
465160,465161
460804,465162
465161,465162
460947,465163
465162,465163
460342,465164
465163,465164
461681,465165
465164,465165
459443,465166
465165,465166
458961,465167
465166,465167
458339,465168
465167,465168
458037,465169
465168,465169
458172,465170
465169,465170
456748,465171
465170,465171
458038,465172
465171,465172
457629,465173
465172,465173
460512,465174
465173,465174
465802,465174
455743,465175
465174,465175
457154,465176
465175,465176
460655,465177
465176,465177
455312,465178
465177,465178
455313,465179
465178,465179
456750,465180
465179,465180
459722,465181
465180,465181
457157,465182
465181,465182
456865,465183
465182,465183
455934,465184
465183,465184
454806,465185
465184,465185
452666,465186
465185,465186
454651,465187
454805,465187
465186,465187
454090,465188
465187,465188
459322,465189
465188,465189
465189,465190
451302,465190
450496,465191
465190,465191
444672,465192
465191,465192
451025,465193
465192,465193
448755,465194
465193,465194
450615,465195
465194,465195
451173,465196
465195,465196
448756,465197
465196,465197
444679,465199
465198,465199
451840,465200
465199,465200
448614,465201
465200,465201
446746,465204
465203,465204
443958,465207
465206,465207
444513,465208
465207,465208
442048,465209
465208,465209
443959,465210
465209,465210
442828,465213
465212,465213
441260,465214
465213,465214
442379,465215
465214,465215
438439,465216
465215,465216
442686,465217
465216,465217
440451,465218
465217,465218
447520,465219
465218,465219
441717,465220
441868,465220
465219,465220
438777,465221
465220,465221
440452,465222
465221,465222
439007,465223
465222,465223
440292,465224
465223,465224
438097,465225
465224,465225
437321,465226
465225,465226
438442,465227
465226,465227
436241,465228
465227,465228
435381,465229
465228,465229
434723,465230
465229,465230
435159,465231
465230,465231
434882,465232
465231,465232
434328,465233
465232,465233
433595,465234
465233,465234
433452,465235
465234,465235
466152,465237
466462,465237
465240,465238
465803,465238
464605,465239
465238,465239
468688,465242
466155,465242
466960,465243
469228,465243
465657,465246
466471,465246
464768,465414
464913,465414
465414,465415
465789,465415
465415,465416
465975,465416
463421,465418
464771,465418
465645,465422
466626,465422
468345,465422
465239,465423
465422,465423
464175,465424
465423,465424
465653,465428
466816,465428
465428,465429
466306,465429
465429,465430
465654,465430
464920,465431
465430,465431
464608,465432
465431,465432
464017,465433
465432,465433
463265,465434
465433,465434
465418,465634
466801,465634
464592,465635
465634,465635
466450,465641
466147,465641
465643,465642
465984,465642
466304,465648
466305,465648
465648,465649
464919,465649
464304,465650
465649,465650
465650,465651
465809,465651
464016,465652
465651,465652
466159,465661
466473,465661
334828,334632
335187,334632
334632,334633
334993,334633
334132,334641
335646,334641
334135,334643
333628,334643
335007,334650
335209,334650
334650,334651
335827,334651
333635,334652
334651,334652
332610,334653
332760,334653
334652,334653
334012,334654
334653,334654
333640,334656
335009,334656
334656,334657
335214,334657
333641,334658
334657,334658
334658,334659
335386,334659
465784,465785
466443,465785
465631,465786
465785,465786
463857,465787
465786,465787
469756,465793
469750,465793
464774,465794
465793,465794
465794,465795
466299,465795
463429,465796
465795,465796
464011,465797
465796,465797
460948,465798
465797,465798
460202,465799
465798,465799
459087,465800
465799,465800
458962,465801
465800,465801
458484,465802
465801,465802
465425,465804
466301,465804
465986,465805
466302,465805
465805,465806
465808,465806
464607,465807
465806,465807
465243,465810
474132,465810
465810,465811
467479,465811
465436,465812
465811,465812
465989,465812
464178,465813
465812,465813
463872,465814
465813,465814
461853,465815
465814,465815
460657,465816
465815,465816
459882,465817
465816,465817
461548,465818
465817,465818
460043,465819
465818,465819
460519,465820
465819,465820
462327,465821
465820,465821
459328,465822
465821,465822
460044,465823
465822,465823
462328,465824
465823,465824
460520,465825
465824,465825
461278,465826
465825,465826
460350,465827
465826,465827
459726,465828
465827,465828
459600,465829
465828,465829
465829,465830
458635,465830
455637,465831
465830,465831
457472,465832
465831,465832
459883,465833
465832,465833
459447,465834
465833,465834
457637,465835
465834,465835
465835,465836
469239,465836
457924,465837
465836,465837
458180,465838
465837,465838
459448,465839
460046,465839
465838,465839
458636,465840
465839,465840
464616,465844
465658,465844
465662,465846
466160,465846
464923,465847
465846,465847
465249,465848
465857,465848
465848,465849
467154,465849
465248,465850
465849,465850
465850,465851
466332,465851
464464,465852
465851,465852
465247,465853
465852,465853
464618,465854
465853,465854
464463,465855
465854,465855
464023,465856
465855,465856
333291,334829
334637,334829
334638,334830
334829,334830
334830,334831
336005,334831
334639,334832
334831,334832
334832,334833
336006,334833
336938,334833
334833,334834
337589,334834
335207,334843
335823,334843
465136,465976
465632,465976
465976,465977
466797,465977
335825,335004
335826,335004
335004,335005
335208,335005
334649,335006
335005,335006
335656,335011
336024,335011
334015,335012
335011,335012
335012,335013
335388,335013
359079,361672
359231,361672
360357,361672
362194,361676
364855,361676
361108,361677
361676,361677
361679,361677
559020,558286
558899,558286
464299,466135
466447,466135
465635,466136
466622,466136
466136,466137
467889,466137
465636,466138
466137,466138
558584,558287
558286,558287
466139,466140
467770,466140
466140,466141
467306,466141
465637,466142
466141,466142
463256,466143
466142,466143
463426,466144
466143,466144
466802,466144
466144,466145
466804,466145
465978,466146
466145,466146
466630,466155
466815,466155
464611,466156
465841,466156
362202,361683
361682,361683
334996,335190
336375,335190
333999,335192
334997,335192
335192,335193
335808,335193
334000,335194
335193,335194
335194,335195
336178,335195
334001,335196
335195,335196
335196,335197
335809,335197
335197,335198
336380,335198
335649,335202
336392,335202
334841,335203
335202,335203
333860,335204
335651,335204
335204,335205
335652,335205
334137,335206
335205,335206
336635,335215
336790,335215
335014,335216
335215,335216
334016,335217
335216,335217
466134,466295
467134,466295
466300,466296
467142,466296
466150,466297
466296,466297
465644,466298
466297,466298
465236,466299
466298,466299
466470,466309
467314,466309
466309,466310
466820,466310
465843,466311
466310,466311
464785,466312
466311,466312
466825,466314
467787,466314
466314,466315
466964,466315
464922,466316
466315,466316
463440,466317
466316,466317
465439,466318
466317,466318
463122,466319
466318,466319
462333,466320
466319,466320
464021,466321
466320,466321
466321,466322
473651,466322
464020,466323
466322,466323
461855,466324
466323,466324
460811,466325
466324,466325
461149,466326
466325,466326
458647,466327
466326,466327
461148,466328
466327,466328
460659,466329
466328,466329
334835,335371
335811,335371
336181,335371
334129,335372
335371,335372
334002,335373
335372,335373
466942,466446
467304,466446
465979,466448
465980,466448
334840,335379
335378,335379
466808,466452
469037,466452
466452,466453
466944,466453
466453,466454
464918,466454
466454,466455
464602,466455
466455,466456
466809,466456
466456,466457
465237,466457
466457,466458
464302,466458
466458,466459
464303,466459
466459,466460
464603,466460
466460,466461
463110,466461
467136,466622
467888,466622
465638,466623
465639,466623
467307,466625
468850,466625
466625,466626
466810,466626
467622,466627
467894,466627
466464,466628
466627,466628
466154,466629
466628,466629
468019,466635
467151,466635
466331,466636
466635,466636
465845,466637
466636,466637
466637,466638
467150,466638
465440,466639
466638,466639
464788,466640
466639,466640
464022,466641
466640,466641
336945,335649
336614,335649
335650,335651
336393,335651
335211,335654
336197,335654
334846,335655
335213,335655
466619,466796
467133,466796
466943,466798
467769,466798
465633,466799
466798,466799
464444,466800
466799,466800
466800,466801
467305,466801
466803,466804
468007,466804
466806,466807
467620,466807
466151,466808
466807,466808
466465,466812
466814,466812
466303,466813
466812,466813
466467,466819
466468,466819
466826,466821
466966,466821
466821,466822
467788,466822
465844,466823
466822,466823
464615,466824
464786,466824
466823,466824
466330,466825
466824,466825
466634,466826
467316,466826
405486,405487
403724,405487
401989,405488
405487,405488
274416,274417
274934,274417
360342,360343
363055,360343
335185,335800
336001,335800
273868,274420
274419,274420
335801,335802
335369,335802
335802,335803
336933,335803
335803,335804
337171,335804
335804,335805
335806,335805
274420,274421
274936,274421
334839,335815
335001,335815
333087,335816
334643,335816
335200,335818
335817,335818
336388,335819
335818,335819
336944,335820
335819,335820
335820,335821
337592,335821
335655,335829
336022,335829
468349,466946
468515,466946
466946,466947
467147,466947
465435,466948
466947,466948
467779,466949
466948,466949
466631,466950
466949,466950
464778,466951
466950,466951
464459,466952
466951,466952
464018,466953
466952,466953
466632,466954
466953,466954
463573,466955
466954,466955
465655,466956
466955,466956
463432,466957
466956,466957
463119,466958
466957,466958
463871,466959
466958,466959
463120,466960
463574,466960
466959,466960
466313,466961
467482,466961
466961,466962
468190,466962
466963,466964
467626,466964
467627,466966
468191,466966
467153,466967
467902,466967
335374,336007
335645,336007
336007,336008
336184,336008
336008,336009
336384,336009
335206,336016
336624,336016
334648,336017
336016,336017
332607,336018
336017,336018
336023,336022
336789,336022
339756,339997
340189,339997
339997,339998
340566,339998
513658,514761
514618,514761
517235,514761
465974,467131
466618,467131
467131,467132
466941,467132
468006,467136
467137,467136
467477,467144
466945,467144
466466,467145
467144,467145
513497,514767
514301,514767
335188,336176
335189,336176
336386,336185
336943,336185
335199,336186
336185,336186
336014,336190
336616,336190
335382,336191
336190,336191
336021,336194
336193,336194
335210,336195
336194,336195
336787,336196
336955,336196
336025,336198
336636,336198
335658,336199
336198,336199
468003,467301
467884,467301
467301,467302
467459,467302
467310,467311
467623,467311
466307,467312
467311,467312
467480,467313
467781,467313
492123,492965
492964,492965
334130,336381
335000,336381
335813,336387
338514,336387
467462,467463
468169,467463
467463,467464
466623,467464
467464,467465
467609,467465
467465,467466
467611,467466
467466,467467
466448,467467
467467,467468
467612,467468
467468,467469
465981,467469
467469,467470
467613,467470
467470,467471
467138,467471
467471,467472
467771,467472
467472,467473
482425,467473
466449,467474
467473,467474
464601,467474
467774,467475
468172,467475
333636,336406
336405,336406
336406,336407
332761,336407
336407,336408
333479,336408
336408,336409
332611,336409
331491,336410
336409,336410
336410,336411
330135,336411
336411,336412
329524,336412
336412,336413
328836,336413
465847,467487
467486,467487
336417,336418
336631,336418
333639,336419
336418,336419
333861,336420
336419,336420
331981,336421
336420,336421
331682,336422
336421,336422
331681,336423
336422,336423
333480,336424
336423,336424
332763,336425
333105,336425
336424,336425
330139,336426
336425,336426
330136,336427
336426,336427
331978,336428
336427,336428
329838,336429
336428,336429
329526,336430
336429,336430
336431,336432
337397,336432
336432,336433
338519,336433
336433,336434
337825,336434
335218,336435
335657,336435
286045,290532
293293,290532
468170,467610
468504,467610
467610,467611
467890,467611
468009,467614
467140,467614
466805,467615
467614,467615
468011,467618
467617,467618
467633,467628
469241,467628
467149,467629
467628,467629
466472,467630
467629,467630
465659,467631
467630,467631
464787,467632
467631,467632
335641,336584
336175,336584
336583,336585
336584,336585
335191,336588
336177,336588
336588,336589
337583,336589
336003,336590
336376,336590
336589,336590
336590,336591
338297,336591
336377,336592
336591,336592
336592,336593
338689,336593
336593,336594
339560,336594
336594,336595
338876,336595
335373,336596
337180,336596
336381,336597
336596,336597
336597,336598
336781,336598
336598,336599
338008,336599
336599,336600
336782,336600
336600,336601
338695,336601
336183,336602
336601,336602
336602,336603
338878,336603
336603,336604
338696,336604
336604,336605
338697,336605
336605,336606
336940,336606
336009,336607
336606,336607
336607,336608
339024,336608
336608,336609
339194,336609
336609,336610
337181,336610
336610,336611
339408,336611
336611,336612
337182,336612
336191,336617
337390,336617
335383,336618
336617,336618
336015,336619
336618,336619
336619,336620
338313,336620
336620,336621
339030,336621
336621,336622
336625,336622
336948,336623
336622,336623
336394,336624
336623,336624
383077,383789
384117,383789
467132,467756
468493,467756
466796,467757
467756,467757
467302,467758
467757,467758
465787,467759
467758,467759
463860,467760
467759,467760
465135,467761
467760,467761
467761,467762
468495,467762
464166,467763
467762,467763
455930,504402
504401,504402
465416,467765
467764,467765
466620,467766
467765,467766
465977,467767
467766,467767
467608,467768
468165,467768
467139,467772
468173,467772
468008,467773
467772,467773
468677,467774
467773,467774
469219,467775
468678,467775
467143,467776
467891,467776
470029,467784
470450,467784
403965,405644
405643,405644
467483,467786
467785,467786
466965,467787
467786,467787
469242,467790
470030,467790
274572,274573
274577,274573
456267,504403
504402,504403
274573,274574
274578,274574
405142,405651
406176,405651
335805,336772
338000,336772
272568,274582
273870,274582
335643,336774
336773,336774
336774,336775
338685,336775
336180,336777
336780,336777
335810,336778
336777,336778
335812,336781
336182,336781
336785,336784
336013,336784
274591,274588
275357,274588
466133,467885
466621,467885
468005,467887
468845,467887
467461,467888
467887,467888
468351,467897
469046,467897
467897,467898
468350,467898
468864,467901
469869,467901
467488,467903
468021,467903
467489,467904
467791,467904
467904,467905
469048,467905
460036,504408
504407,504408
514902,514903
515991,514903
336934,336935
337377,336935
336935,336936
337582,336936
467309,468013
467895,468013
468013,468014
469762,468014
468014,468015
467146,468015
336949,336950
336396,336950
336950,336951
337819,336951
338320,336957
344824,336957
336957,336958
337822,336958
334013,336959
335654,336959
336958,336959
336414,336960
336959,336960
335385,336961
336960,336961
332963,336962
336961,336962
334138,336963
336962,336963
332962,336964
336963,336964
332381,336965
336964,336965
331809,336966
336965,336966
331338,336967
336966,336967
330527,336968
336967,336968
336430,336969
336968,336969
329525,336970
336969,336970
336413,336971
336970,336971
327864,336972
336971,336972
327065,336973
336972,336973
327862,336974
336973,336974
328229,336975
336974,336975
336975,336976
325950,336976
325014,336977
336976,336977
323803,336978
336977,336978
325527,336979
336978,336979
325949,336979
323802,336980
336979,336980
324844,336981
336980,336981
324187,336982
336981,336982
336982,336983
323013,336983
322646,336984
336983,336984
321526,336985
336984,336985
487668,490843
490842,490843
468848,468168
469033,468168
469035,468172
469478,468172
469862,468172
468015,468178
470784,468178
467778,468179
468178,468179
467145,468180
468179,468180
465988,468181
468180,468181
465427,468182
468181,468182
463869,468183
465652,468183
468182,468183
463430,468184
468183,468184
462886,468185
468184,468185
465426,468186
468185,468186
335799,337167
336372,337167
336771,337168
337167,337168
337168,337169
337812,337169
337169,337170
337579,337170
336937,337173
337814,337173
336179,337176
337175,337176
336004,337177
337176,337177
337177,337178
338004,337178
336776,337179
337178,337179
336939,337180
337815,337180
337388,337183
337816,337183
336389,337184
336786,337184
336398,337191
336952,337191
336629,337192
337191,337192
336634,337196
337197,337196
468339,468340
469598,468340
468010,468341
468340,468341
467476,468342
468341,468342
466148,468343
468342,468343
469218,468344
469600,468344
469760,468345
469038,468345
469223,468348
469224,468348
467896,468349
468348,468349
469368,468354
468520,468354
468354,468355
469243,468355
336775,337362
340000,337362
337362,337363
338149,337363
336176,337364
337363,337364
337364,337365
338295,337365
337365,337366
337375,337366
333466,337367
337366,337367
337367,337368
337581,337368
336374,337369
337368,337369
336936,337370
337369,337370
333998,337371
337370,337371
333467,337372
337371,337372
335807,337373
337372,337373
337373,337374
337383,337374
337173,337378
338003,337378
337378,337379
338151,337379
336587,337380
337379,337380
336002,337381
337380,337381
334995,337382
336586,337382
337381,337382
333618,337383
337382,337383
338010,337385
338512,337385
336783,337386
337385,337386
336947,337390
337818,337390
338160,337391
338712,337391
337391,337392
337597,337392
336953,337393
337392,337393
336630,337394
337820,337394
337193,337395
337394,337395
336435,337399
338897,337399
468335,468493
469025,468493
469026,468494
469210,468494
468494,468495
468843,468495
468498,468499
469029,468499
468499,468500
469593,468500
467886,468501
468500,468501
467135,468502
468501,468502
469217,468505
469599,468505
468679,468507
468175,468507
468012,468508
468346,468508
468508,468509
469041,468509
469222,468512
469605,468512
468512,468513
469042,468513
467478,468514
468513,468514
468187,468515
468514,468515
468017,468516
469044,468516
503460,504430
503831,504430
503461,504431
504430,504431
338509,337581
338001,337581
336378,337584
336379,337584
337174,337584
337584,337585
338153,337585
337585,337586
337588,337586
337586,337587
338690,337587
337596,337594
339032,337594
337594,337595
338707,337595
337188,337596
338022,337596
337399,337600
341125,337600
337600,337601
339039,337601
337601,337602
335389,337602
337602,337603
337198,337603
334141,337606
337605,337606
337606,337607
336199,337607
332769,337611
337610,337611
337611,337612
331989,337612
468684,468685
468510,468685
337613,337614
330706,337614
337614,337615
328446,337615
468687,468688
468177,468688
325953,337619
337618,337619
327068,337620
337619,337620
327562,337621
337620,337621
325181,337622
337621,337622
324848,337623
337622,337623
325531,337624
337623,337624
325711,337625
337624,337625
324353,337626
337625,337626
321690,337627
337626,337627
324846,337628
337627,337628
320545,337629
337628,337629
323808,337630
337629,337630
323985,337631
337630,337631
323204,337632
337631,337632
321530,337633
337632,337633
323019,337634
337633,337634
427642,427643
428009,427643
321049,337636
337635,337636
319885,337637
337636,337637
321370,337638
337637,337638
320880,337639
337638,337639
319386,337640
337639,337640
318327,337641
337640,337641
318822,337642
337641,337642
319208,337643
337642,337643
316419,337644
337643,337644
318821,337645
337644,337645
316911,337646
337645,337646
315687,337647
337646,337647
316058,337648
337647,337648
314282,337649
337648,337649
312126,337650
313893,337650
337649,337650
310592,337651
337650,337651
312823,337652
337651,337652
310001,337653
312660,337653
337652,337653
311945,337654
337653,337654
308645,337655
337654,337655
308127,337656
308973,337656
337655,337656
307449,337657
337656,337657
305562,337658
337657,337658
468680,468849
469221,468849
468682,468851
469479,468851
468851,468852
469356,468852
467892,468853
468852,468853
469229,468856
469480,468856
468517,468857
468856,468857
468863,468862
469484,468862
336931,337811
337166,337811
338024,337821
338887,337821
336788,337822
337821,337822
337400,337826
338524,337826
337826,337827
338164,337827
466132,469022
469470,469022
468334,469023
469022,469023
469023,469024
469340,469024
469354,469034
469861,469034
469220,469037
469757,469037
468188,469043
468855,469043
337360,337992
337991,337992
336585,337993
337361,337993
337811,337993
337992,337994
337993,337994
337994,337995
338504,337995
337995,337996
339020,337996
337996,337997
338684,337997
336373,337998
336932,337998
337999,338000
338506,338000
338510,338002
338688,338002
338002,338003
338152,338003
338155,338007
338694,338007
338007,338008
339023,338008
338158,338011
337184,338011
338012,338013
338517,338013
338013,338014
338518,338014
337389,338015
338014,338015
337186,338016
338015,338016
337593,338017
338016,338017
338017,338018
339574,338018
336946,338019
338018,338019
338019,338020
338311,338020
338020,338021
338705,338021
337599,338023
338025,338023
337194,338024
338023,338024
337396,338026
337824,338026
338026,338027
338715,338027
468675,469213
468004,469213
468167,469214
468847,469214
468166,469215
469214,469215
469352,469215
469043,469225
470209,469225
469225,469226
468016,469226
469226,469227
467312,469227
338516,338157
338703,338157
338704,338157
338157,338158
338702,338158
337395,338161
338713,338161
464019,469234
469233,469234
463576,469235
469234,469235
469235,469236
464784,469236
469236,469237
460658,469237
461279,469238
462065,469238
469237,469238
459601,469239
469238,469239
492570,493274
493117,493274
469738,469344
471531,469344
468674,469346
469212,469346
468673,469347
469346,469347
469347,469348
470018,469348
468846,469349
469475,469349
469349,469350
470198,469350
469350,469351
470763,469351
469865,469359
469361,469359
469359,469360
469604,469360
337578,338289
337810,338289
469045,469365
469609,469365
338513,338301
341490,338301
337387,338302
338301,338302
332756,338304
338011,338304
338304,338305
335821,338305
338305,338306
340203,338306
338306,338307
340707,338307
338307,338308
338883,338308
341633,338308
338308,338309
342702,338309
338309,338310
344316,338310
338162,338317
341497,338317
337598,338318
338317,338318
338318,338319
341114,338319
336956,338320
338319,338320
470017,469471
470913,469471
469027,469472
469471,469472
468496,469473
469472,469473
467900,469481
469047,469481
468861,469482
469481,469482
469367,469483
469482,469483
438991,438992
441558,438992
317441,318554
318553,318554
316571,318555
318554,318555
318552,318556
318555,318556
316411,318557
318556,318557
316051,318558
318557,318558
315670,318559
318558,318559
337580,338505
338148,338505
338686,338508
339184,338508
338889,338520
339583,338520
449635,449636
449641,449636
338521,338522
337196,338522
469216,469596
469597,469596
318329,318565
319706,318565
448761,449638
449637,449638
448125,449639
449638,449639
470212,469612
470928,469612
470451,469616
470618,469616
316913,318568
318567,318568
469617,469618
472358,469618
469618,469619
472025,469619
469619,469620
470932,469620
469215,469740
472502,469740
473421,469740
469353,469741
469740,469741
469741,469742
470432,469742
468168,469743
469742,469743
469595,469744
469476,469744
469744,469745
469860,469745
468503,469746
469745,469746
470200,469747
470768,469747
469747,469748
470769,469748
469601,469749
469748,469749
467618,469750
469749,469750
470602,469751
471540,469751
469602,469752
469603,469752
469751,469752
469752,469753
474271,469753
468507,469754
469753,469754
469754,469755
468506,469755
469755,469756
467619,469756
469758,469759
470201,469759
338154,338692
338691,338692
469621,469765
470620,469765
470619,469766
469765,469766
338511,338698
339195,338698
338698,338699
339563,338699
338315,338709
338711,338709
338159,338710
338709,338710
338316,338713
339200,338713
340035,338713
339034,338714
339579,338714
559580,558898
559991,558898
558898,558899
559017,558899
337998,338870
338505,338870
338870,338871
339182,338871
337170,338872
338871,338872
338869,338873
338872,338873
337590,338877
338298,338877
338156,338880
337591,338880
338515,338881
338880,338881
338881,338882
339776,338882
338882,338883
339572,338883
339580,338886
339581,338886
338886,338887
339782,338887
338716,338888
339582,338888
338163,338889
338523,338889
339415,338890
339787,338890
338322,338891
338890,338891
338891,338892
339416,338892
338028,338893
338892,338893
336987,338894
338893,338894
338894,338895
339417,338895
336791,338896
338895,338896
337398,338897
338896,338897
470015,470014
470761,470014
469357,470021
470604,470021
470021,470022
470203,470022
274096,274945
274944,274945
470023,470024
469040,470024
470214,470026
470930,470026
469870,470027
470026,470027
468865,470028
470027,470028
469240,470029
470028,470029
274946,274947
278373,274947
276893,274948
274947,274948
338875,339021
340568,339021
339021,339022
339401,339022
339414,339031
340402,339031
339031,339032
340401,339032
339211,339037
339585,339037
339037,339038
339418,339038
339038,339039
339790,339039
548009,548126
548990,548126
443957,465202
465201,465202
471066,470200
472159,470200
469606,470205
470605,470205
470205,470206
471072,470206
469607,470207
470206,470207
470207,470208
469763,470208
469608,470209
470208,470209
469615,470215
469764,470215
338683,339177
338868,339177
338291,339178
339177,339178
338147,339179
339178,339179
338874,339180
339754,339180
339180,339181
339753,339181
339181,339182
339752,339182
340208,339204
343324,339204
338027,339205
339204,339205
339203,339206
339205,339206
338321,339207
339206,339207
339202,339208
339207,339208
337195,339209
339208,339209
337823,339210
339209,339210
396363,395375
395378,395375
395740,395376
395375,395376
471536,470430
471682,470430
469213,470431
471366,470431
471068,470437
470772,470437
470437,470438
471221,470438
470438,470439
470771,470439
470442,470440
470779,470440
470440,470441
471544,470441
470606,470444
471225,470444
470793,470446
471228,470446
470213,470447
470446,470447
470447,470448
471079,470448
469614,470449
470448,470449
469613,470450
470449,470450
470929,470450
340001,339402
340191,339402
339402,339403
340190,339403
338687,339404
339186,339404
339404,339405
339759,339405
339405,339406
340394,339406
296869,296870
297221,296870
469024,470584
471347,470584
470584,470585
470751,470585
470585,470586
471674,470586
470586,470587
471675,470587
470587,470588
471676,470588
469737,470589
470588,470589
470196,470590
470589,470590
470199,470595
470598,470595
470595,470596
471539,470596
469863,470597
470596,470597
470770,470601
471219,470601
470019,470602
470601,470602
470926,470607
477617,470607
470607,470608
471227,470608
470211,470609
470608,470609
469868,470610
470609,470610
468860,470611
470610,470611
468859,470612
470611,470612
468189,470613
470612,470613
468018,470614
470613,470614
467481,470615
470614,470615
466469,470616
470615,470616
339019,339554
339746,339554
338682,339555
339554,339555
338867,339556
339555,339556
339556,339557
340561,339557
339409,339566
340198,339566
340703,339566
339566,339567
340199,339567
339410,339568
339567,339568
339568,339569
339570,339569
339786,339583
340210,339583
470590,470752
472843,470752
469211,470753
470752,470753
470014,470754
470753,470754
469341,470755
470754,470755
468336,470756
470755,470756
468337,470757
469342,470757
470756,470757
470757,470758
470912,470758
467767,470759
470758,470759
469473,470760
470759,470760
470433,470764
471683,470764
470764,470765
471212,470765
470767,470768
472009,470768
470776,470773
471542,470773
471070,470774
470773,470774
469864,470775
470774,470775
469866,470780
470922,470780
470780,470781
470921,470781
470781,470782
470920,470782
469761,470783
470782,470783
469363,470784
470783,470784
471693,470787
472695,470787
471073,470788
470787,470788
471546,470789
472021,470789
470789,470790
471074,470790
470210,470791
470790,470791
337997,339747
338873,339747
339747,339748
340563,339748
339748,339749
339995,339749
339749,339750
341479,339750
339750,339751
342688,339751
339183,339755
339558,339755
339755,339756
339996,339756
339187,339760
339188,339760
339760,339761
340569,339761
339761,339762
339764,339762
339762,339763
341485,339763
338296,339765
339189,339765
339765,339766
340395,339766
339190,339767
339766,339767
338299,339768
338693,339768
339192,339770
339769,339770
339770,339771
340572,339771
339562,339772
339771,339772
339407,339773
339772,339773
338884,339778
339197,339778
340213,339788
340717,339788
339788,339789
340212,339789
471208,470910
471529,470910
470016,470911
470910,470911
469343,470912
470591,470912
470911,470912
470429,470914
471533,470914
470197,470915
470914,470915
469739,470916
470915,470916
470916,470917
471211,470917
471549,470924
473032,470924
469483,470925
470924,470925
470925,470926
471390,470926
470216,470932
470931,470932
495781,495782
496127,495782
470436,471067
470603,471067
339022,340000
339999,340000
471076,471075
472022,471075
340197,340007
340398,340007
340007,340008
339564,340008
339565,340008
339026,340009
340008,340009
339025,340010
340009,340010
338302,340011
340010,340011
336187,340012
340011,340012
337386,340013
340012,340013
335376,340014
340013,340014
334006,340015
340014,340015
339777,340016
340204,340016
338021,340017
340016,340017
340017,340018
341105,340018
340018,340019
341270,340019
339029,340020
340019,340020
338312,340021
340020,340021
339778,340022
340021,340022
340022,340023
341106,340023
342373,340023
339575,340024
340023,340024
340024,340025
340708,340025
339779,340026
340025,340026
341636,340026
339413,340028
340029,340028
341110,340030
341642,340030
339780,340031
340030,340031
340403,340031
339199,340032
340031,340032
340032,340033
340205,340033
340710,340034
341112,340034
277558,277559
279837,277559
470918,471214
471065,471214
473978,471216
472342,471216
470597,471217
471216,471217
471077,471226
471695,471226
471226,471227
471696,471227
340895,340189
340896,340189
339196,340195
340006,340195
340005,340196
340195,340196
340397,340197
341100,340197
340574,340201
340904,340201
339573,340202
340201,340202
296302,296999
296699,296999
339783,340208
341498,340208
339785,340209
340908,340209
334654,333094
335006,333094
471673,471346
472152,471346
470427,471347
471346,471347
471834,471350
472678,471350
470430,471351
471350,471351
470917,471352
471351,471352
470431,471353
471352,471353
469032,471354
469594,471354
471353,471354
468844,471355
471354,471355
467460,471356
471355,471356
469031,471357
471356,471357
469030,471358
471357,471358
468502,471359
471358,471359
464589,471360
466135,471360
471359,471360
471360,471361
466445,471361
466295,471362
471361,471362
464588,471363
471362,471363
471367,471364
471836,471364
470762,471365
471364,471365
469474,471366
471365,471366
470594,471369
472156,471369
471369,471370
472157,471370
471370,471371
472686,471371
471220,471374
472010,471374
471374,471375
471686,471375
471067,471376
471375,471376
471376,471377
472011,471377
471377,471378
471840,471378
471378,471379
475179,471379
469759,471380
471379,471380
468849,471381
471380,471381
468176,471382
471381,471382
467776,471383
471382,471383
466463,471384
471383,471384
470439,471385
471384,471385
463867,471386
471385,471386
472690,471388
472512,471388
471229,471393
471551,471393
339993,340388
340562,340388
339400,340389
340388,340389
339185,340392
340391,340392
339758,340393
340392,340393
340702,340398
341489,340398
339411,340399
339576,340399
340027,340399
340028,340400
340576,340400
339033,340404
340578,340404
339577,340405
340206,340405
340405,340406
340580,340406
340406,340407
342530,340407
340407,340408
342197,340408
340408,340409
340579,340409
340905,340410
342199,340410
277570,277571
277596,277571
282896,277571
279164,277572
277571,277572
471678,471532
472336,471532
471348,471534
472339,471534
471349,471535
471534,471535
471833,471535
471214,471537
471684,471537
469596,471538
471537,471538
472506,471540
472344,471540
471391,471548
472165,471548
470927,471549
471548,471549
277572,277573
282038,277573
340567,340565
341483,340565
340565,340566
341093,340566
341482,340566
339191,340571
340193,340571
340577,340576
341108,340576
471210,471680
472338,471680
471209,471681
471680,471681
471372,471684
472006,471684
472507,471686
472345,471686
471844,471697
472526,471697
471697,471698
472349,471698
471698,471699
471843,471699
341983,340701
342695,340701
338303,340705
338701,340705
339027,340705
341103,340707
341989,340707
340400,340709
341107,340709
355632,340709
340582,340712
341273,340712
340037,340716
340715,340716
277580,277581
282039,277581
277581,277582
281076,277582
471535,471834
472497,471834
471373,471839
472343,471839
473424,471841
472346,471841
471541,471842
471841,471842
471232,471845
471394,471845
282040,277584
277583,277584
344961,343052
346221,343052
341097,340898
341984,340898
340898,340899
340900,340899
471545,472015
472017,472015
471688,472016
472015,472016
471530,472153
472001,472153
472002,472154
472153,472154
341086,341087
341974,341087
471071,472160
471222,472160
339994,341089
341088,341089
340893,341090
341089,341090
471392,472168
471701,472168
341492,341101
341263,341101
339571,341102
340706,341102
341269,341105
341991,341105
341109,341110
343069,341110
340714,341115
341499,341115
340716,341117
342891,341117
340211,341118
341117,341118
341118,341119
341661,341119
341119,341120
341504,341120
340910,341121
341120,341121
339584,341122
341121,341122
338898,341123
341122,341123
339789,341124
341123,341124
338899,341125
341124,341125
339557,341256
341621,341256
340389,341257
341256,341257
340705,341265
341102,341265
340575,341266
341104,341266
342703,341268
341267,341268
472007,472342
472992,472342
469620,472351
478737,472351
471395,472352
472351,472352
472352,472353
474138,472353
472353,472354
473440,472354
471845,472355
472354,472355
471231,472356
472355,472356
472530,472357
473161,472357
471396,472358
472357,472358
472676,472497
472846,472497
471835,472498
472004,472498
472003,472499
472498,472499
472680,472500
472684,472500
470593,472501
472500,472501
471368,472502
472501,472502
472008,472504
472855,472504
472504,472505
473299,472505
472693,472513
472016,472513
472513,472514
474109,472514
472514,472515
473428,472515
472692,472516
472515,472516
472014,472517
472516,472517
470441,472518
472517,472518
472013,472519
472518,472519
471543,472520
472519,472520
471388,472521
472520,472521
469358,472522
472521,472522
469360,472523
472522,472523
471389,472524
472697,472524
471547,472525
472524,472525
471700,472527
472024,472527
339406,341484
340393,341484
341113,341494
342374,341494
343074,341494
340581,341495
341494,341495
339578,341496
340410,341496
341495,341496
340036,341497
341496,341497
340909,341501
341274,341501
341116,341502
341501,341502
341502,341503
342043,341503
472844,472674
473141,472674
472499,472677
472847,472677
472677,472678
473415,472678
472679,472680
473142,472680
473143,472681
472341,472681
472005,472682
472681,472682
472682,472683
472991,472683
473422,472684
472683,472684
341478,341617
342349,341617
473024,472691
473792,472691
472691,472692
472856,472692
473430,472693
472857,472693
471690,472694
472163,472694
340390,341623
340894,341623
341091,341625
341624,341625
341625,341626
343303,341626
471702,472700
472350,472700
341096,341630
341486,341630
341981,341631
343310,341631
341272,341638
341994,341638
341637,341639
341638,341639
342529,341640
343070,341640
341640,341641
343314,341641
341111,341642
341641,341642
343757,341643
345796,341643
340409,341644
341643,341644
342196,341644
340404,341645
341644,341645
339781,341646
340034,341646
341645,341646
338710,341647
341646,341647
337192,341648
341647,341648
340033,341649
341648,341649
336628,341650
341649,341650
336627,341651
341650,341651
338708,341652
341651,341652
337190,341653
341652,341653
335384,341654
341653,341654
334844,341655
341654,341655
337189,341656
341655,341656
333478,341657
341656,341657
336020,341658
341657,341658
504568,504569
505161,504569
473411,472839
473966,472839
472988,472840
472839,472840
472335,472841
472840,472841
471677,472842
472841,472842
471832,472843
472842,472843
472340,472847
472848,472847
472851,472850
474423,472850
471223,472861
472347,472861
472164,472861
472861,472862
473158,472862
472862,472863
473797,472863
472509,472998
472997,472998
474873,472999
475839,472999
472999,473000
473621,473000
472012,473001
473000,473001
472510,473002
473001,473002
471069,473003
473002,473003
470020,473004
471387,473004
473003,473004
471842,473005
473004,473005
469039,473006
473005,473006
468681,473007
470775,473007
473006,473007
467621,473008
473007,473008
468853,473009
473008,473009
466811,473010
473009,473010
465804,473011
473010,473011
467893,473012
473011,473012
463560,473013
466629,473013
473012,473013
464456,473014
473013,473014
465241,473015
473014,473015
463261,473016
473015,473016
462471,473017
473016,473017
464014,473018
473017,473018
465807,473019
473018,473019
461408,473020
473019,473020
463262,473021
473020,473021
473632,473028
475011,473028
473028,473029
474547,473029
473986,473031
474278,473031
473031,473032
472699,473032
340897,341976
341258,341976
340698,341977
341976,341977
340699,341978
341977,341978
341978,341979
342834,341979
341979,341980
344144,341980
342190,341986
342701,341986
341099,341987
341986,341987
343328,341998
345142,341998
341998,341999
343081,341999
341115,342000
341500,342000
341999,342000
339784,342001
342000,342001
340209,342002
342001,342002
339035,342003
342002,342003
338522,342004
338888,342004
342003,342004
336633,342005
342004,342005
336434,342006
342005,342006
336632,342007
342006,342007
335830,342008
342007,342008
335387,342009
342008,342009
334014,342010
342009,342010
333863,342011
342010,342011
331684,342012
342011,342012
333644,342013
342012,342013
331494,342014
332767,342014
342013,342014
333487,342015
342014,342015
329656,342016
342015,342016
328634,342017
342016,342017
329840,342018
342017,342018
328061,342019
342018,342019
327066,342020
342019,342020
326114,342021
342020,342021
329655,342022
342021,342022
327396,342023
342022,342023
325709,342024
326758,342024
342023,342024
324352,342025
342024,342025
325324,342025
323647,342026
342025,342026
323806,342027
325530,342027
342026,342027
322852,342028
342027,342028
322238,342028
321529,342029
323805,342029
342028,342029
321048,342030
342029,342030
342030,342031
322237,342031
342031,342032
320249,342032
319385,342033
342032,342033
319538,342034
342033,342034
321047,342035
342034,342035
319537,342036
321369,342036
342035,342036
321368,342037
342036,342037
318561,342038
342037,342038
316908,342039
342038,342039
316906,342040
342039,342040
315846,342041
342040,342041
471371,473144
473298,473144
473144,473145
474103,473145
473145,473146
472687,473146
473147,473148
473983,473148
473425,473149
473148,473149
473149,473150
473622,473150
471687,473151
473150,473151
470777,473152
473151,473152
470202,473153
473152,473153
473799,473159
473435,473159
343741,342189
343742,342189
341101,342193
342371,342193
342193,342194
343747,342194
342194,342195
343488,342195
473413,473294
473788,473294
472852,473296
474534,473296
473296,473297
474424,473297
473297,473298
474263,473298
473293,473411
473412,473411
474101,473416
476315,473416
471837,473417
473416,473417
473295,473418
473417,473418
471064,473419
473418,473419
472849,473420
473419,473420
469351,473421
473420,473421
340564,342354
342353,342354
341092,342355
342354,342355
473429,473428
473427,473428
472696,473433
473432,473433
341487,342363
342185,342363
342363,342364
342698,342364
342364,342365
343051,342365
342186,342366
342365,342366
342366,342367
343960,342367
342192,342371
342885,342371
341635,342373
342372,342373
342531,342374
342887,342374
341995,342375
342888,342375
341659,342376
342375,342376
427984,428456
428455,428456
426792,428457
428456,428457
341491,342523
341632,342523
342370,342523
342191,342524
342523,342524
342884,342524
341990,342525
341493,342525
342525,342526
343061,342526
388439,388975
388974,388975
473300,473620
473619,473620
472162,473624
474879,473624
473794,473625
474133,473625
474544,473625
473025,473626
473625,473626
296696,297391
297390,297391
471692,473628
473627,473628
472020,473629
473628,473629
473633,473634
474279,473634
473634,473635
475012,473635
473159,473636
473635,473636
471550,473637
473636,473637
473637,473638
473438,473638
471078,473639
471699,473639
473638,473639
470445,473640
473639,473640
469612,473641
473640,473641
468689,473642
473641,473642
468518,473643
473642,473643
468862,473644
473643,473644
467315,473646
473645,473646
466962,473647
473646,473647
466158,473648
473647,473648
465246,473649
473648,473649
466312,473650
473649,473650
339179,341086
341257,341086
428155,428468
428818,428468
297394,297397
297396,297397
341087,341088
341975,341088
471689,472161
472160,472161
472018,472162
472161,472162
341615,342685
341616,342685
342686,342685
341622,342688
342689,342688
341627,342690
342359,342690
341481,342691
342690,342691
341094,342692
341629,342692
342184,342696
342362,342696
342521,342700
342522,342700
514905,515870
516640,515870
516856,515870
474135,473795
474430,473795
472860,473796
473795,473796
556213,559579
559578,559579
341980,342835
342692,342835
342361,342836
342835,342836
344467,342836
342836,342837
343738,342837
341484,342838
342837,342838
341095,342839
342838,342839
339763,342840
342839,342840
342840,342841
346521,342841
342841,342842
344801,342842
341630,342843
342842,342843
342843,342844
346704,342844
339767,342845
342844,342845
340570,342846
342845,342846
342693,342847
342846,342847
342847,342848
343050,342848
340700,342849
342848,342849
336595,342850
342849,342850
342850,342851
342878,342851
337587,342852
342851,342852
341631,342853
341982,342853
342852,342853
340701,342854
342853,342854
339561,342855
342854,342855
338692,342856
342855,342856
340192,342857
342856,342857
337179,342858
342857,342858
341259,342859
342858,342859
334834,342860
342859,342860
340899,342861
342860,342861
340002,342862
342861,342862
338005,342863
342862,342863
336779,342864
342863,342864
340003,342865
342864,342865
338877,342866
342865,342866
340901,342867
342866,342867
341098,342868
342867,342868
341985,342869
342868,342869
339768,342870
342869,342870
341260,342871
342870,342871
340396,342872
342187,342872
342871,342872
340571,342873
342872,342873
340902,342874
342873,342874
341488,342875
342874,342875
342700,342876
342875,342876
343448,342877
344470,342877
342694,342878
342877,342878
343331,342889
343506,342889
342536,342890
342889,342890
342890,342891
342892,342891
472672,473965
475161,473965
472673,473966
473965,473966
472990,473970
473971,473970
475481,473975
474536,473975
473975,473976
474535,473976
473617,473977
473976,473977
472503,473978
473977,473978
473974,474101
475336,474101
473155,474107
473301,474107
473624,474110
475645,474110
472694,474111
474110,474111
474111,474112
476083,474112
473157,474113
474112,474113
474113,474114
474429,474114
471691,474115
474114,474115
341614,343044
342348,343044
472858,474118
474117,474118
472859,474119
474118,474119
470923,474120
474119,474120
470785,474121
474120,474121
472019,474122
474121,474122
470786,474123
474122,474123
469364,474124
474123,474124
473629,474125
474124,474125
470443,474126
474125,474126
343487,343055
343965,343055
343055,343056
342883,343056
468516,474129
474128,474129
468857,474130
474129,474130
467780,474131
474130,474131
467624,474132
474131,474132
342527,343062
342704,343062
342705,343063
343062,343063
473630,474136
473985,474136
343752,343066
343065,343066
343066,343067
343498,343067
343758,343071
343759,343071
343071,343072
343075,343072
342708,343073
343072,343073
342198,343074
343073,343074
342201,343076
342533,343076
343076,343077
343967,343077
343077,343078
344333,343078
342532,343079
343078,343079
344156,343080
344334,343080
342535,343081
343080,343081
472989,474253
473787,474253
473414,474255
473972,474255
474260,474257
474864,474257
474257,474258
474710,474258
474258,474259
474532,474259
473615,474262
475823,474262
475828,474265
474537,474265
472994,474266
474265,474266
474266,474267
474869,474267
472993,474268
474267,474268
474268,474269
472688,474269
470600,474270
474269,474270
470599,474271
474270,474271
475006,474274
475641,474274
526442,526443
520923,526443
342685,343277
343044,343277
343277,343278
344464,343278
343278,343279
343445,343279
343279,343280
344309,343280
341090,343281
345425,343281
339751,343282
343281,343282
343282,343283
344641,343283
343283,343284
344798,343284
343284,343285
344311,343285
343285,343286
344954,343286
343286,343287
345775,343287
343287,343288
345598,343288
343288,343289
346882,343289
343289,343290
345982,343290
347410,343290
343290,343291
347411,343291
343291,343292
347020,343292
343292,343293
345426,343293
343293,343294
346513,343294
343294,343295
343736,343295
343295,343296
344143,343296
343296,343297
346212,343297
343297,343298
346371,343298
347550,343298
343298,343299
347551,343299
343299,343300
348378,343300
343300,343301
348870,343301
343301,343302
349502,343302
342360,343304
342832,343304
343304,343305
343737,343305
344662,343317
344826,343317
343317,343318
343760,343318
342534,343319
343318,343319
341996,343320
343319,343320
341997,343321
343320,343321
340907,343322
343321,343322
340207,343323
343322,343323
340713,343324
343323,343324
343329,343326
343505,343326
344665,343326
341503,343327
343326,343327
342042,343328
343327,343328
319368,319369
319375,319369
473618,474426
474104,474426
473796,474431
473433,474431
388211,388981
388980,388981
342876,343450
344647,343450
347567,343450
343450,343451
345108,343451
343451,343452
343961,343452
342188,343453
343452,343453
341261,343454
343453,343454
339773,343455
343454,343455
343455,343456
342368,343456
339193,343457
343456,343457
339774,343458
343457,343458
342189,343459
343052,343459
343458,343459
342880,343460
343459,343460
342369,343461
343460,343461
343485,343462
343461,343462
340004,343463
343462,343463
340194,343464
343463,343464
341262,343465
343464,343465
344652,343465
342882,343466
343465,343466
343059,343467
343466,343467
338699,343468
343467,343468
338879,343469
343468,343469
338009,343470
343469,343470
338300,343471
343470,343471
336612,343472
343471,343472
336941,343473
343472,343473
336186,343474
343473,343474
336385,343475
343474,343475
334837,343476
335647,343476
343475,343476
334641,343477
343476,343477
333624,343478
343477,343478
332953,343479
343478,343479
331962,343480
332374,343480
343479,343480
328970,343481
343480,343481
331183,343482
343481,343482
343962,343483
345266,343483
342881,343484
343483,343484
343053,343485
343484,343485
343486,343487
345112,343487
342526,343489
343751,343489
341268,343490
343489,343490
343490,343491
344807,343491
343491,343492
345620,343492
343492,343493
344808,343493
343493,343494
345991,343494
343494,343495
346227,343495
347793,343496
343495,343496
346531,343496
343496,343497
348517,343497
344321,343500
345786,343500
342886,343502
343753,343502
343315,343503
344330,343503
344971,343505
345143,343505
383784,384933
384932,384933
516005,516006
515567,516006
382026,384935
384934,384935
516161,516012
518100,516012
406785,406786
384352,406786
515389,516013
516012,516013
406786,406787
385666,406787
513803,516014
516013,516014
406787,406788
386930,406788
406788,406789
387452,406789
406789,406790
387114,406790
274275,275720
275132,275720
276414,275721
277322,275721
474100,474709
474256,474709
451831,450489
452660,450489
451301,450489
474262,474712
474533,474712
474712,474713
474998,474713
474713,474714
475822,474714
474714,474715
476316,474715
474715,474716
477261,474716
474870,474717
475497,474717
474272,474718
474717,474718
475501,474719
474542,474719
474719,474720
476081,474720
474276,474723
474722,474723
474137,474728
474883,474728
341634,341267
341266,341267
342828,343734
343733,343734
342358,343735
342691,343735
343305,343736
343735,343736
342879,343740
343311,343740
343745,343746
344476,343746
343746,343747
344963,343747
343750,343751
344318,343751
343503,343756
348896,343756
343756,343757
347044,343757
474539,474871
478321,474871
474871,474872
475004,474872
473982,474873
474872,474873
476082,474874
474543,474874
474874,474875
475502,474875
473623,474876
474875,474876
474876,474877
473793,474877
474877,474878
473431,474878
473156,474879
474878,474879
475515,474888
474550,474888
474888,474889
476090,474889
473654,474890
474889,474890
474890,474891
472701,474891
474253,474985
475164,474985
474985,474986
476602,474986
474419,474987
474986,474987
474987,474988
475628,474988
473613,474989
474988,474989
473968,474990
474989,474990
474990,474991
479329,474991
474420,474992
474991,474992
473969,474993
474992,474993
474993,474994
475459,474994
474994,474995
475333,474995
476307,474995
474995,474996
475165,474996
473789,474998
474711,474998
475168,475001
476928,475001
475172,475002
475827,475002
476086,475008
476087,475008
476787,475008
342827,343951
343046,343951
343045,343952
343951,343952
343446,343954
344642,343954
343954,343955
344955,343955
342831,343956
343955,343956
344802,343961
345109,343961
344803,343964
344804,343964
343743,343965
343964,343965
343761,343968
344482,343968
474984,475162
476775,475162
473967,475163
475162,475163
475163,475164
475627,475164
475002,475169
475495,475169
474264,475170
475169,475170
473791,475171
475170,475171
475829,475173
476783,475173
475173,475174
475496,475174
472995,475175
475174,475175
475003,475176
475175,475176
472996,475177
475176,475177
475177,475178
472689,475178
472508,475179
475178,475179
475510,475184
475654,475184
475184,475185
475353,475185
475185,475186
474548,475186
474887,475187
475186,475187
344466,344138
344644,344138
343306,344139
344138,344139
342520,344140
344139,344140
342833,344141
344140,344141
341628,344142
344141,344142
344142,344143
344643,344143
344468,344146
345106,344146
343740,344148
344957,344148
346711,344148
342183,344149
342696,344149
344148,344149
344149,344150
344152,344150
344646,344150
344150,344151
345604,344151
343449,344152
342697,344152
391126,391605
391446,391605
475166,475335
475821,475335
475001,475340
477990,475340
475340,475341
476476,475341
475341,475342
476078,475342
473980,475343
474425,475343
475342,475343
472854,475344
475343,475344
474724,475346
474725,475346
475345,475346
475346,475347
476482,475347
475347,475348
477106,475348
475350,475351
475850,475351
474884,475352
475351,475352
341626,344311
343956,344311
343749,344313
344317,344313
344313,344314
344806,344314
344153,344315
344314,344315
343060,344316
344315,344316
344658,344320
344966,344320
344320,344321
344659,344321
344810,344323
345132,344323
344323,344324
344809,344324
344324,344325
343501,344325
341992,344326
344325,344326
344322,344327
344326,344327
319884,319536
320717,319536
476474,475461
479676,475461
474867,475462
475461,475462
475462,475463
476475,475463
474868,475464
475339,475464
475463,475464
473616,475465
475464,475465
472853,475466
475465,475466
473146,475467
475466,475467
472158,475468
475467,475468
471538,475469
475468,475469
470919,475470
475469,475470
471215,475471
475470,475471
470434,475472
475471,475472
468338,475473
475472,475473
471217,475474
475473,475474
469355,475475
475474,475475
468174,475476
475475,475476
469036,475477
475476,475477
467616,475478
475477,475478
467615,475479
475478,475479
464916,475480
475479,475480
475171,475483
477098,475483
475483,475484
479076,475484
473981,475485
475484,475485
472505,475486
475485,475486
473423,475487
471685,475487
475486,475487
475344,475488
475487,475488
471839,475489
475488,475489
471218,475490
475489,475490
470435,475491
475490,475491
468344,475492
475491,475492
468505,475493
475492,475493
417368,417369
418907,417369
476477,475495
476478,475495
475842,475499
476322,475499
475499,475500
476611,475500
474726,475504
475503,475504
475504,475505
476085,475505
474881,475506
475505,475506
474882,475507
475506,475507
476484,475511
475514,475511
475511,475512
475851,475512
475512,475513
475655,475513
344800,344467
345104,344467
342699,344473
344472,344473
343755,344477
344329,344477
343754,344478
344477,344478
344328,344479
344478,344479
552530,552673
552979,552673
475335,475630
477092,475630
475630,475631
476308,475631
474259,475632
475631,475632
474709,475633
475632,475633
475633,475634
474531,475634
475634,475635
477259,475635
474421,475636
475635,475636
551374,552674
552673,552674
476935,475644
478574,475644
474723,475645
475644,475645
475646,475647
476612,475647
475647,475648
476786,475648
475648,475649
476084,475649
474880,475650
475649,475650
476619,475652
477108,475652
478164,475653
476088,475653
552674,552675
551239,552675
551375,552675
344639,344640
345100,344640
345431,344648
345608,344648
344648,344649
344653,344649
344649,344650
345430,344650
343054,344651
344650,344651
343963,344652
344651,344652
344475,344654
345113,344654
343744,344655
344654,344655
344312,344656
344655,344656
344965,344657
346229,344657
550787,552677
552676,552677
344154,344661
344813,344661
344336,344663
345274,344663
344663,344664
345144,344664
343330,344665
344664,344665
538042,538043
538474,538043
538048,538049
539016,538049
475000,475824
475338,475824
477758,475831
478314,475831
475831,475832
476930,475832
474718,475833
475832,475833
475833,475834
475840,475834
475180,475835
475834,475835
474426,475836
475835,475836
475181,475837
475836,475837
473620,475838
475837,475838
472998,475839
475838,475839
476080,475840
477759,475840
475182,475843
475651,475843
475183,475844
475843,475844
475844,475845
477603,475845
475845,475846
476481,475846
477273,475848
476483,475848
475848,475849
476327,475849
475856,475852
477113,475852
475852,475853
476623,475853
474280,475854
475853,475854
473988,475855
475854,475855
343047,344795
343953,344795
345105,344800
345984,344800
344331,344812
345272,344812
344661,344814
345273,344814
344814,344815
348080,344815
344815,344816
344968,344816
344155,344817
344816,344817
343504,344818
344817,344818
342376,344819
344818,344819
344819,344820
345811,344820
340906,344821
344820,344821
340411,344822
344821,344822
340711,344823
344822,344823
338714,344824
344823,344824
408654,408655
391436,408655
345607,344959
346890,344959
344959,344960
344962,344960
344960,344961
345111,344961
344969,344968
345438,344968
475825,476076
476925,476076
475482,476077
476076,476077
473979,476078
476077,476078
476329,476089
476621,476089
345597,345101
346367,345101
345262,345103
347023,345103
344645,345104
345103,345104
345605,345108
345986,345108
344656,345114
345611,345114
345114,345115
345782,345115
342524,345116
345115,345116
345116,345117
345612,345117
345117,345118
345128,345118
345118,345119
346714,345119
345119,345120
346904,345120
345120,345121
346225,345121
345121,345122
347033,345122
345122,345123
348240,345123
345123,345124
347594,345124
345124,345125
348691,345125
349512,345125
345125,345126
350179,345126
345126,345127
349969,345127
344481,345138
344970,345138
346238,345139
346727,345139
343968,345140
345139,345140
344335,345141
345140,345141
343325,345142
345141,345142
476472,476309
476915,476309
476309,476310
476914,476310
477093,476310
474997,476311
476310,476311
474261,476312
476311,476312
475637,476313
476312,476313
473973,476314
476313,476314
475460,476315
476314,476315
345135,345273
345994,345273
475824,476474
476923,476474
343280,345404
350329,345404
345404,345405
346880,345405
343952,345406
345405,345406
345406,345407
347548,345407
344795,345408
345407,345408
345408,345409
348050,345409
344796,345410
345409,345410
346690,345411
345410,345411
345412,345413
346511,345413
344465,345414
345413,345414
345257,345415
345414,345415
343734,345416
345415,345416
343048,345417
345416,345417
342829,345418
344797,345418
345417,345418
342687,345419
345418,345419
345101,345420
345419,345420
342519,345421
345420,345421
344953,345422
345421,345422
345422,345423
346211,345423
344310,345424
345423,345424
342830,345425
345424,345425
345107,345427
345601,345427
345427,345428
346215,345428
345783,345434
346378,345434
347241,345436
348244,345436
476776,476602
477590,476602
476920,476605
477985,476605
476074,476606
476605,476606
475337,476607
476606,476607
476607,476608
475167,476608
477618,476613
478342,476613
476613,476614
477619,476614
476614,476615
476618,476615
475508,476616
476615,476616
476616,476617
477274,476617
346376,345610
346377,345610
345267,345611
345610,345611
345613,345614
346905,345614
345614,345615
345989,345615
344805,345616
345615,345616
345129,345617
345616,345617
365744,365036
366273,365036
365036,365037
365248,365037
345102,345769
346368,345769
345769,345770
346692,345770
345770,345771
347227,345771
345771,345772
347018,345772
340892,341618
341617,341618
345259,345774
345773,345774
345774,345775
347019,345775
344799,345776
345261,345776
345776,345777
345983,345777
341618,341619
342350,341619
345432,345780
346224,345780
345433,345781
345780,345781
346891,345781
345130,345784
345268,345784
341619,341620
342351,341620
345269,345786
345785,345786
346722,345789
348073,345789
345625,345790
345789,345790
341620,341621
342352,341621
344812,345792
345791,345792
343966,345793
345792,345793
345437,345794
345793,345794
343316,345795
345794,345795
342707,345796
345795,345796
345797,345798
349643,345798
345798,345799
347601,345799
345799,345800
347422,345800
345137,345801
345800,345801
344825,345802
345801,345802
346234,345802
344480,345804
345803,345804
345136,345805
345804,345805
343079,345806
345805,345806
344332,345807
345806,345807
342200,345808
345807,345808
340697,341624
341623,341624
340712,345810
345809,345810
340412,345811
345810,345811
476073,476916
476473,476916
476779,476917
476916,476917
477744,476917
476917,476918
479063,476918
476609,476919
477263,476919
476919,476920
477745,476920
477095,476921
477594,476921
476921,476922
477387,476922
476075,476923
476922,476923
476319,476932
476479,476932
477269,476934
477761,476934
476934,476935
476936,476935
477275,476937
477393,476937
476620,476938
476937,476938
475352,476939
476938,476939
476089,476940
476939,476940
474885,476941
476940,476941
477114,476942
477395,476942
475656,476943
476942,476943
476603,477089
477385,477089
477089,477090
477743,477090
476604,477091
477090,477091
476778,477092
477260,477092
477983,477092
477099,477098
478312,477098
476929,477099
477100,477099
476318,477104
476784,477104
289726,290854
290853,290854
478879,477255
477591,477255
476912,477256
477255,477256
476306,477257
477256,477257
476777,477258
476913,477258
475334,477259
477258,477259
477276,477275
478165,477275
478345,477278
477281,477278
476789,477279
477278,477279
477279,477280
477623,477280
346366,346209
346689,346209
345403,346210
346209,346210
346369,346212
346883,346212
346713,346218
346889,346218
345606,346219
346218,346219
346525,346219
345110,346220
346219,346220
346526,346220
347026,346220
344474,346221
346220,346221
346380,346230
347036,346230
345996,346231
346538,346231
346231,346232
346910,346232
346232,346233
347600,346233
345998,346235
346384,346235
346235,346236
346540,346236
345439,346237
346236,346237
346237,346238
346239,346238
538181,538309
538784,538309
538309,538310
538586,538310
538310,538311
538587,538311
537394,538312
538035,538312
538311,538312
536292,538313
538312,538313
476932,477389
477104,477389
477389,477390
478564,477390
478896,477392
478897,477392
477392,477393
477622,477393
476622,477394
477277,477394
537735,538322
539252,538322
538321,538322
538041,538323
538322,538323
319870,319871
320709,319871
536133,538325
536464,538325
538324,538325
345260,346370
346213,346370
346693,346371
346370,346371
345600,346372
346214,346372
406588,407254
407253,407254
345603,346374
345985,346374
345779,346375
346374,346375
405145,407255
407254,407255
346539,346382
347243,346382
345997,346383
346382,346383
535002,538328
538327,538328
513454,513455
508280,513455
532090,538338
538337,538338
528349,538339
538338,538339
526991,538340
527174,538340
538339,538340
527520,538341
538340,538341
526419,538342
538341,538342
527180,538343
538342,538343
347555,346514
348225,346514
346372,346515
346514,346515
346515,346516
346886,346516
346516,346517
346696,346517
345264,346518
346517,346518
344956,346519
346518,346519
344145,346520
346519,346520
343958,346521
346520,346521
477097,477595
477747,477595
478152,477595
477096,477596
477595,477596
345609,346528
346529,346528
477769,477605
477604,477605
345271,346534
346535,346534
474432,477607
477606,477607
475849,477608
477607,477608
474433,477609
477608,477609
473631,477610
477609,477610
475010,477611
477610,477611
473027,477612
474546,477612
477611,477612
472698,477613
477612,477613
472348,477614
477613,477614
473029,477615
477614,477615
473030,477616
477615,477616
472023,477617
477616,477617
505160,513460
505834,513460
513459,513460
505480,513461
513460,513461
506507,513462
513461,513462
478154,477749
479334,477749
477101,477750
477749,477750
477750,477751
478155,477751
475638,477752
477751,477752
476079,477753
477752,477753
477753,477754
478156,477754
475830,477755
477754,477755
477266,477756
477755,477756
477102,477757
477756,477757
477757,477758
478313,477758
347015,346690
348051,346690
477270,477763
477762,477763
477391,477764
477763,477764
477767,477766
477271,477766
478577,477766
478340,477768
479084,477768
477768,477769
479516,477769
346373,346698
346697,346698
346698,346699
346522,346699
345428,346700
346699,346700
346700,346701
345778,346701
344146,346702
344147,346702
346701,346702
343959,346703
346702,346703
343307,346704
346703,346704
346887,346705
348062,346705
346217,346706
346705,346706
346216,346707
346706,346707
344471,346708
345429,346708
346707,346708
345602,346709
346708,346709
343739,346710
346709,346710
345265,346711
346710,346711
346228,346715
346717,346715
346532,346716
346715,346716
347596,346716
346723,346721
347421,346721
345993,346722
346721,346722
347050,346724
347604,346724
346541,346726
346725,346726
345812,346727
346726,346727
560230,560231
559696,560231
559695,560233
560232,560233
558581,560236
560235,560236
428465,429165
429164,429165
557872,560238
560237,560238
428798,429167
429166,429167
451473,451027
451660,451027
347408,346882
347409,346882
345781,346892
346528,346892
346892,346893
347031,346893
346893,346894
347791,346894
346894,346895
348688,346895
346895,346896
348689,346896
346896,346897
346530,346897
346897,346898
346903,346898
346898,346899
347032,346899
346899,346900
347415,346900
346900,346901
348237,346901
346901,346902
349036,346902
345619,346907
346226,346907
479199,477984
479498,477984
476780,477985
477984,477985
477388,477988
478153,477988
477988,477989
479333,477989
476926,477990
477989,477990
478322,477993
479339,477993
345987,347027
347414,347027
347027,347028
347788,347028
345988,347029
346222,347029
346223,347030
347029,347030
347239,347034
347792,347034
347597,347038
348069,347038
347038,347039
347242,347039
346720,347040
347039,347040
347040,347041
346537,347041
345624,347042
347041,347042
345134,347043
347042,347043
344967,347044
347043,347044
347598,347046
348075,347046
347046,347047
348076,347047
347047,347048
347049,347048
477997,478158
478723,478158
478158,478159
478895,478159
478159,478160
478722,478160
478578,478161
479345,478161
477621,478162
478161,478162
478162,478163
477111,478163
476328,478164
478163,478164
398607,398608
399909,398608
399910,398608
348052,347222
348222,347222
347016,347223
347222,347223
347024,347229
347556,347229
347229,347230
348511,347230
347231,347232
348063,347232
346712,347233
347232,347233
478716,478306
479202,478306
478306,478307
477748,478307
478307,478308
478715,478308
477992,478309
478884,478309
477991,478311
478310,478311
478717,478316
478886,478316
477267,478317
478316,478317
478315,478317
477103,478318
478317,478318
476931,478319
478318,478319
476610,478320
478319,478320
475841,478321
478320,478321
478565,478323
480143,478323
478323,478324
477601,478324
478324,478325
479966,478325
476321,478326
478325,478326
475500,478327
478326,478327
474721,478328
478327,478328
474107,478329
478328,478329
473154,478330
478329,478330
474274,478331
478330,478331
474106,478332
478331,478332
475005,478333
478332,478333
474428,478334
478333,478334
473023,478335
478334,478335
477602,478337
478157,478337
478337,478338
476480,478338
478894,478341
479085,478341
347034,347416
348067,347416
346906,347417
347416,347417
347417,347418
348242,347418
479081,478565
479204,478565
479501,478566
479967,478566
478566,478567
479082,478567
476323,478568
478567,478568
478568,478569
478575,478569
478569,478570
478576,478570
479342,478570
476324,478571
478570,478571
477760,478572
478571,478572
475642,478573
478572,478573
475643,478574
478573,478574
479086,478579
480148,478579
560933,560366
560932,560366
345777,347551
347552,347551
347022,347552
347553,347552
348380,347555
348872,347555
350423,347557
352043,347557
346375,347558
347557,347558
347234,347559
347558,347559
347559,347560
347786,347560
349033,347560
344151,347561
347560,347561
347561,347562
347568,347562
346888,347563
347562,347563
342367,347564
347563,347564
344473,347565
347564,347565
344958,347566
347565,347566
347566,347567
348685,347567
348064,347568
348679,347568
347028,347571
347030,347571
346527,347572
347571,347572
347572,347573
347790,347573
348387,347573
347573,347574
348884,347574
347574,347575
349373,347575
347575,347576
350589,347576
347576,347577
350951,347577
347577,347578
350177,347578
347578,347579
352045,347579
347579,347580
352814,347580
347580,347581
353981,347581
347581,347582
352966,347582
347582,347583
353093,347583
354930,347584
347583,347584
347584,347585
354784,347585
347585,347586
354291,347586
347586,347587
356140,347587
347587,347588
357214,347588
347588,347589
357941,347589
347589,347590
358896,347590
478150,478708
477593,478708
477094,478709
478708,478709
479956,478711
478305,478711
478711,478712
477598,478712
476927,478713
478712,478713
478739,478727
480307,478727
478727,478728
479690,478728
478346,478729
478728,478729
478729,478730
479979,478730
478000,478731
478730,478731
476790,478732
478731,478732
476943,478733
478732,478733
475188,478734
478733,478734
474549,478734
474891,478735
478734,478735
472529,478736
478735,478736
478736,478737
473441,478737
478740,478738
479692,478738
478738,478739
479209,478739
377794,385639
383279,385639
385638,385639
347224,347778
348053,347778
347225,347779
347778,347779
347779,347780
348054,347780
347238,347789
347591,347789
347789,347790
348687,347790
347592,347791
348388,347791
478149,478880
478562,478880
478880,478881
478304,478881
479079,478888
479685,478888
477105,478889
478888,478889
476320,478890
478889,478890
475498,478891
478890,478891
477268,478892
478891,478892
539645,538588
542023,538588
538182,538589
538588,538589
538599,538590
538589,538590
538590,538591
538600,538591
405993,407521
406172,407521
407521,407522
408063,407522
407522,407523
409451,407523
479198,479062
479664,479062
477986,479064
478882,479064
407523,407524
408064,407524
479065,479066
479500,479066
479667,479067
479066,479067
477264,479068
479067,479068
477746,479069
479068,479069
479677,479070
481106,479070
407246,407525
407524,407525
478713,479072
479071,479072
477265,479073
479072,479073
479073,479074
479678,479074
478308,479074
476782,479075
479074,479075
475826,479076
479075,479076
535651,538598
538597,538598
478166,479087
479208,479087
539490,538601
539244,538601
538314,538601
537563,538603
538602,538603
348376,348048
348504,348048
348048,348049
348221,348049
347549,348050
348049,348050
346691,348055
346881,348055
347017,348056
347407,348056
348241,348067
348514,348067
349043,348070
349212,348070
347045,348072
348071,348072
348072,348073
348519,348073
346233,348078
348077,348078
345995,348079
348078,348079
347048,348080
348079,348080
478560,479196
478707,479196
479662,479197
479663,479197
479971,479206
480289,479206
398771,398156
398936,398156
348676,348223
349031,348223
347413,348224
348223,348224
347412,348225
348224,348225
347570,348229
348065,348229
347787,348230
348229,348230
348686,348230
348230,348231
349509,348231
348231,348232
349510,348232
348232,348233
350429,348233
348233,348234
349964,348234
350725,348234
348234,348235
351322,348235
348235,348236
351640,348236
347593,348237
348238,348237
348066,348239
348513,348239
348239,348240
349037,348240
347595,348243
347794,348243
479196,479323
480270,479323
479323,479324
479948,479324
478561,479325
479324,479325
481597,479325
479325,479326
479493,479326
477091,479327
479326,479327
477257,479328
479327,479328
475629,479329
479328,479329
296689,298349
298348,298349
298177,298361
298360,298361
348228,348383
349630,348383
347025,348384
348383,348384
347237,348385
348384,348385
346524,348386
348385,348386
480134,479497
480727,479497
477764,479503
480745,479503
479503,479504
481752,479504
478721,479505
479504,479505
479505,479506
481115,479506
478338,479507
479506,479507
477995,479508
479507,479508
478893,479509
479508,479509
479509,479510
480924,479510
479510,479511
481279,479511
479511,479512
479970,479512
475846,479513
479512,479513
478339,479514
479513,479514
478343,479517
479344,479517
479517,479518
480928,479518
477998,479519
479518,479519
348858,348502
349028,348502
348047,348503
348502,348503
347021,348508
347785,348508
349041,348515
349783,348515
348515,348516
350593,348516
451039,451304
452482,451304
452672,451305
451304,451305
452168,451306
451305,451306
373302,373303
373976,373303
319879,320240
320538,320240
321042,320241
320240,320241
450206,451314
451313,451314
480730,479669
482070,479669
479669,479670
480282,479670
479670,479671
480729,479671
479671,479672
480137,479672
320396,320244
320243,320244
477597,479674
479673,479674
477987,479675
479674,479675
479069,479676
479675,479676
480732,479677
480915,479677
479203,479682
479336,479682
479681,479683
479682,479683
479683,479684
480285,479684
480749,479687
480930,479687
311764,316565
316564,316565
447246,451322
451321,451322
446761,451323
451322,451323
348882,348680
351319,348680
348512,348681
348680,348681
348681,348682
348881,348682
348682,348683
349034,348683
347236,348684
348683,348684
348386,348685
348684,348685
349210,348692
349514,348692
347035,348695
348068,348695
548448,548449
548982,548449
364488,363963
364700,363963
362688,363965
363346,363965
363964,363966
363965,363966
363500,363968
364315,363968
363968,363969
364843,363969
363969,363970
365579,363970
364166,363971
364492,363971
363971,363972
364704,363972
363503,363973
363972,363973
348061,348863
348379,348863
348863,348864
349503,348864
348864,348865
350583,348865
348865,348866
349950,348866
348862,348867
348866,348867
348867,348868
349949,348868
348509,348869
348868,348869
348861,348870
348869,348870
349201,348874
349961,348874
348873,348875
348874,348875
348510,348876
348875,348876
478709,479949
478881,479949
479330,479949
347228,348878
348877,348878
479665,479952
479951,479952
349204,348882
350168,348882
479341,479962
479961,479962
479340,479963
479962,479963
347796,348892
348891,348892
476785,479965
479964,479965
347037,348894
348893,348894
346536,348894
345623,348895
348894,348895
344811,348896
348895,348896
480755,479978
481284,479978
478726,479979
479978,479979
353655,352053
354297,352053
347780,349029
349199,349029
348860,349030
349029,349030
349369,349034
349508,349034
349389,349038
350592,349038
349208,349039
349038,349039
349039,349040
349971,349040
349213,349044
349638,349044
349044,349045
349519,349045
348246,349046
349045,349046
349046,349047
349395,349047
479197,480131
480909,480131
479495,480132
480131,480132
479332,480135
479499,480135
480135,480136
480606,480136
482067,480137
482427,480137
480918,480140
481277,480140
480140,480141
481108,480141
480141,480142
480286,480142
479686,480143
480142,480143
479502,480144
479968,480144
480144,480145
480921,480145
480145,480146
480922,480146
480146,480147
482080,480147
480617,480149
480752,480149
348505,349196
348506,349196
349196,349197
349773,349197
349197,349198
349774,349198
349198,349199
349775,349199
480272,480273
479666,480273
480273,480274
481735,480274
480275,480276
480605,480276
476918,480279
480278,480279
480748,480291
480926,480291
479973,480292
480291,480292
480292,480293
481616,480293
480293,480294
481753,480294
482441,480294
480294,480295
482440,480295
480295,480296
482439,480296
479972,480297
480296,480297
480290,480298
480297,480298
480298,480299
482438,480299
480299,480300
481615,480300
480300,480301
483301,480301
480301,480302
482785,480302
480619,480305
481758,480305
480305,480306
481285,480306
479691,480307
480306,480307
353624,349365
355179,349365
348377,349366
349365,349366
348677,349367
349202,349367
348226,349368
349032,349368
349367,349368
348883,349371
349370,349371
349371,349372
350170,349372
349372,349373
350171,349373
346902,349376
349782,349376
348690,349377
349376,349377
349377,349378
350432,349378
349378,349379
349511,349379
349379,349380
349633,349380
352049,349381
349380,349381
349381,349382
349967,349382
349382,349383
352279,349383
349383,349384
352452,349384
345127,349385
349384,349385
349385,349386
352967,349386
349386,349387
353469,349387
349387,349388
354788,349388
349970,349389
349207,349389
349211,349390
349516,349390
348888,349391
349390,349391
348391,349392
349391,349392
319535,320398
320067,320398
479201,480608
479955,480608
480608,480609
480913,480609
480283,480609
480609,480610
482240,480610
480610,480611
482071,480611
483111,480612
480611,480612
481454,480615
480747,480615
348859,349625
349364,349625
349625,349626
350165,349626
349626,349627
349944,349627
349375,349631
349966,349631
349035,349632
349631,349632
349639,349640
350186,349640
349214,349641
349640,349641
349644,349641
349641,349642
349645,349642
348247,349643
349642,349643
481448,480730
481603,480730
481275,480735
481451,480735
481912,480735
480735,480736
481274,480736
480736,480737
481607,480737
480139,480738
480737,480738
480740,480741
481278,480741
480741,480742
479969,480742
478719,480743
480742,480743
480288,480744
480743,480744
478720,480745
480744,480745
479977,480753
480304,480753
480753,480754
481283,480754
349632,349781
350178,349781
404986,421912
421911,421912
404665,421913
421912,421913
481443,480901
480908,480901
480901,480902
480271,480902
480902,480903
481905,480903
480903,480904
482063,480904
482557,480905
480904,480905
480905,480906
483297,480906
480906,480907
481728,480907
479494,480909
482064,480909
403754,421914
421913,421914
480746,480924
481612,480924
551974,552850
551975,552850
480303,480932
480931,480932
480932,480933
481921,480933
479688,480934
480933,480934
480934,480935
481922,480935
480935,480936
483154,480936
480750,480937
480936,480937
349195,349945
349772,349945
351487,349947
350577,349947
350942,349947
349947,349948
350166,349948
349506,349951
350167,349951
349505,349952
349951,349952
348871,349954
349504,349954
349953,349954
349954,349955
350945,349955
349955,349956
351492,349956
349956,349957
351633,349957
349957,349958
351632,349958
353263,349958
349959,349960
353626,349960
348886,349968
350180,349968
349206,349969
349968,349969
560772,560773
557702,560773
559016,560773
363653,364168
364167,364168
364168,364169
364495,364169
363351,364170
363654,364170
364170,364171
364173,364171
364171,364172
365251,364172
480607,481099
480912,481099
480728,481100
481099,481100
481100,481101
481446,481101
481101,481102
481910,481102
480731,481104
481741,481104
481104,481105
479957,481105
480914,481106
481105,481106
481109,481110
480287,481110
481110,481111
481610,481111
481111,481112
482958,481112
481112,481113
482081,481113
349780,350172
350431,350172
351129,350172
349205,350173
350172,350173
350173,350174
350952,350174
348885,350175
350174,350175
349374,350176
350175,350176
351323,350177
350176,350177
350726,350178
350727,350178
349980,350184
350183,350184
350184,350185
348898,350185
473984,473427
474108,473427
479335,481270
480614,481270
341480,342357
342356,342357
481619,481281
481756,481281
481920,481281
481280,481282
481281,481282
342357,342358
343957,342358
473987,473436
474727,473436
473436,473437
473439,473437
472166,473438
473437,473438
349771,350317
350316,350317
350317,350318
352430,350318
350318,350319
352258,350319
348857,350320
350319,350320
350320,350321
350721,350321
351116,350321
349943,350322
350164,350322
350321,350322
348675,350323
350322,350323
347406,350324
350323,350324
347405,350325
350324,350325
348503,350326
350325,350326
346210,350327
350326,350327
344640,350328
350327,350328
347014,350329
350328,350329
343302,350330
349366,350330
350330,350331
351491,350331
350331,350332
351630,350332
350332,350333
351309,350333
350333,350334
352805,350334
350334,350335
351631,350335
352266,350335
350335,350336
353453,350336
355939,350336
350336,350337
355184,350337
350337,350338
354279,350338
350338,350339
355762,350339
350339,350340
357395,350340
350340,350341
357203,350341
350341,350342
358220,350342
350342,350343
358555,350343
350343,350344
356307,350344
350344,350345
359233,350345
350345,350346
359081,350346
350346,350347
359935,350347
350347,350348
360099,350348
350348,350349
360889,350349
350349,350350
361103,350350
350350,350351
362318,350351
350351,350352
360351,350352
350352,350353
364319,350353
350353,350354
362009,350354
350354,350355
364163,350355
350355,350356
353645,350356
350356,350357
361674,350357
350357,350358
373804,350358
350358,350359
366590,350359
350359,350360
364491,350360
350360,350361
363348,350361
350361,350362
365247,350362
350362,350363
362691,350363
364164,350364
350363,350364
350364,350365
355196,350365
350365,350366
363806,350366
350366,350367
362692,350367
350367,350368
357934,350368
350368,350369
363973,350369
350373,350374
357581,350374
487855,481460
482250,481460
481460,481461
480754,481461
481459,481462
481461,481462
481462,481463
480618,481463
481463,481464
479087,481464
481464,481465
479976,481465
481465,481466
477773,481466
477280,481467
481466,481467
350395,350396
358364,350396
350396,350397
360508,350397
350397,350398
362491,350398
350398,350399
362321,350399
350399,350400
352449,350400
350400,350401
361269,350401
350401,350402
362011,350402
347590,350403
350402,350403
362492,350403
350403,350404
362193,350404
350404,350405
361107,350405
350405,350406
363508,350406
350406,350407
359430,350407
350407,350408
364325,350408
350408,350409
358561,350409
350409,350410
361460,350410
350410,350411
359943,350411
364500,350411
349368,350413
351312,350413
350413,350414
352267,350414
352598,350414
348678,350415
350414,350415
350415,350416
350947,350416
350416,350417
352599,350417
350417,350418
350584,350418
348879,350419
350418,350419
350419,350420
351493,350420
348227,350421
350420,350421
347233,350422
350421,350422
348880,350423
350422,350423
350424,350425
350948,350425
349629,350426
350425,350426
481442,481595
482234,481595
480603,481596
481595,481596
480900,481597
481596,481597
483110,481599
482426,481599
481447,481600
481599,481600
478883,481601
481600,481601
479668,481602
481601,481602
480138,481606
479958,481606
349965,350586
350430,350586
350586,350587
350950,350587
350587,350588
352044,350588
350729,350591
351132,350591
350591,350592
351131,350592
350954,350597
351137,350597
351648,350597
349975,350598
350597,350598
349974,350599
350598,350599
349515,350600
350599,350600
349637,350602
350739,350602
481907,481731
482237,481731
480910,481732
481731,481732
481732,481733
482770,481733
482397,481734
481733,481734
481444,481735
481734,481735
481098,481737
481736,481737
481737,481738
481908,481738
481445,481739
481738,481739
481739,481740
482065,481740
479205,481743
481913,481743
480920,481744
481743,481744
481744,481745
482780,481745
480919,481746
481745,481746
481746,481747
482079,481747
482246,481748
483146,481748
481114,481749
481748,481749
481749,481750
481914,481750
480923,481751
481750,481751
481611,481752
481751,481752
481919,481754
482248,481754
481754,481755
482247,481755
351647,350732
352052,350732
350732,350733
352818,350733
351140,350735
351495,350735
349392,350736
350735,350736
349784,350737
350736,350737
348695,350738
350737,350738
349976,350740
349977,350740
351329,350741
350740,350741
480927,481915
482086,481915
481617,481916
481915,481916
481916,481917
484236,481917
517620,517229
518407,517229
516151,517235
517234,517235
560927,560928
561163,560928
561164,560931
561499,560931
350937,350938
352032,350938
349945,350939
350938,350939
350939,350940
352259,350940
350723,350941
350940,350941
351637,350947
351638,350947
482562,482068
482952,482068
482068,482069
482428,482069
481103,482070
482069,482070
483115,482073
482433,482073
481273,482074
482073,482074
482074,482075
482244,482075
482445,482088
482963,482088
482088,482089
483531,482089
351624,351115
352790,351115
351115,351116
351485,351116
350722,351119
351307,351119
352263,351120
352957,351120
350169,351125
350428,351125
351124,351126
351125,351126
351126,351127
351842,351127
351127,351128
353461,351128
353831,351128
351497,351138
351851,351138
350436,351139
351138,351139
351139,351140
351496,351140
482565,482245
482956,482245
482449,482250
483856,482250
350574,351306
350575,351306
350412,351309
350581,351309
351310,351311
351636,351311
349962,351312
351311,351312
351320,351316
352278,351316
350585,351317
351123,351317
351316,351317
349779,351318
351317,351318
350427,351319
351318,351319
482773,482398
485116,482398
482398,482399
482066,482399
482399,482400
480136,482400
480281,482402
482401,482402
482402,482403
480280,482403
474716,482404
482403,482404
478151,482405
482404,482405
477262,482406
482405,482406
477386,482407
482406,482407
476608,482408
482407,482408
474865,482409
482408,482409
474422,482410
482409,482410
474866,482411
482410,482411
472685,482412
482411,482412
474999,482413
482412,482413
472850,482414
482413,482414
472155,482415
482414,482415
471838,482416
482415,482416
471213,482417
482416,482417
470765,482418
482417,482418
469746,482419
482418,482419
468676,482420
482419,482420
469477,482421
482420,482421
468171,482422
482421,482422
470766,482423
482422,482423
469034,482424
482423,482424
467475,482425
482424,482425
482779,482429
482955,482429
483497,482430
483498,482430
483114,482431
482430,482431
482431,482432
482243,482432
482076,482434
482570,482434
481452,482435
481608,482435
482077,482436
482435,482436
481618,482443
482442,482443
481757,482449
482251,482449
473626,473627
474134,473627
475652,473633
476617,473633
481604,482564
481605,482564
482434,482566
483841,482566
482566,482567
487655,482567
482567,482568
480738,482568
481450,482569
482568,482569
482083,482572
482437,482572
467783,473645
473644,473645
463577,473651
473650,473651
351117,351626
351625,351626
351626,351627
352431,351627
349363,351628
351118,351628
350582,351631
350944,351631
350949,351639
351321,351639
351327,351641
352280,351641
351328,351643
353272,351643
350731,351644
351643,351644
350434,351645
351644,351645
351646,351645
481730,482769
482235,482769
481102,482771
483492,482771
482239,482772
482771,482772
482772,482773
484501,482773
482563,482774
482072,482774
481911,482775
482774,482775
481268,482776
482775,482776
481609,482782
482781,482782
351837,351836
352795,351836
351308,351838
352262,351838
350943,351839
351838,351839
351313,351841
352268,351841
539489,539244
539647,539244
482087,482961
482574,482961
482961,482962
483303,482962
481455,482964
482446,482964
351306,352025
351627,352025
351628,352026
352025,352026
352026,352027
352791,352027
352027,352028
352432,352028
352028,352029
352792,352029
352029,352030
353256,352030
352030,352031
354147,352031
483107,483105
482769,483105
483105,483106
484050,483106
483108,483107
482236,483107
483495,483113
484057,483113
481747,483118
484059,483118
483118,483119
482571,483119
483119,483120
484232,483120
483120,483121
482078,483121
483121,483122
482436,483122
483122,483123
485784,483123
483499,483125
483124,483125
352053,352054
352282,352054
486290,483127
483126,483127
483127,483128
484970,483128
483128,483129
487656,483129
483129,483130
484504,483130
483130,483131
488009,483131
483131,483132
486018,483132
483132,483133
488008,483133
480147,483135
482782,483135
483135,483136
484235,483136
483136,483137
484374,483137
482783,483138
483137,483138
481113,483139
483138,483139
483139,483140
485124,483140
483140,483141
484506,483141
483141,483142
484973,483142
485461,483143
483142,483143
483143,483144
486020,483144
483144,483145
486413,483145
482082,483149
482959,483149
483149,483150
483843,483150
495020,495599
497374,495599
495599,495600
496105,495600
494655,495601
495600,495601
484376,483305
484518,483305
482576,483306
483305,483306
481458,483307
483306,483307
482966,483308
483307,483308
481457,483309
483308,483309
480616,483310
483309,483310
352789,352255
353089,352255
351835,352256
352255,352256
351114,352257
352256,352257
350720,352258
352257,352258
352436,352269
352965,352269
352269,352270
353092,352270
351315,352271
352270,352271
352271,352272
353091,352272
352272,352273
352435,352273
349963,352274
352273,352274
351314,352275
352274,352275
349507,352276
352275,352276
349203,352277
352276,352277
482561,483491
483109,483491
483491,483492
484363,483492
484502,483492
483494,483495
485121,483495
484824,483500
486152,483500
483500,483501
482962,483501
350936,352430
352429,352430
481918,483503
483502,483503
482444,483504
483503,483504
482089,483505
483504,483505
483505,483506
479519,483506
483506,483507
481755,483507
483507,483508
481116,483508
483508,483509
480929,483509
483509,483510
479974,483510
483510,483511
477771,483511
352439,352440
353976,352440
477109,483513
478724,483513
483512,483513
483513,483514
475509,483514
483514,483515
475653,483515
352443,352444
355771,352444
473652,483517
483516,483517
483517,483518
475349,483518
483518,483519
473160,483519
483519,483520
472167,483520
472527,483521
483520,483521
472168,483522
483521,483522
473653,483523
483522,483523
472700,483524
483523,483524
476941,483525
483524,483525
474886,483526
483525,483526
472528,483527
483526,483527
352817,352456
353271,352456
472170,483529
483528,483529
475187,483530
483529,483530
482249,483532
483153,483532
484377,483534
484677,483534
351844,352603
353653,352603
351324,352604
352603,352604
351845,352607
352051,352607
352050,352608
352607,352608
483496,483836
484503,483836
483836,483837
484965,483837
482954,483838
483837,483838
483117,483839
482957,483839
483839,483840
484671,483840
483840,483841
484817,483841
481917,483847
484821,483847
483847,483848
484819,483848
483848,483849
485289,483849
483849,483850
484975,483850
483853,483854
484978,483854
484678,483855
484066,483855
483855,483856
484240,483856
352260,352797
352796,352797
352797,352798
354625,352798
351629,352799
352798,352799
352033,352800
352799,352800
352261,352801
352800,352801
352815,352812
352450,352812
352812,352813
353464,352813
352813,352814
353463,352814
353254,352946
353966,352946
352946,352947
354273,352947
352947,352948
355753,352948
352948,352949
355923,352949
352949,352950
356129,352950
352950,352951
357019,352951
352951,352952
357764,352952
352952,352953
358748,352953
352953,352954
356672,352954
352954,352955
358749,352955
352955,352956
358750,352956
351634,352959
351840,352959
351635,352960
352959,352960
352960,352961
352962,352961
351325,352967
352608,352967
353654,352969
355215,352969
352969,352970
353273,352970
352970,352971
352975,352971
484225,484044
484494,484044
352972,352973
352060,352973
483298,484046
484045,484046
352978,352976
352457,352976
352976,352977
351849,352977
484670,484056
485604,484056
483835,484057
484056,484057
484367,484057
484060,484058
484971,484058
483134,484059
484058,484059
483532,484063
485294,484063
482964,484064
484063,484064
482965,484065
484064,484065
483123,483124
486143,483124
352612,353095
352613,353095
352819,353096
353286,353096
483125,483126
484672,483126
483112,484228
483493,484228
484972,484233
485274,484233
483842,484234
484233,484234
484234,484235
484505,484235
484676,484238
485129,484238
409119,408388
409830,408388
495248,495781
495961,495781
496749,495781
352803,353259
353258,353259
352804,353260
353259,353260
352806,353264
352807,353264
353264,353265
354924,353265
353837,353274
353987,353274
357225,353274
353274,353275
354299,353275
352977,353276
353275,353276
350435,353277
353276,353277
350738,353278
353277,353278
350600,353279
353278,353279
347795,353280
353279,353280
348390,353281
353280,353281
348694,353282
353281,353282
346718,353283
353282,353283
345436,353284
353283,353284
484960,484362
485453,484362
484371,484369
485783,484369
483116,484370
484369,484370
482949,484496
484227,484496
484496,484497
484660,484497
484497,484498
485267,484498
484226,484499
484498,484499
484061,484508
484507,484508
484508,484509
484974,484509
483147,484510
484509,484510
483148,484511
484510,484511
484511,484512
485463,484512
484512,484513
485275,484513
483150,484514
484513,484514
484062,484515
484818,484515
485276,484515
484515,484516
485277,484516
352035,353453
352597,353453
352958,353453
352808,353455
353454,353455
353455,353456
353459,353456
353456,353457
354775,353457
353266,353458
353457,353458
353984,353465
354637,353465
353465,353466
354787,353466
352816,353467
353466,353467
353467,353468
353834,353468
353468,353469
354292,353469
352979,353473
353838,353473
353473,353474
354789,353474
353474,353475
352458,353475
353285,353476
353475,353476
484361,484661
485596,484661
484661,484662
485105,484662
481598,484663
484662,484663
482950,484664
484663,484664
483489,484665
484664,484665
484665,484666
484668,484666
484666,484667
485597,484667
484231,484672
484373,484672
352793,353607
353090,353607
353257,353608
354274,353608
353608,353609
353967,353609
352794,353610
353609,353610
354275,353611
357200,353611
352801,353612
353611,353612
352433,353613
353612,353613
353613,353614
354276,353614
353614,353615
353971,353615
351839,353616
353615,353616
352596,353617
353616,353617
350579,353618
353617,353618
352802,353619
353618,353619
350580,353620
353619,353620
352034,353621
353620,353621
351120,353622
353621,353622
351488,353623
353622,353623
351489,353624
353623,353624
352037,353627
352961,353627
353627,353628
353825,353628
353628,353629
353646,353629
353629,353630
355461,353630
353265,353631
353630,353631
353631,353632
357204,353632
354773,353633
353632,353633
353633,353634
358223,353634
353634,353635
357578,353635
353635,353636
358891,353636
353636,353637
358224,353637
353637,353638
360100,353638
353638,353639
359082,353639
353639,353640
360890,353640
359767,353641
353640,353641
353641,353642
360504,353642
353642,353643
361459,353643
353643,353644
361673,353644
353644,353645
362319,353645
352809,353647
352810,353647
353647,353648
354148,353648
353985,353654
354153,353654
485452,484810
485598,484810
484364,484812
484365,484812
484812,484813
485269,484813
486009,484814
484813,484814
484674,484820
485610,484820
484820,484821
485125,484821
485126,484822
486153,484822
484822,484823
484977,484823
483851,484824
484823,484824
353251,353818
353449,353818
353818,353819
353963,353819
353972,353822
354278,353822
353452,353823
353822,353823
353267,353826
353649,353826
352963,353827
353826,353827
353986,353837
355217,353837
488841,484962
485119,484962
485457,484966
486014,484966
484966,484967
485122,484967
483302,484975
484517,484975
354767,353969
354277,353969
353625,353970
353969,353970
353968,353971
353970,353971
354629,353975
354630,353975
353975,353976
354631,353976
352811,353978
353980,353978
353978,353979
354632,353979
354931,353982
354151,353982
353982,353983
354786,353983
352606,353984
353983,353984
357413,353987
358776,353987
485447,485102
485592,485102
484493,485103
485102,485103
484042,485104
485103,485104
484667,485106
487594,485106
485106,485107
486139,485107
484500,485108
485107,485108
482951,485109
485108,485109
484810,485110
485109,485110
481740,485111
485110,485111
482559,485112
485111,485112
484051,485113
485112,485113
483490,485114
484362,485114
485113,485114
485117,485114
484669,485115
485114,485115
482560,485116
485115,485116
485468,485126
485790,485126
485470,485130
485792,485130
353450,354141
354140,354141
354141,354142
354765,354142
353451,354143
354142,354143
354143,354144
354919,354144
353255,354145
354144,354145
354145,354146
355149,354146
354146,354147
355450,354147
485451,485261
486002,485261
485261,485262
485450,485262
484808,485263
485262,485263
485449,485264
485263,485264
485775,485264
485264,485265
485448,485265
484052,485270
484815,485270
485465,485277
485786,485277
483850,485279
491256,485279
485279,485280
487665,485280
483846,485281
485280,485281
485278,485282
485281,485282
480302,485283
485282,485283
485283,485284
487459,485284
485284,485285
485466,485285
482960,485286
485285,485286
482573,485287
485286,485287
482085,485288
485287,485288
485467,485289
486024,485289
485791,485292
485291,485292
484237,485293
485292,485293
485127,485294
485293,485294
485614,485295
486156,485295
354626,354275
354920,354275
355757,354276
355758,354276
353830,354282
354627,354282
353650,354283
354282,354283
353651,354284
354283,354284
354284,354285
355588,354285
353652,354286
354285,354286
353833,354288
354150,354288
354288,354289
355202,354289
354785,354290
354289,354290
355947,354290
354290,354291
356877,354291
354937,354298
355216,354298
354154,354299
354298,354299
473302,474116
474115,474116
475650,474117
474116,474117
343308,343049
344469,343049
343049,343050
343309,343050
484811,485455
484961,485455
485455,485456
486008,485456
485788,485466
486146,485466
470788,474127
474126,474127
469867,474128
474127,474128
341987,343057
343056,343057
340196,343058
343057,343058
340573,343059
343058,343059
373341,373342
365908,373342
343068,343064
343063,343064
343312,343065
343064,343065
483299,485600
484053,485600
485600,485601
485778,485601
484825,485611
485469,485611
430313,430471
431212,430471
277555,277556
278208,277556
276889,277557
277556,277557
353606,354624
353964,354624
356469,354626
356470,354626
398598,408630
408629,408630
354634,354635
355590,354635
354635,354636
355203,354636
355204,354637
355591,354637
397319,408632
408631,408632
399235,408633
408632,408633
396855,408634
408633,408634
277562,277563
280326,277563
277314,277564
277563,277564
277564,277565
277315,277565
277318,277566
277565,277566
396348,408639
408638,408639
277567,277568
278833,277568
277568,277569
280533,277569
277569,277570
278673,277570
486016,485781
487456,485781
485273,485782
485781,485782
430150,430489
430869,430489
408645,408646
392648,408646
277574,277575
282743,277575
393434,408648
408647,408648
408648,408649
393191,408649
408649,408650
392121,408650
408650,408651
391780,408651
277579,277580
283663,277580
353973,354769
354774,354769
354769,354770
355941,354770
354770,354771
357206,354771
354771,354772
356134,354772
354772,354773
357205,354773
354281,354776
355463,354776
353829,354777
354776,354777
354280,354778
354777,354778
352964,354779
354778,354779
354779,354780
352600,354780
353268,354781
354780,354781
353988,354791
354301,354791
282246,277587
277586,277587
284913,277588
277587,277588
283058,277589
277588,277589
277592,277593
287403,277593
288107,277593
288985,277594
277593,277594
355182,354920
355928,354920
353974,354926
354782,354926
354287,354928
354927,354928
354149,354929
354928,354929
354633,354930
355201,354930
354152,354934
354936,354934
354934,354935
355595,354935
484816,486012
485271,486012
486288,486013
486012,486013
487831,486013
486155,486027
486574,486027
485613,486028
486027,486028
485776,486137
485777,486137
485594,486138
486137,486138
486007,486140
485268,486140
486140,486141
485454,486141
486293,486147
486720,486147
485290,486148
486147,486148
484976,486149
486148,486149
486149,486150
486721,486150
484375,486151
486150,486151
486151,486152
486572,486152
486418,486153
488355,486153
352031,355150
357021,355150
355150,355151
356466,355151
353607,355152
355151,355152
350941,355153
355152,355153
355153,355154
355455,355154
352595,355155
355154,355155
353610,355156
355155,355156
351486,355157
355156,355157
350576,355158
355157,355158
349946,355159
351836,355159
355158,355159
349030,355160
355159,355160
348055,355161
355160,355161
348056,355162
355161,355162
349200,355163
355162,355163
347226,355164
355163,355164
348057,355165
355164,355165
349948,355166
355165,355166
349501,355167
355166,355167
347781,355168
355167,355168
350578,355169
355168,355169
348507,355170
355169,355170
347782,355171
349776,355171
355170,355171
349628,355172
355171,355172
348058,355173
349777,355173
355172,355173
355173,355174
348059,355174
349778,355175
355174,355175
348060,355176
355175,355176
347783,355177
355176,355177
347784,355178
355177,355178
348508,355179
355178,355179
354921,355183
357394,355183
355183,355184
356876,355184
354922,355185
355586,355185
353648,355186
353827,355186
354925,355187
355186,355187
355187,355188
356135,355188
353458,355189
355188,355189
355189,355190
357026,355190
355190,355191
357397,355191
355191,355192
358226,355192
355192,355193
358557,355193
355193,355194
359768,355194
355194,355195
360891,355195
355195,355196
360101,355196
354628,355199
354783,355199
355199,355200
355464,355200
355951,355206
356141,355206
355206,355207
355952,355207
355470,355208
356328,355208
354295,355209
355208,355209
353270,355210
355209,355210
354933,355211
355210,355211
355775,355212
355776,355212
355212,355213
355471,355213
354296,355214
355213,355214
355214,355215
353471,355215
487458,486290
487657,486290
354792,355220
355473,355220
485789,486293
486570,486293
365420,365047
365910,365047
365253,365048
365912,365048
486709,486401
487452,486401
485266,486402
486401,486402
484809,486403
486402,486403
485123,486408
485460,486408
485459,486409
486408,486409
486291,486410
486409,486410
486410,486411
486567,486411
486022,486415
486292,486415
354764,355449
355148,355449
355755,355452
355927,355452
355452,355453
356467,355453
355451,355454
355453,355454
354766,355455
355454,355455
354923,355461
355940,355461
357587,355468
358904,355468
486004,486560
485595,486560
486560,486561
487802,486561
486561,486562
487453,486562
485779,486565
485603,486565
485607,486568
485608,486568
485462,486569
486568,486569
487666,486571
488354,486571
486025,486572
486571,486572
353819,355567
355751,355567
353820,355568
355567,355568
355568,355569
355922,355569
353821,355570
355569,355570
354624,355571
355570,355571
353965,355572
355571,355572
354763,355573
355572,355573
355573,355574
355752,355574
355574,355575
356465,355575
355575,355576
357018,355576
355449,355577
355576,355577
355577,355578
356671,355578
355578,355579
357558,355579
355579,355580
357917,355580
355580,355581
358214,355581
355581,355582
359596,355582
355582,355583
358885,355583
355583,355584
360499,355584
355584,355585
359421,355585
355220,355597
356332,355597
354791,355598
355597,355598
355598,355599
356330,355599
355599,355600
356681,355600
355596,355601
355600,355601
354790,355602
355601,355602
353656,355603
355602,355603
354939,355604
355603,355604
353096,355605
355604,355605
354300,355606
355605,355606
350741,355607
355606,355607
355607,355608
352459,355608
352061,355609
355608,355609
350602,355610
355609,355610
350601,355611
355610,355611
349636,355612
355611,355612
349517,355613
355612,355613
349042,355614
355613,355614
348889,355615
355614,355615
347420,355616
355615,355616
348518,355617
355616,355617
346719,355618
355617,355618
348245,355619
355618,355619
346534,355620
355619,355620
345270,355621
355620,355621
347419,355622
355621,355622
344479,355623
355622,355623
346381,355624
355623,355624
346230,355625
355624,355625
345622,355626
355625,355626
345133,355627
355626,355627
344660,355628
355627,355628
343502,355629
355628,355629
341639,355630
355629,355630
341993,355631
355630,355631
343313,355632
355631,355632
486559,486710
487801,486710
486003,486711
486710,486711
486711,486712
487991,486712
486011,486715
486564,486715
486565,486716
486715,486716
488010,486720
488353,486720
486575,486725
487856,486725
486725,486726
487675,486726
486297,486727
486726,486727
378587,378588
377311,378588
356300,355751
356301,355751
355456,355755
357022,355755
355457,355756
356302,355756
355459,355760
355759,355760
355185,355762
349960,355762
354286,355764
354926,355764
355764,355765
356309,355765
357033,355765
355765,355766
356677,355766
355766,355767
358894,355767
355767,355768
357401,355768
355768,355769
360506,355769
355465,355770
355946,355770
355770,355771
356476,355771
355754,355924
356130,355924
355924,355925
355926,355925
356468,355927
357195,355927
355760,355930
356131,355930
354768,355931
355930,355931
355931,355932
357024,355932
353823,355933
355932,355933
355761,355934
355933,355934
355934,355935
356875,355935
353260,355936
355935,355936
353261,355937
355936,355937
355460,355938
355937,355938
353262,355939
355938,355939
355462,355942
355945,355942
353828,355943
355942,355943
355943,355944
356474,355944
561775,561776
561274,561776
560924,561777
561776,561777
299633,299634
300612,299634
560925,561779
561778,561779
561162,561780
561779,561780
559015,561781
561780,561781
394133,393430
394807,393430
356674,356131
356871,356131
355197,356136
356137,356136
355781,356145
356484,356145
355219,356146
356145,356146
356146,356147
357053,356147
355780,356148
356147,356148
355458,356303
355929,356303
356303,356304
356673,356304
356304,356305
357201,356305
355763,356306
356133,356306
356306,356307
357396,356307
354929,356311
355200,356311
356311,356312
356678,356312
356139,356313
356312,356313
356313,356314
357583,356314
356314,356315
358895,356315
356315,356316
358558,356316
355772,356318
356317,356318
355773,356319
356318,356319
355466,356320
356319,356320
355948,356321
356320,356321
356321,356322
357037,356322
356322,356323
356325,356323
356323,356324
356326,356324
357228,356330
357596,356330
356884,356331
357414,356331
356149,356332
356331,356332
486141,487454
487808,487454
356870,356466
357389,356466
355587,356475
356676,356475
355950,356480
357775,356480
357038,356481
357215,356481
355593,356482
356481,356482
355777,356483
356143,356483
487587,487584
488347,487584
486136,487585
487584,487585
486135,487586
487585,487586
486558,487587
486708,487587
486404,487590
486713,487590
487590,487591
488174,487591
487591,487592
488175,487592
487592,487593
487803,487593
486563,487594
487593,487594
489840,487595
488179,487595
487595,487596
488348,487596
487596,487597
489545,487597
487597,487598
489386,487598
484814,487599
487598,487599
485599,487600
487599,487600
487600,487601
486010,487601
487601,487602
492276,487602
486286,487603
487602,487603
487603,487604
487992,487604
487604,487605
489034,487605
480612,487606
487605,487606
488838,487607
487606,487607
488180,487607
487607,487608
487809,487608
485118,487609
487608,487609
484366,487610
487609,487610
482953,487611
487610,487611
487611,487612
487648,487612
484228,487613
487612,487613
484962,487614
487613,487614
482776,487615
487614,487615
485120,487616
487615,487616
487616,487617
487996,487617
481449,487618
487617,487618
487618,487619
482564,487619
484963,487620
487619,487620
481742,487621
487620,487621
482241,487622
487621,487622
484964,487623
487622,487623
480916,487624
487623,487624
483300,487625
484229,487625
487624,487625
481269,487626
487625,487626
480613,487627
484054,487627
487626,487627
484055,487628
487627,487628
480733,487629
487628,487629
481606,487630
487629,487630
482777,487631
487630,487631
479680,487632
487631,487632
483113,487633
482242,487633
482778,487633
487632,487633
481107,487634
487633,487634
481270,487635
487634,487635
483838,487636
487635,487636
480734,487637
487636,487637
479684,487638
487637,487638
482429,487639
487638,487639
487639,487640
479959,487640
481271,487641
487640,487641
479337,487642
487641,487642
482432,487643
487642,487643
487643,487644
479960,487644
481272,487645
487644,487645
479338,487646
487645,487646
478887,487647
487646,487647
488181,487648
488545,487648
487457,487649
489397,487649
486017,487650
487649,487650
485606,487651
487650,487651
484372,487652
487651,487652
485458,487653
487652,487653
484230,487654
487653,487654
484969,487655
487654,487655
486019,487658
486412,487658
487658,487659
488557,487659
487659,487660
489047,487660
487834,487664
488196,487664
486023,487665
487664,487665
488560,487669
492586,487669
486295,487670
487669,487670
487670,487671
487845,487671
485612,487672
487671,487672
484675,487673
487672,487673
355198,356677
356310,356677
357054,356681
357227,356681
486714,487804
489208,487804
486005,487805
488836,487805
487804,487805
486006,487806
487805,487806
486405,487807
487806,487807
486285,487808
487807,487808
486716,487810
487830,487810
488842,487811
487810,487811
489847,487812
487811,487812
487812,487813
491557,487813
487813,487814
491241,487814
487814,487815
489699,487815
488845,487816
487815,487816
492746,487817
487816,487817
490032,487817
487817,487818
492573,487818
487818,487819
491558,487819
487819,487820
492953,487820
487820,487821
493645,487821
487821,487822
491913,487822
492748,487823
487822,487823
490671,487824
487823,487824
487824,487825
489700,487825
487825,487826
490832,487826
487826,487827
492121,487827
487827,487828
493476,487828
487828,487829
490833,487829
486013,487830
487997,487830
486719,487833
488191,487833
488351,487834
489215,487834
487667,487836
488853,487836
486419,487837
487836,487837
487837,487838
488011,487838
486294,487839
487838,487839
487839,487840
488012,487840
486420,487841
487840,487841
488201,487842
488857,487842
486722,487843
487844,487843
488357,487846
489220,487846
487461,487847
487846,487847
486727,487848
487847,487848
485471,487849
487848,487849
485295,487850
487849,487850
485130,487851
487850,487851
484239,487852
487851,487852
483854,487853
487852,487853
482447,487854
487853,487854
482448,487855
483534,487855
487854,487855
473790,474533
474102,474533
474105,474538
474540,474538
476317,474539
474538,474539
356873,356874
357769,356874
356132,356875
356874,356875
356483,356882
357405,356882
488182,487993
489394,487993
486287,487994
487993,487994
486142,487995
487994,487995
485602,487996
487995,487996
488843,487997
488546,487997
488187,487999
488188,487999
486407,488000
487999,488000
487832,488001
488000,488001
485605,488002
488001,488002
484967,488003
488002,488003
486015,488004
488003,488004
484368,488005
488004,488005
488005,488006
484968,488006
488006,488007
489853,488007
488551,488009
489043,488009
488026,488013
489217,488013
488013,488014
488695,488014
488014,488015
488694,488015
486573,488016
488015,488016
486296,488017
488016,488017
486028,488018
488017,488018
486154,488019
488018,488019
484826,488020
488019,488020
483852,488021
488020,488021
483533,488022
488021,488022
484238,488023
488022,488023
483304,488024
488023,488024
487674,488025
489052,488025
486724,488026
488025,488026
352956,357020
355925,357020
357020,357021
357194,357021
356308,357025
357579,357025
357025,357026
358225,357026
356136,357028
356475,357028
357028,357029
357207,357029
357029,357030
357582,357030
357030,357031
358361,357031
364527,357039
357217,357039
355774,357040
357039,357040
357040,357041
357594,357041
356142,357042
357041,357042
354935,357043
357042,357043
355594,357044
357043,357044
353836,357045
357044,357045
356482,357046
357045,357046
353835,357047
357046,357047
352456,357048
357047,357048
351642,357049
357048,357049
357049,357050
352455,357050
356329,357051
357052,357051
388452,391603
391602,391603
487454,488176
490827,488176
488176,488177
489544,488177
485456,488178
488177,488178
488178,488179
488543,488179
488846,488183
486717,488183
486289,488184
488183,488184
486406,488185
488184,488185
488185,488186
489396,488186
487455,488187
488186,488187
488847,488188
488848,488188
487662,488193
487663,488193
488690,488196
489049,488196
486417,488197
488199,488197
487460,488198
488197,488198
356464,357190
357017,357190
356869,357191
357190,357191
357191,357192
358212,357192
357192,357193
358882,357193
357560,357196
357767,357196
355756,357197
357196,357197
355180,357198
357197,357198
357198,357199
357390,357199
355181,357200
357199,357200
357772,357211
357773,357211
357035,357214
357774,357214
357051,357217
358766,357217
357950,357218
356882,357218
357218,357219
358769,357219
357219,357220
361478,357220
357220,357221
357406,357221
356680,357222
357221,357222
355778,357223
357222,357223
354938,357224
357223,357224
356883,357225
357224,357225
487588,488347
488173,488347
485785,488350
486566,488350
488358,488357
488860,488357
391130,391611
391610,391611
537576,540157
540156,540157
390274,391613
391612,391613
540580,540159
540911,540159
540012,540160
540159,540160
278678,278017
278837,278017
540910,540162
540161,540162
356471,357392
356472,357392
356138,357398
357208,357398
357032,357399
357398,357399
357399,357400
358893,357400
356881,357405
357948,357405
358239,357407
359775,357407
356148,357408
357407,357408
355472,357409
357408,357409
353476,357410
357409,357410
355218,357411
357410,357411
353095,357412
357411,357412
353472,357413
357412,357413
487589,488540
490167,488540
487989,488541
488540,488541
487833,488554
488350,488554
486411,488555
488554,488555
488555,488556
489046,488556
488561,488559
490687,488559
486723,488560
488559,488560
488202,488561
488858,488561
357766,357559
358215,357559
357023,357560
357559,357560
357562,357563
358216,357563
357392,357564
357563,357564
356305,357565
357564,357565
357565,357566
358753,357566
357566,357567
358356,357567
357567,357568
359930,357568
357568,357569
357927,357569
357569,357570
359931,357570
357570,357571
360727,357571
357571,357572
361102,357572
357572,357573
361671,357573
357573,357574
360888,357574
355589,357583
357034,357583
358762,357585
357946,357585
357585,357586
358231,357586
357586,357587
357588,357587
356880,357590
357404,357590
357947,357590
357590,357591
358566,357591
356879,357592
357591,357592
358565,357592
358233,357593
358568,357593
357216,357594
357593,357594
357595,357594
488852,488688
489703,488688
488195,488689
488688,488689
488542,488835
488683,488835
487998,488844
489395,488844
488844,488845
488547,488845
488854,488855
489407,488855
357391,357920
357561,357920
357920,357921
358354,357921
357921,357922
359228,357922
357922,357923
358355,357923
357923,357924
358887,357924
357924,357925
359601,357925
357925,357926
359766,357926
355944,357928
357770,357928
357928,357929
358227,357929
357580,357930
357929,357930
357930,357931
358360,357931
357931,357932
359083,357932
357932,357933
359603,357933
357933,357934
360359,357934
357212,357940
357213,357940
357036,357942
357584,357942
361678,357943
373350,357943
358371,357950
358768,357950
488835,489024
489384,489024
489024,489025
490168,489025
488834,489026
489025,489026
490668,489027
489026,489027
489027,489028
489696,489028
489028,489029
489833,489029
489029,489030
490975,489030
474275,474721
474720,474721
489388,489033
489546,489033
488684,489034
489033,489034
490469,489035
491915,489035
488549,489036
489035,489036
490315,489037
489036,489037
490033,489037
488189,489038
489037,489038
488550,489039
488850,489039
489039,489040
489701,489040
488190,489041
489040,489041
489041,489042
490172,489042
488552,489044
488553,489044
488685,489045
489044,489045
488686,489046
489045,489046
540902,540285
540903,540285
489048,489213
489551,489213
489558,489216
490845,489216
489216,489217
489858,489217
489411,489218
489859,489218
488203,489219
489218,489219
488859,489220
489219,489220
357916,358213
358747,358213
358213,358214
358884,358214
357202,358217
357575,358217
357576,358218
357768,358218
356477,358229
358230,358229
358370,358233
359088,358233
358375,358236
358778,358236
357777,358237
358236,358237
357951,358238
358237,358238
358238,358239
358777,358239
489031,489384
489834,489384
488840,489389
489210,489389
489389,489390
489393,489390
489390,489391
489547,489391
489391,489392
490830,489392
488193,489399
489213,489399
489399,489400
490179,489400
489050,489403
489554,489403
488692,489404
489403,489404
488691,489405
489404,489405
487835,489406
489405,489406
357209,358362
358228,358362
357771,358363
358362,358363
357938,358364
358363,358364
358563,358367
360364,358367
358366,358368
358367,358368
357949,358371
358767,358371
358569,358372
359090,358372
358372,358373
358909,358373
358910,358373
490176,489549
491790,489549
490037,489552
490317,489552
488687,489553
489552,489553
358217,358548
358218,358548
358548,358549
358553,358549
358549,358550
358754,358550
358550,358551
360355,358551
358551,358552
359932,358552
358219,358554
358755,358554
358554,358555
359426,358555
357942,358559
358229,358559
358759,358560
358559,358560
358560,358561
359604,358561
358906,358567
360365,358567
358232,358568
358567,358568
358752,358753
359229,358753
358357,358754
358888,358754
492743,489837
492114,489837
489837,489838
490170,489838
489838,489839
490030,489839
489839,489840
490465,489840
488839,489841
490031,489841
359612,358770
361862,358770
489842,489843
489698,489843
489843,489844
490312,489844
490829,489844
489844,489845
491911,489845
489848,489849
490314,489849
489849,489850
489211,489850
489850,489851
488548,489851
488849,489852
489851,489852
485780,489853
489852,489853
489408,489855
489704,489855
489855,489856
491794,489856
489856,489857
490319,489857
358761,358899
359431,358899
358899,358900
360731,358900
358369,358901
358900,358901
357403,358902
358901,358902
357945,358903
358902,358903
356327,358904
358903,358904
489550,490034
489854,490034
490034,490035
490835,490035
490035,490036
491098,490036
288383,286918
289200,286918
431208,431209
433697,431209
357765,359071
358352,359071
358351,359072
359071,359072
359072,359073
359226,359073
359227,359073
357919,359076
358547,359076
358751,359076
359076,359077
359600,359077
359077,359078
360725,359078
358221,359080
358222,359080
358889,359081
359080,359081
358556,359082
358756,359082
491235,490169
491786,490169
490677,490176
491094,490176
490678,490177
491406,490177
358358,359230
358359,359230
359230,359231
360728,359231
359232,359233
360358,359233
357935,359235
358757,359235
360113,359236
364513,359236
358564,359237
359236,359237
357592,359238
359237,359238
452661,453095
452835,453095
321511,322024
322023,322024
452669,453097
453305,453097
452337,453098
453097,453098
452167,453100
453099,453100
323313,322029
322028,322029
321514,322030
322029,322030
321347,322032
322031,322032
322636,322033
323010,322033
378584,378585
377109,378585
320707,322035
322034,322035
489383,490460
489540,490460
490461,490462
491089,490462
490462,490463
491233,490463
490474,490473
491099,490473
358764,359432
359433,359432
365407,365747
365746,365747
364848,365753
365408,365753
490174,490672
490316,490672
490672,490673
490675,490673
490673,490674
491242,490674
359945,359607
360734,359607
359435,359612
360510,359612
490321,490685
490684,490685
489557,490686
490685,490686
490040,490687
490320,490687
490686,490687
489836,490818
490463,490818
490818,490819
491234,490819
491401,490820
490819,490820
489543,490821
490820,490821
490464,490822
490821,490822
489209,490823
490822,490823
490169,490824
490823,490824
488837,490825
490824,490825
489697,490826
490825,490826
489385,490827
490826,490827
490985,490837
492979,490837
490837,490838
489409,490838
490839,490840
489051,490840
490840,490841
488558,490841
490841,490842
487843,490842
360367,359772
360368,359772
359772,359773
360366,359773
359771,359774
359773,359774
359436,359774
358911,359775
359774,359775
378602,378603
379600,378603
490470,490981
490676,490981
490983,490982
490984,490982
490986,490985
491563,490985
490988,490987
492293,490987
359602,359934
359936,359934
358890,359935
359934,359935
359235,359938
360361,359938
359428,359939
359938,359939
360363,359940
360729,359940
357936,359941
359940,359941
357937,359942
359941,359942
456590,457167
457166,457167
378606,378607
380259,378607
491093,491091
492284,491091
491091,491092
493648,491092
491243,491095
492287,491095
491095,491096
491407,491096
489398,491097
491096,491097
360895,360102
363063,360102
359605,360103
360102,360103
360509,360103
359770,360104
360103,360104
358763,360105
360104,360105
360105,360106
360896,360106
359086,360107
360106,360107
357589,360108
360107,360108
356480,360109
360108,360109
354932,360110
360109,360110
359432,360112
361471,360112
358905,360113
360112,360113
491551,491234
492265,491234
491788,491240
492277,491240
491404,491241
491240,491241
490982,491246
491793,491246
490181,491247
491246,491247
491247,491248
492289,491248
491248,491249
491919,491249
490180,491250
491249,491250
490680,491251
491250,491251
489406,491252
491251,491252
488198,491253
491252,491253
488352,491254
491253,491254
489402,491255
491254,491255
486416,491256
491255,491256
351623,352429
352428,352429
361098,360282
366578,360282
357763,360283
360282,360283
358881,360284
360283,360284
360284,360285
360724,360285
360285,360286
361099,360286
357193,360287
360286,360287
358883,360288
360287,360288
360288,360289
362308,360289
360289,360290
360887,360290
359926,360291
360290,360291
360291,360292
362188,360292
360292,360293
365575,360293
355585,360294
359069,360294
360293,360294
360294,360295
360500,360295
359070,360296
360295,360296
359422,360297
360296,360297
360352,360297
359423,360298
360297,360298
360298,360299
361454,360299
359424,360300
360299,360300
359597,360301
360300,360301
360301,360302
361100,360302
359425,360303
360302,360303
359598,360304
360303,360304
357918,360305
360304,360305
360305,360306
361456,360306
359599,360307
360306,360307
360307,360308
362004,360308
360308,360309
360353,360309
359927,360310
360309,360310
359073,360311
359928,360311
360310,360311
360311,360312
362313,360312
360312,360313
360501,360313
360313,360314
362190,360314
360314,360315
361263,360315
360315,360316
360502,360316
360316,360317
361264,360317
360317,360318
363052,360318
360318,360319
362315,360319
360319,360320
362904,360320
360320,360321
363970,360321
365033,360322
360321,360322
360322,360323
363501,360323
363645,360323
360323,360324
363646,360324
360324,360325
365034,360325
360325,360326
368892,360326
490466,491402
490828,491402
360334,360335
365244,360335
491410,491411
490182,491411
491922,491411
491411,491412
492761,491412
493488,491412
491412,491413
489555,491413
491413,491414
490318,491414
360344,360345
366918,360345
360345,360346
364317,360346
360346,360347
365584,360347
360347,360348
365585,360348
365738,360348
360348,360349
364318,360349
360349,360350
361842,360350
360350,360351
362908,360351
361668,360352
362001,360352
357577,360356
359933,360356
360356,360357
360503,360357
356675,360360
360505,360360
359427,360361
360360,360361
347797,348071
348070,348071
348074,348071
492260,491546
492261,491546
491400,491547
491546,491547
490666,491548
491547,491548
490667,491549
491548,491549
490310,491550
491549,491550
489392,491553
494021,491553
494167,491553
490468,491554
491553,491554
489846,491555
491554,491555
491555,491556
491912,491556
490313,491557
491556,491557
490670,491558
490831,491558
491408,491561
492125,491561
359074,360502
359075,360502
358365,360508
359085,360508
321528,322234
322235,322234
453307,453308
454918,453308
490817,491779
491544,491779
491778,491780
491779,491780
491780,491781
492944,491781
491781,491782
492731,491782
491782,491783
493635,491783
492745,491788
492120,491788
492285,491789
492756,491789
491789,491790
492286,491790
491245,491791
491562,491791
491791,491792
492416,491792
491921,491793
492760,491793
492571,491908
492267,491908
491403,491910
491552,491910
352447,352448
357939,352448
352448,352449
357940,352449
358758,352449
360730,360893
361463,360893
360893,360894
361109,360894
361847,360895
362322,360895
351846,352453
352609,352453
351494,352454
352453,352454
491402,492108
492410,492108
490977,492109
492108,492109
492109,492110
492268,492110
492110,492111
494661,492111
492111,492112
492950,492112
491237,492113
491908,492113
492112,492113
491238,492114
492113,492114
489845,492116
491910,492116
493276,492117
492116,492117
492117,492118
494287,492118
492755,492124
493120,492124
491795,492128
491564,492128
490987,492130
492135,492130
492130,492131
492764,492131
492131,492132
494520,492132
492132,492133
495047,492133
492133,492134
493658,492134
492418,492135
493307,492135
361451,361094
364837,361094
359925,361095
361094,361095
359225,361096
361095,361096
360886,361097
361096,361097
361831,361097
359595,361098
361097,361098
359929,361101
360726,361101
491906,492262
492945,492262
492262,492263
492946,492263
492263,492264
492947,492264
492744,492268
492951,492268
492118,492270
494166,492270
491909,492271
492270,492271
490171,492272
491787,492272
492271,492272
491239,492273
492272,492273
492273,492274
490467,492274
489387,492275
492274,492275
488544,492276
492275,492276
492278,492277
493119,492277
491559,492279
493283,492279
492279,492280
492752,492280
492280,492281
493889,492281
492281,492282
494299,492282
492753,492283
492282,492283
492417,492288
492973,492288
491920,492289
492288,492289
388215,387884
388447,387884
388217,387888
389735,387888
413177,422294
413178,422294
422293,422294
387888,387889
387891,387889
361665,361261
363049,361261
359078,361265
361457,361265
361265,361266
362191,361266
357926,361267
361101,361267
361464,361271
361848,361271
492269,492409
493886,492409
492409,492410
493885,492410
413656,422298
422297,422298
361666,361451
361667,361451
361669,361455
362003,361455
361455,361456
361670,361456
361834,361457
362005,361457
361272,361467
361853,361467
361467,361468
361852,361468
361466,361469
361468,361469
360733,361470
361469,361470
361465,361471
361470,361471
363199,361473
363358,361473
361473,361474
361683,361474
360116,361475
361474,361475
361475,361476
362921,361476
359434,361477
361476,361477
358373,361478
361477,361478
491232,492570
491907,492570
492128,492578
492129,492578
492981,492578
492578,492579
493489,492579
492579,492580
492763,492580
492577,492581
492580,492581
491416,492582
492581,492582
490682,492583
492582,492583
490476,492584
492583,492584
489410,492585
492584,492585
488356,492586
492585,492586
492736,492732
493272,492732
491399,492733
492732,492733
490459,492734
492733,492734
491905,492735
492734,492735
361830,361666
362684,361666
362186,361667
362483,361667
491236,492740
492739,492740
492408,492741
493882,492741
492740,492741
491090,492742
492741,492742
490311,492743
492742,492743
492749,492747
493475,492747
492747,492748
491914,492748
358898,361678
361677,361678
361462,361680
362494,361680
493122,492761
493891,492761
519799,522694
522693,522694
519798,522695
522694,522695
361999,361831
363642,361831
357574,361836
358552,361836
361836,361837
362488,361837
361458,361838
361837,361838
361672,361839
361838,361839
361839,361840
363187,361840
361840,361841
363502,361841
361841,361842
363188,361842
362196,361849
362324,361849
361849,361850
363354,361850
360732,361851
361850,361851
362203,361858
362499,361858
361858,361859
362204,361859
361273,361860
361859,361860
361111,361861
361860,361861
359947,361862
361861,361862
492266,492949
493640,492949
493477,492954
494174,492954
495434,492954
492122,492955
492954,492955
490834,492956
492955,492956
491916,492957
492956,492957
489042,492958
492957,492958
490173,492959
492958,492959
483133,492960
492959,492960
491405,492961
492960,492961
489212,492962
492961,492962
490979,492963
492962,492963
489702,492964
490980,492964
492963,492964
299272,300614
299445,300614
492965,492966
492283,492966
490674,492967
492966,492967
491560,492968
492967,492968
495035,492969
492968,492969
302560,300615
300614,300615
492759,492972
493485,492972
493655,492975
493656,492975
492975,492976
494308,492976
299449,300616
300615,300616
492292,492978
492977,492978
491258,492979
492978,492979
493657,492981
493893,492981
302429,300617
300616,300617
300617,300618
300622,300618
300619,300620
301237,300620
300620,300621
301238,300621
362185,361993
363344,361993
359593,361994
361993,361994
359764,361995
361994,361995
361995,361996
362305,361996
360723,361997
361996,361997
359420,361998
361997,361998
362685,362000
362686,362000
361266,362006
361267,362006
361835,362007
362006,362007
362007,362008
362689,362008
361104,362009
361268,362009
492107,493116
492407,493116
493116,493117
494016,493117
460048,509611
509610,509611
335015,337604
337603,337604
300654,300655
303439,300655
304667,300655
561784,562800
562799,562800
361452,362187
362306,362187
362910,362192
362911,362192
362493,362194
363193,362194
362700,362195
362914,362195
362498,362198
363356,362198
361855,362199
362198,362199
362199,362200
361854,362200
362200,362201
360899,362201
492412,493282
492750,493282
492972,493286
494515,493286
492575,493287
493286,493287
493287,493288
494509,493288
493288,493289
493653,493289
493289,493290
494179,493290
493121,493291
493290,493291
491792,493292
493291,493292
490836,493293
493292,493293
492126,493294
493293,493294
490039,493295
493294,493295
490475,493296
493295,493296
490038,493297
490679,493297
493296,493297
493297,493298
493484,493298
491409,493299
492758,493299
493298,493299
493285,493300
493299,493300
493300,493301
493651,493301
492974,493303
493306,493303
492576,493304
493303,493304
493304,493305
493892,493305
384943,388062
386770,388062
519135,519136
519782,519136
361453,362307
362187,362307
369219,362307
362307,362308
363185,362308
361832,362309
361833,362309
362311,362310
362309,362310
362189,362312
362902,362312
362312,362313
363186,362313
362697,362321
362913,362321
388067,388068
385830,388068
387263,388071
389226,388071
387642,388072
388071,388072
387120,388074
387469,388074
494011,493452
494651,493452
492404,493453
493452,493453
491784,493454
493271,493454
493453,493454
491545,493455
493454,493455
491785,493456
493455,493456
490166,493457
493456,493457
489832,493458
493457,493458
489830,493459
493458,493459
489539,493460
493459,493460
489021,493461
493460,493461
487586,493462
488539,493462
493461,493462
486284,493463
493462,493463
485104,493464
493463,493464
480907,493465
493464,493465
482395,493466
493465,493466
485265,493467
493466,493467
484043,493468
493467,493468
486403,493469
493468,493469
482558,493470
493469,493470
483833,493471
493470,493471
481729,493472
493471,493472
480132,493473
493472,493473
493279,493476
494501,493476
493478,493477
494298,493477
494303,493482
494304,493482
492971,493483
493482,493483
493483,493484
493652,493484
363058,362490
363189,362490
362496,362497
363195,362497
493115,493637
494014,493637
493637,493638
494653,493638
494023,493644
494296,493644
493644,493645
494168,493645
494180,493653
494508,493653
391448,391787
391786,391787
466149,475494
475493,475494
361105,362691
362909,362691
363807,362692
365037,362692
363504,362693
364320,362693
362693,362694
364321,362694
362694,362695
363974,362695
362695,362696
362912,362696
494286,493881
494657,493881
362922,362916
363360,362916
362916,362917
363359,362917
362327,362918
362917,362918
361110,362919
361857,362919
362918,362919
361479,362920
362919,362920
359611,362921
362920,362921
491783,494010
495015,494010
493451,494011
494010,494011
493636,494012
494491,494012
493273,494013
494012,494013
494289,494017
494496,494017
493474,494018
494017,494018
492411,494019
494018,494019
494019,494020
492952,494020
492119,494021
494020,494021
495037,494025
494026,494025
362314,363052
362903,363052
363349,363057
363650,363057
364174,363061
363511,363061
362495,363062
363061,363062
363657,363062
361846,363063
363062,363063
363194,363064
363658,363064
362915,363065
363355,363065
363065,363066
363979,363066
495425,494163
496438,494163
494163,494164
494495,494164
492572,494165
494164,494165
492115,494166
494165,494166
495432,494169
495770,494169
494169,494170
494667,494170
493282,494171
494170,494171
492413,494172
494171,494172
493888,494173
494172,494173
494173,494174
494297,494174
493284,494176
493480,494176
362316,363188
362317,363188
363662,363197
364330,363197
364529,363198
363197,363198
363661,363198
362702,363199
363198,363199
494013,494281
495017,494281
494281,494282
495018,494282
492569,494283
494282,494283
493278,494292
493643,494292
494292,494293
495026,494293
494293,494294
495427,494294
494294,494295
496262,494295
493650,494301
494302,494301
388617,388224
389007,388224
363808,363349
364849,363349
363068,363357
363814,363357
362701,363358
363357,363358
495224,494494
495608,494494
495609,494494
493641,494495
494494,494495
493118,494497
494291,494497
493649,494504
494669,494504
494176,494505
494504,494505
495043,494510
495044,494510
494181,494510
494510,494511
495960,494511
493487,494512
494511,494512
493486,494513
494512,494513
494513,494514
496126,494514
495042,494515
494514,494515
494310,494517
495252,494517
494517,494518
495964,494518
494518,494519
495048,494519
493123,494520
494519,494520
363059,363506
363352,363506
364708,363507
363506,363507
363507,363508
363509,363508
495946,494651
495948,494651
493639,494655
494493,494655
493275,494656
492738,494656
495223,494658
495607,494658
494658,494659
494815,494659
494659,494660
494662,494660
493883,494661
493884,494661
494660,494661
494027,494675
494309,494675
363800,363644
365236,363644
360354,363646
363053,363646
363347,363646
363505,363650
364322,363650
494283,494807
495221,494807
493638,494808
494807,494808
494808,494809
496255,494809
494284,494810
494809,494810
492264,494811
494810,494811
494811,494812
495950,494812
494285,494813
494812,494813
494813,494814
495766,494814
494816,494817
495426,494817
494288,494818
494817,494818
493277,494819
493642,494819
494818,494819
494819,494820
495226,494820
494820,494821
495610,494821
494497,494822
495024,494822
494498,494823
494822,494823
494022,494824
494823,494824
494824,494825
494840,494825
494825,494826
496740,494826
494826,494827
497228,494827
494827,494828
495025,494828
494828,494829
497543,494829
494829,494830
496261,494830
494830,494831
497716,494831
494295,494832
494831,494832
494832,494833
497900,494833
494833,494834
496263,494834
494834,494835
496264,494835
494835,494836
497391,494836
494836,494837
495228,494837
494837,494838
497229,494838
494838,494839
495229,494839
495236,494841
496445,494841
494300,494842
494668,494842
495237,494843
494842,494843
496120,494844
494843,494844
492134,494846
495619,494846
494846,494847
495789,494847
494675,494848
494847,494848
494848,494849
497562,494849
494849,494850
495251,494850
494674,494851
494850,494851
494851,494852
497561,494852
494852,494853
497560,494853
494853,494854
495963,494854
494854,494855
495962,494855
362690,363804
362906,363804
364846,363805
365405,363805
363647,363806
363805,363806
363648,363807
364165,363807
363510,363809
364326,363809
343949,344639
343950,344639
495765,495015
495944,495015
495220,495016
495598,495016
494492,495017
495016,495017
494656,495019
495605,495019
493880,495020
495019,495020
494290,495022
494663,495022
496112,495023
495022,495023
495023,495024
495611,495024
495030,495031
495613,495031
495031,495032
495614,495032
493479,495033
495032,495033
495033,495034
495615,495034
495034,495035
494502,495035
363802,363967
363966,363967
493301,495040
495779,495040
495249,495045
496128,495045
495045,495046
494516,495046
363977,363978
365046,363978
434335,509676
435584,509676
509675,509676
496429,495221
497222,495221
494664,495227
495027,495227
494499,495228
495227,495228
494500,495229
495028,495229
496119,495231
495435,495231
496444,495231
495231,495232
494841,495232
495232,495233
494175,495233
495233,495234
494025,495234
495234,495235
492124,495235
494505,495238
501615,495238
495238,495239
494177,495239
495239,495240
493481,495240
495240,495241
495246,495241
495241,495242
495039,495242
495242,495243
492415,495243
492970,495243
495243,495244
491917,495244
495771,495245
495958,495245
495038,495246
495245,495246
364711,364175
363980,364175
519144,519451
519450,519451
364840,364314
365577,364314
365404,364319
365739,364319
364850,364323
365042,364323
364323,364324
365588,364324
363655,364325
364324,364325
495768,495425
496260,495425
496114,495429
495956,495429
495428,495430
495429,495430
493887,495431
495430,495431
493281,495432
495431,495432
497233,495433
496442,495433
495230,495434
495433,495434
496118,495435
495957,495435
482443,483502
483501,483502
365756,364496
365757,364496
364496,364497
364851,364497
363975,364498
364497,364498
363060,364499
364498,364499
361675,364500
364499,364500
364502,364503
365252,364503
364503,364504
365044,364504
365049,364505
365047,364505
363066,364506
363811,364506
364505,364506
363978,364507
364506,364507
362325,364508
364507,364508
362197,364509
364508,364509
363512,364510
364509,364510
360898,364511
364510,364511
360897,364512
364511,364512
360111,364513
364512,364513
365050,364514
365051,364514
364175,364515
364528,364515
364514,364515
363812,364516
364515,364516
363813,364517
364516,364517
363196,364518
364517,364518
362497,364519
364518,364519
362201,364520
364519,364520
361472,364521
364520,364521
359608,364522
360114,364522
364521,364522
359607,364523
364522,364523
359089,364524
364523,364524
359946,364525
364524,364525
364525,364526
358235,364526
364526,364527
358234,364527
495222,495602
495601,495602
494654,495603
495602,495603
492737,495604
493274,495604
495603,495604
495021,495605
495952,495605
495041,495617
495780,495617
496916,495618
498521,495618
495618,495619
496133,495619
496439,495770
496440,495770
495617,495772
496748,495772
495772,495773
494845,495773
495773,495774
495247,495774
495774,495775
496124,495775
495775,495776
498211,495776
495776,495777
494507,495777
495777,495778
494178,495778
494506,495779
495778,495779
364857,364709
366067,364709
364709,364710
364856,364710
495783,495784
496606,495784
494305,495785
495784,495785
493302,495786
495785,495786
492290,495787
495786,495787
492127,495788
495787,495788
366740,364823
370795,364823
364823,364824
365398,364824
364824,364825
364838,364825
364825,364826
366260,364826
362900,364827
364826,364827
364159,364828
364827,364828
363345,364829
364828,364829
361829,364830
364829,364830
363184,364831
364830,364831
363048,364832
364831,364832
361998,364833
364832,364833
359594,364834
364833,364834
360281,364835
364834,364835
359924,364836
360885,364836
361261,364836
364835,364836
359765,364837
364836,364837
365742,364846
365743,364846
365411,364852
365589,364852
364327,364853
364852,364853
363810,364854
364853,364854
363656,364855
364854,364855
496428,495945
497361,495945
495597,495946
495945,495946
496102,495947
496588,495947
494652,495948
495947,495948
495949,495950
496430,495950
497364,495950
495250,495963
495436,495963
495424,496107
495606,496107
496107,496108
495767,496108
496108,496109
495423,496109
496117,496116
497235,496116
365048,365049
365911,365049
365421,365050
365592,365050
365422,365051
365760,365051
496270,496131
497095,496131
496448,496132
496131,496132
496130,496133
496132,496133
518596,519603
518599,519603
519299,519603
472169,483528
483527,483528
323015,323016
323202,323016
365238,365237
366052,365237
322849,323017
323016,323017
365581,365244
365582,365244
496590,496429
497537,496429
495954,496435
496434,496435
496110,496436
496435,496436
496436,496437
496738,496437
495225,496438
496437,496438
496115,496441
496741,496441
496441,496442
496598,496442
497236,496443
497727,496443
496443,496444
496742,496444
366062,365405
366272,365405
366601,365412
365909,365412
365412,365413
369232,365413
364504,365414
365413,365414
363064,365415
365414,365415
366290,365415
362323,365416
365415,365416
361271,365417
361851,365417
365416,365417
359087,365418
365417,365418
359606,365419
365418,365419
366261,366741
366568,366741
365898,366747
366746,366747
496103,496593
496431,496593
496744,496602
500285,496602
496602,496603
496743,496603
366265,365567
366580,365567
365567,365568
370579,365568
365568,365569
365576,365569
364162,365570
365569,365570
364314,365571
365570,365571
363050,365572
365571,365572
363051,365573
365572,365573
363644,365574
365573,365574
362484,365575
365574,365575
365735,365581
366059,365581
365736,365582
366266,365582
366754,365584
367309,365584
365903,365585
366755,365585
365038,365586
365406,365586
300623,301238
300624,301238
431991,432312
432311,432312
496258,496735
496903,496735
496595,496736
496735,496736
496736,496737
497713,496737
496910,496744
497239,496744
496125,496747
497399,496747
496746,496748
496747,496748
365239,365733
365899,365733
366270,365740
366271,365740
365586,365745
365904,365745
364705,365746
365745,365746
542383,541555
542384,541555
365747,365748
366416,365748
364847,365749
365748,365749
364493,365751
364706,365751
365750,365752
365751,365752
409813,410484
410483,410484
411098,410484
365039,365754
365753,365754
365754,365755
365905,365755
541286,541559
541879,541559
541561,541562
542191,541562
497227,496904
497541,496904
496904,496905
497898,496905
496446,496908
496601,496908
497401,496915
498039,496915
496915,496916
497094,496916
366584,365902
366749,365902
367306,365902
366274,365904
366593,365904
366068,365909
366600,365909
496259,497082
496596,497082
496907,497084
497545,497084
497084,497085
498337,497085
496266,497086
497085,497086
496267,497087
497086,497087
496268,497088
497087,497088
497088,497089
497234,497089
497904,497090
498034,497090
497090,497091
498198,497091
365733,366053
366914,366053
366053,366054
367085,366054
365240,366055
366054,366055
365242,366056
365900,366056
366066,366065
366599,366065
497363,497220
497709,497220
497220,497221
497538,497221
496591,497222
497221,497222
497082,497224
497376,497224
496109,497225
495953,497225
497224,497225
497225,497226
498191,497226
497230,497231
497901,497231
497544,497232
498197,497232
497232,497233
498336,497233
496911,497240
497907,497240
367081,366260
368840,366260
366581,366265
366911,366265
364707,366275
364494,366275
365041,366276
366275,366276
366759,366282
366281,366282
366282,366283
366419,366283
365043,366284
366283,366284
366762,366286
368627,366286
365759,366287
366286,366287
366421,366287
366069,366288
366287,366288
364858,366289
366288,366289
366289,366290
364328,366290
497710,497365
498030,497365
496592,497366
497365,497366
495951,497367
496901,497367
496737,497368
497897,497368
497368,497369
497895,497369
496106,497370
497369,497370
497370,497371
498189,497371
497371,497372
498031,497372
496902,497373
497372,497373
496257,497374
496594,497374
497373,497374
497377,497375
498193,497375
496433,497376
497375,497376
496905,497378
500433,497378
496597,497379
497378,497379
497379,497380
498862,497380
499049,497380
497380,497381
497899,497381
495955,497382
497381,497382
494821,497383
497382,497383
497542,497383
497383,497384
498033,497384
496111,497385
497384,497385
495769,497386
497385,497386
497386,497387
498333,497387
497387,497388
499223,497388
496739,497389
496906,497389
497388,497389
497389,497390
498654,497390
496908,497395
497549,497395
497238,497396
497395,497396
497396,497397
499614,497397
364169,366417
366276,366417
365249,366418
366417,366418
367093,366418
497366,497539
497367,497539
497539,497540
499602,497540
497546,497547
497905,497547
497547,497548
498200,497548
496600,497549
497548,497549
497092,497550
497910,497550
496447,497551
497550,497551
497551,497552
498518,497552
497552,497553
497909,497553
497553,497554
498867,497554
497554,497555
499951,497555
497555,497556
498669,497556
497556,497557
499438,497557
497557,497558
500439,497558
360328,360329
365902,360329
366051,366569
366910,366569
369573,366569
366569,366570
366742,366570
366262,366571
366570,366571
364161,366572
366571,366572
365399,366573
366572,366573
363641,366574
366573,366574
365732,366575
366574,366575
366575,366576
368848,366576
362000,366577
366576,366577
361262,366578
366577,366578
367083,366579
367084,366579
366579,366580
366745,366580
367086,366583
367525,366583
367314,366586
368617,366586
366586,366587
366757,366587
366061,366588
366587,366588
365740,366589
366588,366589
365741,366590
366589,366590
366064,366596
366420,366596
365907,366597
366596,366597
366597,366598
367096,366598
367097,366601
369102,366601
366291,366603
366070,366603
366603,366604
366606,366604
366604,366605
368155,366605
497902,497717
499050,497717
497717,497718
498196,497718
497083,497719
497718,497719
497719,497720
500097,497720
495612,497721
497720,497721
496113,497722
497721,497722
494666,497723
497722,497723
433844,432490
440664,432490
432306,432491
432490,432491
301734,301420
301419,301420
369090,366736
369210,366736
366736,366737
367520,366737
366567,366738
366737,366738
365397,366739
366738,366739
366739,366740
366908,366740
367311,366756
368615,366756
365409,366758
365410,366758
366063,366758
366760,366761
367320,366761
433083,432498
434199,432498
433299,432499
432498,432499
497223,497896
498504,497896
497896,497897
498652,497897
499046,497897
498334,497900
498507,497900
499227,497902
499790,497902
499052,497903
499229,497903
497725,497904
497903,497904
366741,366909
369211,366909
366050,366910
366909,366910
366912,366913
367523,366913
366913,366914
367524,366914
366057,366915
366413,366915
367535,366916
370259,366916
366916,366917
367307,366917
366917,366918
367308,366918
364172,366923
366928,366923
366277,366924
366923,366924
366922,366925
366924,366925
366925,366926
368619,366926
366926,366927
368620,366927
365587,366928
366929,366928
365906,366931
366278,366931
366930,366932
366931,366932
366279,366933
366932,366933
366280,366934
366933,366934
366934,366935
367094,366935
366935,366936
368622,366936
366936,366937
369588,366937
366937,366938
370596,366938
498660,498034
499230,498034
498201,498037
498866,498037
369393,367087
369577,367087
367088,367089
368896,367089
365250,367093
366921,367093
498661,498201
498513,498201
497908,498202
498517,498202
498202,498203
498668,498203
497398,498204
498203,498204
498204,498205
498516,498205
496745,498206
498205,498206
496605,498207
498206,498207
496604,498208
496913,498208
498207,498208
498208,498209
498667,498209
498209,498210
498666,498210
496912,498211
498210,498211
497400,498343
497911,498343
498344,498345
499058,498345
498345,498346
498670,498346
497559,498347
498346,498347
496750,498348
498347,498348
369579,367305
370056,367305
367536,367311
368903,367311
368905,367313
369098,367313
366591,367314
367313,367314
365749,367315
369100,367315
365752,367316
367315,367316
367316,367317
369892,367317
367317,367318
369399,367318
498032,498505
498190,498505
498035,498511
498510,498511
497728,498512
498511,498512
498673,498519
499063,498519
498519,498520
499062,498520
497093,498521
498520,498521
368899,367526
369093,367526
366750,367527
367526,367527
367527,367528
369094,367528
366751,367529
367528,367529
367529,367530
369581,367530
366752,367531
367530,367531
366267,367532
367531,367532
366753,367533
367532,367533
366060,367534
367533,367534
368900,367534
366268,367535
367534,367535
366592,367538
367537,367538
367091,367539
367538,367539
367092,367540
367539,367540
366920,367541
367540,367541
366594,367543
367542,367543
432912,367545
522987,367545
367095,367546
367545,367546
366761,367547
367546,367547
366284,367548
367547,367548
363976,367549
367548,367549
365758,367550
367549,367550
363192,367551
367550,367551
363809,367552
367551,367552
362699,367553
367552,367553
361461,367554
367553,367554
362698,367555
367554,367555
350411,367556
367555,367556
359944,367557
367556,367557
358760,367558
367557,367558
360892,367559
367558,367559
357402,367560
358562,367560
367559,367560
356324,367561
367560,367561
356478,367562
367561,367562
356479,367563
358368,367563
367562,367563
358897,367564
367563,367564
357943,367565
367564,367565
357944,367566
367565,367566
355592,367567
367566,367567
355467,367568
367567,367568
349388,367569
367568,367569
354293,367570
367569,367570
353094,367571
367570,367571
354294,367572
367571,367572
355468,367573
367572,367573
353269,367574
355949,367574
367573,367574
352454,367575
367574,367575
359243,367576
367575,367576
351847,367577
367576,367577
351848,367578
367577,367578
355205,367579
367578,367579
355207,367580
367579,367580
352968,367581
367580,367581
352610,367582
367581,367582
355211,367583
367582,367583
352611,367584
367583,367584
351641,367585
367584,367585
351133,367586
367585,367586
349973,367590
367589,367590
367590,367591
351134,367591
499231,498664
498663,498664
498664,498665
497906,498665
348243,367594
367593,367594
351645,367595
367594,367595
346908,367596
367595,367596
348692,367597
367596,367597
367597,367598
349634,367598
352974,367600
367599,367600
367600,367601
346379,367601
367601,367602
345621,367602
345784,367603
367602,367603
343067,367604
367603,367604
342528,367605
367604,367605
344319,367606
367605,367606
344657,367607
367606,367607
343499,367608
367607,367608
345131,367609
367608,367609
353284,367610
367609,367610
342706,367611
367610,367611
340026,367612
367611,367612
343500,367613
367612,367613
344327,367614
367613,367614
340399,367615
367614,367615
339412,367616
367615,367616
341271,367617
367616,367617
340709,367618
367617,367618
339198,367619
367618,367619
338314,367620
367619,367620
336951,367621
367620,367621
338706,367622
367621,367622
336626,367623
367622,367623
337187,367624
367623,367624
337595,367625
367624,367625
336019,367626
367625,367626
336397,367627
367626,367627
335824,367628
367627,367628
334843,367629
367628,367629
341658,367630
367629,367630
332961,367631
367630,367631
325174,367632
367631,367632
331674,367633
367632,367633
330703,367634
367633,367634
330007,367635
367634,367635
329522,367636
367635,367636
327719,367637
367636,367637
367637,367638
327720,367638
323199,367639
327225,367639
367638,367639
309447,367640
325009,367640
367639,367640
367640,367641
325323,367641
326750,367642
333104,367642
367641,367642
326244,367643
367642,367643
322848,367644
325945,367644
367643,367644
324842,367645
367644,367645
323972,367646
367645,367646
325012,367647
367646,367647
322645,367648
367647,367648
323318,367649
367648,367649
321668,367650
367649,367650
319009,367651
367650,367651
322233,367652
367651,367652
318820,367653
367652,367653
322044,367654
336985,367654
367653,367654
319883,367655
367654,367655
319206,367656
367655,367656
317266,367657
367656,367657
321366,367658
367657,367658
319207,367659
367658,367659
320399,367660
367659,367660
317102,367661
321046,367661
367660,367661
317267,367662
367661,367662
323645,367663
367662,367663
316233,367664
367663,367664
319011,367665
367664,367665
319384,367666
367665,367666
316057,367667
367666,367667
316417,367668
367667,367668
342041,367669
367668,367669
315021,367670
367669,367670
314435,367671
367670,367671
313137,367672
313557,367672
367671,367672
313136,367673
367672,367673
312123,367674
367673,367674
311068,367675
311440,367675
367674,367675
310000,367676
367675,367676
310887,367677
367676,367677
308805,367678
367677,367678
310591,367679
367678,367679
312473,367680
367679,367680
308479,367681
309999,367681
367680,367681
307707,367682
367681,367682
308804,367683
367682,367683
337658,367684
367683,367684
305922,367686
367685,367686
291736,367687
367686,367687
304223,367688
367687,367688
304906,367689
367688,367689
301631,367690
367689,367690
305718,367691
367690,367691
301915,367692
367691,367692
302104,367693
367692,367693
301425,367694
367693,367694
301257,367695
367694,367695
299670,367696
367695,367696
295557,367697
367696,367697
299671,367698
367697,367698
310369,367699
367698,367699
298645,367700
367699,367700
297627,367701
367700,367701
299293,367702
367701,367702
285269,367703
367702,367703
298793,367704
367703,367704
295939,367705
367704,367705
295940,367706
367705,367706
299294,367707
367706,367707
300057,367708
367707,367708
294029,367709
367708,367709
298375,367710
367709,367710
298794,367711
367710,367711
298025,367712
367711,367712
295114,367713
367712,367713
295561,367714
367713,367714
295562,367715
367714,367715
298026,367716
367715,367716
296167,367717
367716,367717
300841,367718
367717,367718
297218,367719
367718,367719
297418,367720
367719,367720
299147,367721
367720,367721
302109,367722
367721,367722
301748,367723
367722,367723
298646,367724
367723,367724
299296,367725
367724,367725
304072,367726
367725,367726
303614,367727
367726,367727
301749,367728
367727,367728
299462,367729
367728,367729
298379,367730
367729,367730
305724,367731
367730,367731
299148,367732
367731,367732
303911,367733
367732,367733
299874,367734
367733,367734
303180,367735
367734,367735
302112,367736
367735,367736
298647,367737
367736,367737
299149,367738
367737,367738
301129,367739
367738,367739
300498,367740
301428,367740
367739,367740
302113,367741
367740,367741
301431,367742
367741,367742
299015,367743
367742,367743
293305,367744
300206,367744
367743,367744
295335,367745
367744,367745
300207,367746
367745,367746
298796,367747
367746,367747
297014,367748
367747,367748
296866,367749
367748,367749
295565,367750
367749,367750
294920,367751
367750,367751
294921,367752
367751,367752
294796,367753
367752,367753
296169,367754
367753,367754
292995,367755
367754,367755
290710,367756
367755,367756
290868,367757
367756,367757
296352,367758
367757,367758
289975,367759
367758,367759
289206,367760
367759,367760
289345,367761
367760,367761
288118,367762
367761,367762
286783,367763
367762,367763
288387,367764
367763,367764
285877,367765
367764,367765
286603,367766
367765,367766
283856,367767
367766,367767
289013,367768
367767,367768
283456,367769
367768,367769
268295,367770
367769,367770
286053,367771
367770,367771
280862,367772
367771,367772
279843,367773
367772,367773
274949,367774
367773,367774
309029,367775
367774,367775
278227,367776
367775,367776
280693,367777
367776,367777
278836,367778
367777,367778
276894,367779
367778,367779
277600,367780
367779,367780
275355,367781
367780,367781
277778,367782
367781,367782
276413,367783
367782,367783
276200,367784
367783,367784
275540,367785
367784,367785
274277,367786
367785,367786
275356,367787
367786,367787
274587,367788
367787,367788
269277,367789
367788,367789
266077,367790
367789,367790
269759,367791
367790,367791
272130,367792
367791,367792
272131,367793
367792,367793
271194,367794
367793,367794
269760,367795
367794,367795
367795,367796
269933,367796
273361,367797
367796,367797
270456,367798
367797,367798
278024,367799
367798,367799
275133,367800
367799,367800
274780,367801
367800,367801
270457,367802
367801,367802
275134,367803
367802,367803
270969,367804
367803,367804
273873,367805
367804,367805
272576,367806
367805,367806
270619,367807
367806,367807
271766,367808
367807,367808
276903,367809
367808,367809
269616,367810
367809,367810
266560,367811
367810,367811
267570,367812
367811,367812
367812,367813
266379,367813
387877,388983
388982,388983
384624,388984
385824,388984
388983,388984
387639,388985
388984,388985
386254,388986
388985,388986
385099,388987
388986,388987
385325,388988
388987,388988
385326,388989
388988,388989
388442,388990
388989,388990
387878,388991
388990,388991
385825,388992
388991,388992
387451,388993
388992,388993
385100,388994
388993,388994
385475,388995
388994,388995
497894,499040
498502,499040
498188,499041
499040,499041
499044,499041
499041,499042
499598,499042
499042,499043
499220,499043
499228,499050
500786,499050
367100,368150
367322,368150
368150,368151
368628,368151
368151,368152
369405,368152
498341,499232
498342,499232
498853,499424
499427,499424
336772,336773
337172,336773
500087,499426
499425,499426
498506,499428
499048,499428
499428,499429
500782,499429
499225,499431
497715,499431
499431,499432
499224,499432
498343,499440
499797,499440
499440,499441
501002,499441
499232,499442
499441,499442
499057,499443
499442,499443
499439,499444
499443,499444
501001,499444
476781,476475
476924,476475
540292,542018
542869,542018
498330,499600
499782,499600
499600,499601
500425,499601
498503,499602
499601,499602
541065,542019
542018,542019
498192,499605
499047,499605
499605,499606
500428,499606
540904,542020
542019,542020
499053,499611
499794,499611
498338,499612
499611,499612
499612,499613
498865,499613
498339,499614
499613,499614
540289,542021
542020,542021
409457,410950
410949,410950
411118,410951
411676,410951
323570,323571
324173,323571
325305,323573
326235,323573
323572,323573
343482,323574
323573,323574
332375,323575
323574,323575
323576,323577
332171,323577
366906,368604
368834,368604
332602,323578
323577,323578
368605,368606
368835,368606
421056,432805
432804,432805
323578,323579
333082,323579
369220,368612
369757,368612
369221,368614
368613,368614
366919,368615
368614,368615
369097,368616
369398,368616
323579,323580
340015,323580
369223,368624
368625,368624
302274,301736
302569,301736
367321,368626
369225,368626
323581,323582
325319,323582
301422,301737
301736,301737
331332,323583
323582,323583
300832,301738
301737,301738
333625,323584
323583,323584
333475,323585
323584,323585
301254,301740
301625,301740
336011,323586
323585,323586
301253,301741
301740,301741
336012,323587
323586,323587
301741,301742
302450,301742
337183,323588
323587,323588
301742,301743
302783,301743
498194,499786
498508,499786
500106,499796
500288,499796
498868,499797
499796,499797
515079,522703
522702,522703
360343,360344
365737,360344
366566,368836
366907,368836
368607,368837
368836,368837
370249,368842
370250,368842
371105,368842
368841,368843
368842,368843
366743,368844
368843,368844
367301,368845
368609,368845
368844,368845
367302,368846
368845,368846
365897,368847
368846,368847
365400,368848
368847,368848
369388,368849
372561,368849
368849,368850
369092,368850
366747,368851
368850,368851
365578,368852
368851,368852
368852,368853
368894,368853
366582,368854
368853,368854
365237,368855
368854,368855
365031,368856
368855,368856
362901,368857
368856,368857
362485,368858
368857,368858
364841,368859
368858,368859
362486,368860
368859,368860
362002,368861
368860,368861
363963,368862
368861,368862
362687,368863
368862,368863
362310,368864
368863,368864
362487,368865
368864,368865
363801,368866
368865,368866
363499,368867
368866,368867
364701,368868
364702,368868
368867,368868
365241,368869
368868,368869
366055,368870
368869,368870
365403,368872
368871,368872
375656,368873
368872,368873
368873,368874
366748,368874
365032,368875
368874,368875
363967,368876
368875,368876
364490,368877
368876,368877
366056,368878
368877,368878
367089,368879
368878,368879
365734,368880
368879,368880
368880,368881
370053,368881
368881,368882
371115,368882
368882,368883
369394,368883
367090,368884
368883,368884
368884,368885
369750,368885
366915,368886
368885,368886
368886,368887
368897,368887
367305,368888
368887,368888
366058,368889
368888,368889
368610,368890
368889,368890
368890,368891
369753,368891
366414,368892
368891,368892
369389,368893
369390,368893
367304,368894
368893,368894
366763,368910
368154,368910
366422,368911
368910,368911
368909,368912
368911,368912
368912,368913
369406,368913
368913,368914
369762,368914
368914,368915
369897,368915
501269,500093
501601,500093
500093,500094
500785,500094
500094,500095
498657,500095
498509,500096
500095,500096
498335,500097
500096,500097
499056,500102
500286,500102
499436,500103
500102,500103
500103,500104
500582,500104
500104,500105
501448,500105
500444,500109
502303,500109
366905,369087
368603,369087
369087,369088
369375,369088
366734,369089
369376,369089
369396,369096
369756,369096
367541,369100
369586,369100
366605,369103
368629,369103
369103,369104
369407,369104
369104,369105
369592,369105
369105,369106
370441,369106
369106,369107
370440,369107
369107,369108
371311,369108
499788,500260
500264,500260
500260,500261
501803,500261
500261,500262
501267,500262
500262,500263
499787,500263
499791,500266
500995,500266
500266,500267
501271,500267
500267,500268
500787,500268
500268,500269
498658,500269
500269,500270
500435,500270
499051,500271
500270,500271
498659,500272
500271,500272
499792,500273
500272,500273
497392,500274
500273,500274
497393,500275
497724,500275
500274,500275
499793,500277
500577,500277
500277,500278
501603,500278
500581,500279
500997,500279
500279,500280
500438,500280
499795,500281
500280,500281
499435,500282
500281,500282
499054,500283
500282,500283
500283,500284
498662,500284
500284,500285
498514,500285
366744,369214
369213,369214
366264,369215
369214,369215
366263,369216
369215,369216
364839,369217
369216,369217
365401,369218
369217,369218
363643,369219
369218,369219
369404,369226
369591,369226
368908,369227
369226,369227
367099,369228
369227,369228
366602,369229
369228,369229
367098,369230
369229,369230
366285,369231
369230,369231
365045,369232
365591,369232
369231,369232
520913,520305
521489,520305
519300,520309
520028,520309
500777,500426
501126,500426
500255,500429
500574,500429
499784,500430
500429,500430
500430,500431
498653,500431
499430,500432
500431,500432
498332,500433
500432,500433
501443,500435
502449,500435
500445,500442
501454,500442
500442,500443
499953,500443
500441,500444
500443,500444
367299,369377
368608,369377
368838,369378
369377,369378
369381,369382
370424,369382
369382,369383
370049,369383
367522,369384
369383,369384
369384,369385
369876,369385
369385,369386
370427,369386
369386,369387
370252,369387
367303,369388
369387,369388
368895,369391
369576,369391
369391,369392
369880,369392
370054,369394
370431,369394
365755,369399
367543,369399
368621,369401
369587,369401
368623,369402
369589,369402
369402,369403
370438,369403
279352,280033
279685,280033
499599,500571
500776,500571
500982,500572
501263,500572
501594,500572
499607,500575
500783,500575
541877,542189
542399,542189
541558,542190
542189,542190
368837,369570
369089,369570
369749,369571
372375,369571
369380,369572
369571,369572
367300,369573
369572,369573
369881,369578
370433,369578
369578,369579
370254,369579
368618,369584
369222,369584
369584,369585
369891,369585
369099,369586
369585,369586
499783,500779
500427,500779
500778,500780
500779,500780
501128,500787
501966,500787
500098,500789
500276,500789
500576,500789
499610,500790
500789,500790
501806,500792
502711,500792
500792,500793
500998,500793
501000,500795
500287,500795
369748,369749
370421,369749
370253,369750
370432,369750
369754,369751
370255,369751
368611,369752
369751,369752
368898,369753
369752,369753
370425,369876
370426,369876
369883,369884
370959,369884
369884,369885
370434,369885
369095,369886
369885,369886
368901,369887
369886,369887
370435,369888
371301,369888
369397,369889
369888,369889
369889,369890
370589,369890
369759,369892
370073,369892
369224,369894
370598,369894
499043,500973
499940,500973
500972,500974
500973,500974
500974,500975
501944,500975
500975,500976
502118,500976
500571,500977
500976,500977
500977,500978
502119,500978
500978,500979
502442,500979
500979,500980
502701,500980
500980,500981
501262,500981
502286,500984
505156,500984
500984,500985
501595,500985
499429,500986
500985,500986
500781,500987
500986,500987
499606,500988
500987,500988
499941,500989
500256,500989
499789,500993
500784,500993
500434,500994
500993,500994
501280,501002
501450,501002
369374,370046
369569,370046
500253,501124
501123,501124
370057,370055
370587,370055
369395,370056
370055,370056
497558,501130
500795,501130
370800,370060
371121,370060
369890,370061
370060,370061
368902,370062
370061,370062
368612,370063
370062,370063
369583,370067
369758,370067
370067,370068
370071,370068
370068,370069
370960,370069
370069,370070
370961,370070
481909,482559
482238,482559
389578,389375
389915,389375
501442,501268
501600,501268
500437,501272
500791,501272
500578,501273
501272,501273
500579,501274
501273,501274
500996,501275
501277,501275
499434,501276
501275,501276
370954,370248
371807,370248
369574,370249
370248,370249
369582,370257
370588,370257
370257,370258
370958,370258
369882,370259
370258,370259
369590,370261
369895,370261
370261,370262
371308,370262
369761,370263
370262,370263
506724,501440
503565,501440
501949,501441
502290,501441
500788,501444
503271,501444
501444,501445
502291,501445
501627,501452
501971,501452
501452,501453
502497,501453
369898,370439
370076,370439
370439,370440
370811,370440
370442,370441
371312,370441
371462,370441
497714,498654
498655,498654
500981,501584
505987,501584
501124,501585
501584,501585
501585,501586
501797,501586
350730,367587
367586,367587
500426,501588
501587,501588
497540,501589
497711,501589
501588,501589
498331,501590
501589,501590
499603,501590
499045,501591
501590,501591
496593,501592
501591,501592
323623,367588
367587,367588
502285,501595
502706,501595
502288,501597
502445,501597
357050,367589
367588,367589
500278,501604
502293,501604
504429,501604
501605,501606
501616,501606
500100,501607
501606,501607
501607,501608
498864,501608
498512,501609
501608,501609
496599,501610
501609,501610
498036,501611
501610,501611
498199,501612
501611,501612
497394,501613
501612,501613
494844,501614
501613,501614
497237,501615
501614,501615
343497,367592
367591,367592
499444,501619
503839,501619
501130,501620
501619,501620
501131,501620
501279,501621
501620,501621
501621,501622
503059,501622
350596,367593
367592,367593
501623,501624
503835,501624
501624,501625
503834,501625
369575,370571
370048,370571
370571,370572
371106,370572
370251,370573
370572,370573
369091,370574
370423,370574
370573,370574
366412,370576
370575,370576
367082,370577
370576,370577
365029,370578
365402,370578
370577,370578
365030,370579
370578,370579
369879,370580
371110,370580
370581,370582
371607,370582
370582,370583
370051,370583
370583,370584
371608,370584
370584,370585
370586,370585
367598,367599
346716,367599
370065,370592
370591,370592
369233,370600
370599,370600
345258,345773
345772,345773
501593,501796
502444,501796
501796,501797
501945,501797
501596,501801
503051,501801
501602,501804
502897,501804
501278,501807
501449,501807
501808,501809
502297,501809
501809,501810
501132,501810
345787,345785
346533,345785
371293,370791
371444,370791
370570,370792
370791,370792
371104,370792
370790,370793
370792,370793
368839,370794
369874,370794
370793,370794
367521,370795
370794,370795
371814,370799
371452,370799
370799,370800
371451,370800
370074,370802
370264,370802
370802,370803
370963,370803
370803,370804
371309,370804
368153,370806
370600,370806
371632,370807
370806,370807
372389,370808
370807,370808
368915,370809
370808,370809
371633,370810
370809,370810
345790,345791
345992,345791
345138,345797
346383,345797
501583,501944
502882,501944
500989,501947
501801,501947
500990,501948
501947,501948
502447,501951
503594,501951
509291,501951
513468,501951
501951,501952
503598,501952
501599,501953
501952,501953
501953,501954
503590,501954
499943,501955
501954,501955
500263,501956
501955,501956
499433,501957
501956,501957
498656,501958
501957,501958
498195,501959
501958,501959
501959,501960
499226,501960
501960,501961
498863,501961
494839,501962
501961,501962
495029,501963
501962,501963
341660,345809
345808,345809
371296,370956
371449,370956
371133,370962
373164,370962
502883,502118
504294,502118
501626,502123
501969,502123
501970,502124
505335,502124
502124,502125
502495,502125
501003,502126
502125,502126
501004,502127
502126,502127
305923,367685
367684,367685
371599,371105
371808,371105
371448,371109
371606,371109
371811,371112
371611,371112
371112,371113
371116,371113
371113,371114
371610,371114
370957,371115
371114,371115
370256,371119
371612,371119
369580,371120
371119,371120
371453,371121
372068,371121
370436,371126
371303,371126
264589,266379
265285,266379
501799,502284
501946,502284
501265,502286
502707,502286
502304,502298
503468,502298
502298,502299
503061,502299
501005,502300
502299,502300
501811,502301
502300,502301
502301,502302
503060,502302
500440,502303
502302,502303
370590,371302
371122,371302
371457,371304
372074,371304
388612,389568
389567,389568
503458,502450
506735,502450
501445,502451
502450,502451
502292,502452
502451,502452
501804,502453
502452,502453
499944,502454
502453,502454
500790,502455
502454,502455
500275,502456
502455,502456
497089,502457
502456,502457
497091,502458
502457,502458
497726,502459
502458,502459
496116,502460
502459,502460
495036,502461
502460,502461
494503,502462
502461,502462
492969,502463
502462,502463
490981,502464
502463,502464
493647,502465
502464,502465
488556,502466
502465,502466
492754,502467
502466,502467
490471,502468
502467,502468
495235,502469
502468,502469
491092,502470
502469,502470
490175,502471
502470,502471
487660,502472
502471,502472
488192,502473
502472,502473
483145,502474
502473,502474
489549,502475
502474,502475
490177,502476
502475,502476
490178,502477
502476,502477
486569,502478
502477,502478
491097,502479
502478,502479
488851,502480
502479,502480
486144,502481
487661,502481
502480,502481
486021,502482
502481,502482
485464,502483
502482,502483
486414,502484
502483,502484
484514,502485
502484,502485
486145,502486
502485,502486
483151,502487
502486,502487
483844,502488
502487,502488
482572,502489
502488,502489
482084,502490
502489,502490
481453,502491
502490,502491
483152,502492
502491,502492
501967,502493
502709,502493
501617,502494
502493,502494
372072,371455
372073,371455
371816,371456
371455,371456
372569,371458
372570,371458
371458,371459
372385,371459
371131,371460
371459,371460
370955,371601
371447,371601
370797,371602
371601,371602
371602,371603
372552,371603
371107,371604
371603,371604
371810,371605
371604,371605
371815,371615
371302,371615
371123,371616
371615,371616
370593,371617
371616,371617
371617,371618
372383,371618
371618,371619
372567,371619
370070,371620
371619,371620
371620,371621
371627,371621
371124,371622
371621,371622
371125,371623
371622,371623
371623,371624
373156,371624
373325,371625
371624,371625
371454,371626
371625,371626
503450,502701
503559,502701
371631,371632
372256,371632
501968,502710
502295,502710
503601,502712
503602,502712
497226,498854
500988,498854
498854,498855
500090,498855
498855,498856
498505,498856
498856,498857
500573,498857
500089,498858
498857,498858
498858,498859
499604,498859
500254,498860
498859,498860
498860,498861
500088,498861
500101,498866
500580,498866
371813,371812
371117,371812
372069,371815
372382,371815
370804,371820
372255,371820
373352,371821
371820,371821
371825,371822
371821,371822
371822,371823
373165,371823
371823,371824
373813,371824
371826,371825
371310,371825
503560,503046
504297,503046
501798,503047
503046,503047
503047,503048
503561,503048
503452,503049
504754,503049
502702,503050
503049,503050
503455,503054
504576,503054
501270,503055
503054,503055
502894,503056
503055,503056
371108,372063
371294,372063
371614,372065
372250,372065
372065,372066
372973,372066
372071,372070
372803,372070
369108,372078
372577,372078
372078,372079
374777,372079
372077,372080
372079,372080
370810,372081
372080,372081
502710,503272
503281,503272
505002,503272
506339,503272
501447,503273
503272,503273
501446,503274
503273,503274
503274,503275
504436,503275
503275,503276
504435,503276
502294,503277
503276,503277
503277,503278
504758,503278
502122,503279
503278,503279
501129,503280
503279,503280
502713,503283
502901,503283
503466,503283
503283,503284
505500,503284
371299,372247
370058,372247
372247,372248
372972,372248
371450,372249
371613,372249
372254,372255
372981,372255
372062,372372
372962,372372
371446,372373
372372,372373
370796,372374
372373,372374
371445,372375
372374,372375
502895,503456
503826,503456
503456,503457
504425,503457
504565,503563
504751,503563
503563,503564
504984,503564
502884,503565
503564,503565
502287,503566
503267,503566
501948,503567
505329,503567
503567,503568
504419,503568
503568,503569
504988,503569
502887,503570
503569,503570
500575,503571
503570,503571
500257,503572
503571,503572
500258,503573
501597,503573
503572,503573
499785,503574
503573,503574
501598,503575
503574,503575
499608,503576
503575,503576
503576,503577
499222,503577
502289,503578
503577,503578
501802,503579
503578,503579
501266,503580
503579,503580
503580,503581
499942,503581
501441,503582
503581,503582
500991,503583
503582,503583
500259,503584
503583,503584
497390,503585
503584,503585
500992,503586
503585,503586
499432,503587
503586,503587
500091,503588
503587,503588
499609,503589
503588,503589
499786,503590
500092,503590
503589,503590
504573,503595
503599,503595
504422,503596
503595,503596
504994,503596
503053,503597
503596,503597
501964,503598
503597,503598
503454,503600
504574,503600
503606,503604
505167,503604
503604,503605
505336,503605
371597,372547
371806,372547
371605,372553
372063,372553
372553,372554
373496,372554
373497,372555
372554,372555
371295,372556
372555,372556
372556,372557
372787,372557
371109,372558
372557,372558
370428,372559
372558,372559
369878,372560
372559,372560
369877,372561
372560,372561
372387,372574
372076,372574
371630,372575
372574,372575
372578,372577
372804,372577
372082,372578
372083,372578
503829,503827
505492,503827
503459,503828
504426,503828
502896,503829
503828,503829
503284,503836
504763,503836
502900,503837
503836,503837
502123,503838
503837,503838
503465,503839
503838,503839
371600,372782
371809,372782
372376,372783
372782,372783
372783,372784
373298,372784
374180,372784
372784,372785
375086,372785
373151,372786
374185,372786
372244,372787
372786,372787
372380,372789
373306,372789
372789,372790
372796,372790
372790,372791
372797,372791
372562,372792
372791,372792
372792,372793
372798,372793
371297,372794
371298,372794
372793,372794
372794,372795
372967,372795
372800,372799
373311,372799
373505,372804
373166,372804
373296,372960
373757,372960
372960,372961
374332,372961
371812,372968
372795,372968
372563,372969
372968,372969
372564,372970
372969,372970
373768,373152
374186,373152
372379,373153
373152,373153
372246,373154
373153,373154
372568,373158
373809,373158
373158,373159
374340,373159
373329,373161
372572,373161
373161,373162
373989,373162
373162,373163
374216,373163
372388,373165
372576,373165
519133,504298
515069,504298
504298,504299
504755,504299
502705,504300
504299,504300
503050,504301
504300,504301
501127,504302
498861,504302
504301,504302
502120,504303
504302,504303
500780,504304
504303,504304
502885,504305
504304,504305
499426,504306
501440,504306
504305,504306
500983,504307
504306,504307
499221,504308
504307,504308
500572,504309
504308,504309
498650,504310
504309,504310
497712,504311
504310,504311
498649,504312
504311,504312
496432,504313
504312,504313
501592,504314
504313,504314
496256,504315
504314,504315
496104,504316
504315,504316
494814,504317
504316,504317
494015,504318
504317,504318
494162,504319
504318,504319
492948,504320
504319,504320
495604,504321
504320,504321
490976,504322
504321,504322
492406,504323
504322,504323
492405,504324
504323,504324
491550,504325
504324,504325
489030,504326
504325,504326
488833,504327
504326,504327
489023,504328
504327,504328
486562,504329
504328,504329
486712,504330
504329,504330
486138,504331
504330,504331
484499,504332
504331,504332
485593,504333
504332,504333
483106,504334
504333,504334
484495,504335
504334,504335
504335,504336
479952,504336
484049,504337
504336,504337
484048,504338
504337,504338
481906,504339
504338,504339
480133,504340
504339,504340
493473,504341
504340,504341
479062,504342
504341,504342
478148,504343
504342,504343
479061,504344
504343,504344
504344,504345
478303,504345
504345,504346
477592,504346
476471,504347
504346,504347
475636,504348
504347,504348
474255,504349
504348,504349
474996,504350
504349,504350
473970,504351
504350,504351
474254,504352
504351,504352
472845,504353
504352,504353
472337,504354
473294,504354
473614,504354
504353,504354
472675,504355
504354,504355
471681,504356
504355,504356
470592,504357
504356,504357
472674,504358
504357,504358
471063,504359
504358,504359
472154,504360
504359,504360
471679,504361
504360,504361
470428,504362
471532,504362
504361,504362
469344,504363
504362,504363
469345,504364
504363,504364
504364,504365
469028,504365
504365,504366
470760,504366
504366,504367
467885,504367
504367,504368
469348,504368
504368,504369
465791,504369
504369,504370
468497,504370
504370,504371
467768,504371
466294,504372
504371,504372
504372,504373
466444,504373
464770,504374
465417,504374
504373,504374
504374,504375
471363,504375
504375,504376
463102,504376
504376,504377
462047,504377
504377,504378
463552,504378
504378,504379
461535,504379
504379,504380
460337,504380
460935,504380
504380,504381
461131,504381
504381,504382
458332,504382
459439,504382
460796,504383
504382,504383
460035,504384
504383,504384
504384,504385
461678,504385
458954,504386
504385,504386
373314,373315
375090,373315
458956,504388
460936,504388
504387,504388
504388,504389
461134,504389
504389,504390
459582,504390
504390,504391
458333,504391
504391,504392
456393,504392
504392,504393
458477,504393
504393,504394
457622,504394
504395,504396
456582,504396
504396,504397
460188,504397
504397,504398
456265,504398
504398,504399
455303,504399
456266,504401
504400,504401
373351,373330
372575,373330
373330,373331
370263,373331
456862,504404
504403,504404
458479,504405
504404,504405
455627,504406
504405,504406
373334,373335
369894,373335
373335,373336
368907,373336
457915,504409
504408,504409
459077,504410
504409,504410
459440,504411
504410,504411
460193,504412
504411,504412
460800,504413
461138,504413
504412,504413
462466,504414
504413,504414
461679,504415
504414,504415
461538,504416
504415,504416
373344,373345
364710,373345
464174,504418
504417,504418
362195,373347
373346,373347
502446,504420
503268,504420
361270,373349
373348,373349
373811,373351
374217,373351
393969,373353
372081,373353
373353,373354
372982,373354
375276,373354
373354,373355
376293,373355
373355,373356
375275,373356
373356,373357
373814,373357
371824,373358
373357,373358
375101,373358
373358,373359
380108,373359
373359,373360
377125,373360
373360,373361
390807,373361
373361,373362
375671,373362
373362,373363
375427,373363
373363,373364
373990,373364
373364,373365
375902,373365
373365,373366
376292,373366
373366,373367
376958,373367
373367,373368
377317,373368
373368,373369
377989,373369
372551,373489
373488,373489
372377,373490
373489,373490
372965,373491
373490,373491
374760,373493
373492,373493
503592,504566
505159,504566
374762,373495
374500,373495
374634,373495
504420,504568
504567,504568
503593,504570
504569,504570
504570,504571
503052,504571
503056,504578
505000,504578
507295,504579
509154,504579
501625,504581
511047,504581
504581,504582
506340,504582
504580,504583
504582,504583
502899,504584
504583,504584
500794,504585
501807,504585
504584,504585
504585,504586
499949,504586
503833,504587
504586,504587
503282,504588
504587,504588
504588,504589
504762,504589
503464,504590
504589,504590
502296,504591
504590,504591
500105,504592
504591,504592
499055,504593
500793,504593
504592,504593
498515,504594
504593,504594
499946,504595
504594,504595
498665,504596
504595,504596
497240,504597
504596,504597
495040,504598
504597,504598
496123,504599
504598,504599
496122,504600
504599,504600
495959,504601
504600,504601
494301,504602
504601,504602
493890,504603
504602,504603
411415,411797
412008,411797
542391,542875
542874,542875
503451,504750
504752,504750
542032,542877
542556,542877
410946,411806
411805,411806
505836,504758
505164,504758
505003,504760
505496,504760
504760,504761
505651,504761
504759,504762
504761,504762
543381,542879
543891,542879
542396,542880
542879,542880
542709,542881
542880,542881
372781,373758
373484,373758
373758,373759
374333,373759
373485,373760
373759,373760
372548,373761
372963,373761
373761,373762
373764,373762
373762,373763
375634,373763
372550,373765
372964,373765
373486,373766
373765,373766
378601,373769
372970,373769
372971,373770
373769,373770
375662,373771
373770,373771
371118,373772
373771,373772
375263,373773
373772,373773
373155,373774
373773,373774
372381,373775
373774,373775
373775,373776
375421,373776
373776,373777
374335,373777
371120,373778
373777,373778
375264,373779
373778,373779
372248,373780
373779,373780
373780,373781
374336,373781
373781,373782
374765,373782
372064,373783
373782,373783
373309,373784
373783,373784
372249,373785
373784,373785
373785,373786
374187,373786
373786,373787
373805,373787
371300,373788
373787,373788
373788,373789
373981,373789
373310,373790
373789,373790
372799,373791
373790,373791
369887,373792
373791,373792
372066,373793
373792,373793
370798,373794
373793,373794
370059,373795
373794,373795
369755,373796
373795,373796
366415,373797
369096,373797
373796,373797
370063,373798
373797,373798
367310,373799
373798,373799
366269,373800
373799,373800
364845,373801
373800,373801
364703,373802
373801,373802
366585,373803
373802,373803
366756,373804
373803,373804
368152,368153
369896,368153
505158,504987
505478,504987
503591,504988
504987,504988
502893,504996
504995,504996
503825,504999
504577,504999
504999,505000
505333,505000
504437,505004
504438,505004
505004,505005
505497,505005
505005,505006
506519,505006
505006,505007
506203,505007
374630,373971
374757,373971
374518,373987
375098,373987
374519,373988
375901,373988
373988,373989
377122,373989
505157,505152
505641,505152
506503,505152
505151,505153
505152,505153
503823,505154
505153,505154
503822,505155
505154,505155
503266,505156
505155,505156
388072,388065
389368,388065
375269,374187
374507,374187
374766,374187
373323,374191
373324,374191
373983,374192
374191,374192
373984,374194
374338,374194
373159,374196
374769,374196
373326,374197
374196,374197
372980,374198
374197,374198
373160,374199
374198,374199
374199,374200
374770,374200
375669,374201
374200,374201
374201,374202
375097,374202
374202,374203
377121,374203
377466,374203
378618,374204
374203,374204
374204,374205
377650,374205
374205,374206
377651,374206
374206,374207
374514,374207
374207,374208
374515,374208
374208,374209
374341,374209
374209,374210
376808,374210
374210,374211
376957,374211
374211,374212
374516,374212
374212,374213
374771,374213
374213,374214
376809,374214
503566,505326
505990,505326
507427,505326
503824,505327
505326,505327
504986,505328
505327,505328
504756,505329
505328,505329
373756,374328
374177,374328
374328,374329
375589,374329
504575,505483
505482,505483
505483,505484
506331,505484
506511,505484
505486,505485
506192,505485
505993,505492
506513,505492
390085,390086
390938,390086
376019,374494
376457,374494
373973,374497
374496,374497
372549,374498
374497,374498
373977,374504
374503,374504
373978,374505
374504,374505
373979,374506
374505,374506
374508,374507
375089,374507
373499,374509
374188,374509
373500,374510
374189,374510
373327,374513
374512,374513
373985,374514
374513,374514
374772,374517
375670,374517
373503,374520
373812,374520
374520,374521
375426,374521
376042,374522
374521,374522
374522,374523
374773,374523
505645,505647
505646,505647
374495,374631
375083,374631
374631,374632
375084,374632
375667,374640
376039,374640
374640,374641
374642,374641
506185,505822
508082,505822
505822,505823
506326,505823
505823,505824
505980,505824
505824,505825
507418,505825
504981,505826
505825,505826
505826,505827
506327,505827
504982,505828
505827,505828
373487,374758
374181,374758
374758,374759
375258,374759
375267,374765
375268,374765
375096,374769
375900,374769
375429,374774
374778,374774
433446,433833
433447,433833
374775,374776
373504,374776
374218,374777
374776,374777
303757,302762
302761,302762
303164,302771
303432,302771
433843,433844
435569,433844
434191,433846
434887,433846
434192,433847
433846,433847
301615,302776
302775,302776
303323,302780
303768,302780
505828,505981
506501,505981
507761,505981
505981,505982
507763,505982
504749,505983
505982,505983
505325,505984
505983,505984
502443,505986
505985,505986
504295,505987
505986,505987
505007,505997
507122,505997
505165,505998
505997,505998
373297,375085
374179,375085
375420,375087
376283,375087
373315,375091
373317,375091
375664,375092
375091,375092
499424,499425
498651,499425
506903,506186
507421,506186
506186,506187
506502,506187
504983,506188
506187,506188
504564,506189
506188,506189
505648,506198
506334,506198
505649,506199
506198,506199
324831,324671
325300,324671
321513,324673
323624,324673
325307,324675
324674,324675
325156,324679
325157,324679
479200,477597
477596,477597
476933,477600
477994,477600
478336,477601
477600,477601
374635,375260
375419,375260
375260,375261
374501,375261
375265,375266
375893,375266
375266,375267
376035,375267
375422,375268
376285,375268
376036,375269
375894,375269
375270,375271
374337,375271
374195,375273
374339,375273
374768,375273
388793,387892
389909,387892
373760,375414
373763,375414
375414,375415
375416,375415
375663,375421
375892,375421
374509,375423
375271,375423
375423,375424
376471,375424
377115,375424
374637,375425
375424,375425
505833,506505
505479,506505
506504,506505
507428,506507
507593,506507
507291,506508
506510,506508
505162,506509
506508,506509
506190,506510
507120,506510
505332,506512
505487,506512
506333,506515
506514,506515
506195,506516
506515,506516
506516,506517
506736,506517
376614,375590
383654,375590
375590,375591
376794,375591
375591,375592
375626,375592
374178,375593
375592,375593
373483,375594
375593,375594
374494,375595
375594,375595
371805,375596
375595,375596
373970,375597
375596,375597
373971,375598
375597,375598
371102,375599
375598,375599
371442,375600
375599,375600
372370,375601
375600,375601
369872,375602
370046,375602
375601,375602
373148,375603
375602,375603
371595,375604
375603,375604
369088,375605
375604,375605
370047,375606
375605,375606
368606,375607
375606,375607
369747,375608
373295,375608
375607,375608
369570,375609
375608,375609
372961,375610
375609,375610
369378,375612
375611,375612
372061,375613
375612,375613
369873,375614
375613,375614
371292,375615
375614,375615
372243,375616
375615,375616
374632,375619
375618,375619
375255,375620
375619,375620
373150,375621
375620,375621
375256,375622
375621,375622
375085,375624
375623,375624
374633,375625
375624,375625
375629,375630
376212,375630
375630,375631
375632,375631
412267,412131
413490,412131
375635,375636
376020,375636
375636,375637
375639,375637
375637,375638
377450,375638
375261,375640
375887,375640
374502,375642
375641,375642
375642,375643
376465,375643
507108,506716
508587,506716
506716,506717
507286,506717
375645,375646
376623,375646
411251,412133
412132,412133
506719,506720
506904,506720
506720,506721
507109,506721
506721,506722
503562,506722
375650,375651
373154,375651
502284,506724
506723,506724
505642,506726
505831,506726
367087,375656
375655,375656
503457,506735
506734,506735
505644,506906
506194,506906
507604,506908
509299,506908
506200,506909
506908,506909
506909,506910
507304,506910
505001,506911
505494,506911
506910,506911
506518,506913
507606,506913
506913,506914
507785,506914
506914,506915
508778,506915
506915,506916
508289,506916
509301,506916
506520,506917
507789,506917
505652,506918
506917,506918
506204,506919
506918,506919
376031,375887
376617,375887
374764,375888
375659,375888
375088,375889
375888,375889
375273,375897
376290,375897
375095,375898
375897,375898
375094,375899
375898,375899
375100,375902
375274,375902
375428,375903
375905,375903
375903,375904
376476,375904
361856,361681
362326,361681
374219,374775
374774,374775
360735,361682
361681,361682
375627,376018
376941,376018
375254,376019
376018,376019
375259,376021
374499,376021
375417,376021
375418,376022
375886,376022
376022,376023
377307,376023
375885,376024
376023,376024
376024,376025
377306,376025
378582,376026
376025,376026
376026,376027
379049,376027
376027,376028
379300,376028
376028,376029
380415,376029
376029,376030
380784,376030
507115,507116
507592,507116
506727,507117
507116,507117
505832,507118
507117,507118
506730,507121
506332,507121
507123,507122
507607,507122
507788,507122
375625,376213
385657,376213
376213,376214
375415,376214
376214,376215
377640,376215
376215,376216
376277,376216
376216,376217
377107,376217
376217,376218
379595,376218
506728,507291
507290,507291
506731,507292
505991,507292
376220,376221
377797,376221
376221,376222
377449,376222
376222,376223
378118,376223
376224,376225
377108,376225
376225,376226
377974,376226
376226,376227
380783,376227
376227,376228
379048,376228
376228,376229
379737,376229
507301,507302
508286,507302
376230,376231
384938,376231
376231,376232
382027,376232
376232,376233
381876,376233
376233,376234
381696,376234
376234,376235
377803,376235
376235,376236
381547,376236
376236,376237
380645,376237
376237,376238
383073,376238
376238,376239
382858,376239
376030,376240
376239,376240
345263,346696
346695,346696
376241,376242
382859,376242
376242,376243
381548,376243
376243,376244
383076,376244
376244,376245
383918,376245
376245,376246
379740,376246
381697,376246
347230,346697
348878,346697
376247,376248
383286,376248
376248,376249
384116,376249
376249,376250
385101,376250
376251,376252
384628,376252
376253,376254
384348,376254
376254,376255
382029,376255
376255,376256
383787,376256
376256,376257
383457,376257
376257,376258
383788,376258
376258,376259
380254,376259
376259,376260
383458,376260
376260,376261
380787,376261
376261,376262
381393,376262
376262,376263
380416,376263
376263,376264
382374,376264
376265,376266
382375,376266
376266,376267
380258,376267
376267,376268
379920,376268
376268,376269
379054,376269
376269,376270
381549,376270
478579,477773
480149,477773
376271,376272
387112,376272
376272,376273
381550,376273
376273,376274
381698,376274
376274,376275
379310,376275
381699,376275
376275,376276
380789,376276
374759,376278
373493,376278
375883,376278
372785,376279
376278,376279
374761,376280
376021,376280
375884,376281
376280,376281
373494,376282
376281,376282
376807,376289
376956,376289
375668,376290
376289,376290
376959,376293
377126,376293
505988,507424
507951,507424
507287,507425
507424,507425
507591,507425
505989,507426
507425,507426
505829,507427
507426,507427
506512,507430
507292,507430
507293,507431
507430,507431
507431,507432
507440,507432
507770,507432
507432,507433
509497,507433
507433,507434
508772,507434
506193,507435
507434,507435
506906,507436
507435,507436
506732,507437
507436,507437
509874,507437
507437,507438
509498,507438
511194,507438
507438,507439
508589,507439
505488,507440
505489,507440
506905,507440
507771,507441
507958,507441
508285,507442
508775,507442
507442,507443
507960,507443
507306,507444
507786,507444
507793,507446
508296,507446
506524,507447
507446,507447
508102,507447
506000,507448
507447,507448
506741,507449
507448,507449
507449,507450
508101,507450
507450,507451
508596,507451
507451,507452
507614,507452
346724,346725
347051,346725
377105,376456
377302,376456
375879,376457
376456,376457
375880,376460
376461,376460
377110,376465
377309,376465
376804,376472
377119,376472
376472,376473
376629,376473
377314,376474
377464,376474
507767,507595
508090,507595
507595,507596
507598,507596
506191,507597
507596,507597
507605,507600
508288,507600
508593,507600
507600,507601
507783,507601
506201,507602
507601,507602
507602,507603
508777,507603
506335,507604
507603,507604
507307,507608
507609,507608
507613,507611
508100,507611
507611,507612
508099,507612
376611,376612
377445,376612
376612,376613
377789,376613
374329,376614
376613,376614
376466,376618
377641,376618
376618,376619
377310,376619
375657,376620
376619,376620
375658,376621
376620,376621
374636,376622
376621,376622
367519,368605
368604,368605
368904,368613
370064,368613
507419,507760
507947,507760
507588,507761
507760,507761
507949,507762
508963,507762
507762,507763
508432,507763
507590,507765
508277,507765
367312,368617
368616,368617
506517,507772
508592,507772
506196,507773
507772,507773
507773,507774
508093,507774
507774,507775
508094,507775
506737,507776
507775,507776
507776,507777
508439,507777
507777,507778
508284,507778
507298,507780
507443,507780
507779,507780
505647,507781
507780,507781
508455,507787
511796,507787
508293,507791
508457,507791
366292,368629
367101,368629
377647,376804
377648,376804
375277,376814
376815,376814
508458,507965
508595,507965
507792,507966
507965,507966
375891,376949
376948,376949
376033,376950
376949,376950
376034,376951
376799,376951
376469,376952
376951,376952
376798,376953
376952,376953
507961,508097
508776,508097
507790,508098
508292,508098
376037,377115
376470,377115
377457,377116
377806,377116
377313,377117
377646,377117
375895,377118
377117,377118
376955,377119
377649,377119
377315,377120
377809,377120
376291,377121
377120,377121
509280,508276
509868,508276
508764,508279
509143,508279
323975,325013
325015,325013
400878,401004
401632,401004
376459,377303
376942,377303
376943,377304
377303,377304
376467,377311
376624,377311
377813,377316
378125,377316
509144,508436
509145,508436
512324,508440
514921,508440
508095,508441
508440,508441
507299,508442
508441,508442
507781,508443
508442,508443
504432,508444
508443,508444
505994,508445
508444,508445
503462,508446
508445,508446
504433,508447
508446,508447
504757,508448
508447,508448
502494,508449
508448,508449
501805,508450
508449,508450
502898,508451
508450,508451
507962,508453
508290,508453
508453,508454
509302,508454
508454,508455
508779,508455
376947,377453
377452,377453
377459,377460
377985,377460
376805,377461
377460,377461
377461,377462
377807,377462
376288,377463
377462,377463
378617,377466
378811,377466
508964,508587
509142,508587
507959,508590
510104,508590
507297,508591
508590,508591
508591,508592
508774,508592
373495,373496
374184,373496
377448,377640
378117,377640
376800,377642
376801,377642
377642,377643
377805,377643
377810,377650
378122,377650
381076,377652
379480,377652
377318,377654
378127,377654
376633,377655
377127,377655
507952,508761
509281,508761
507953,508762
508761,508762
507769,508770
508091,508770
508098,508781
509306,508781
508781,508782
509305,508782
508780,508783
508782,508783
507445,508784
508783,508784
506919,508785
508784,508785
508785,508786
509303,508786
508786,508787
510116,508787
510805,508788
508787,508788
509877,508789
509876,508789
508594,508790
508789,508790
507791,508791
508790,508791
507608,508792
508791,508792
506522,508793
508792,508793
506920,508794
508793,508794
506521,508795
508794,508795
505999,508796
508795,508796
505653,508797
508796,508797
505501,508798
508797,508798
504604,508799
508798,508799
503285,508800
503603,508800
508799,508800
502715,508801
508800,508801
502714,508802
508801,508802
502716,508803
508802,508803
501810,508804
508803,508804
501451,508805
508804,508805
508805,508806
499952,508806
499059,508807
499233,508807
508806,508807
502127,508808
508807,508808
500107,508809
508808,508809
503832,504432
504431,504432
508810,508811
500290,508811
377970,377789
379045,377789
375631,377792
377304,377792
376460,377793
377792,377793
378116,377795
379047,377795
376615,377796
377305,377796
377796,377797
377973,377797
375638,377798
376279,377798
377798,377799
379466,377799
377799,377800
378119,377800
376282,377801
377800,377801
377801,377802
379299,377802
377802,377803
380091,377803
377468,377814
378128,377814
377814,377815
379325,377815
377319,377816
377815,377816
376814,377817
377655,377817
508434,508965
508435,508965
508760,508966
508965,508966
508452,508968
509296,508968
376627,377979
377113,377979
377978,377980
377979,377980
377114,377982
377456,377982
377467,377987
377811,377987
377987,377988
379322,377988
508437,509146
508769,509146
509146,509147
509292,509147
509875,509149
509499,509149
508438,509150
509149,509150
507599,509151
509150,509151
506907,509152
509151,509152
507296,509153
508092,509153
509152,509153
505992,509154
509153,509154
508295,509158
508459,509158
508460,509159
508597,509159
508816,509160
509159,509160
508815,509161
509160,509161
376946,378119
377451,378119
377656,378129
377818,378129
498648,499940
499423,499940
511186,509282
512970,509282
508766,509283
509282,509283
510326,509283
508089,509284
509283,509284
508588,509285
509284,509285
509285,509286
507594,509286
508281,509287
509286,509287
507429,509288
509287,509288
506509,509289
509288,509289
504993,509290
509289,509290
366583,368871
368870,368871
508770,509293
511782,509293
499945,499944
500436,499944
508971,509298
510108,509298
510333,509298
508287,509299
509298,509299
510117,509305
510118,509305
510119,509306
509157,509306
508812,509308
508813,509308
499615,499948
499947,499948
500999,499949
499948,499949
518793,521815
521814,521815
510100,509490
512311,509490
508771,509495
509494,509495
509495,509496
510800,509496
509496,509497
511192,509497
510510,509498
510801,509498
509704,509504
511801,509504
508814,509505
509504,509505
513104,509506
509505,509506
509506,509507
511996,509507
509308,509508
509507,509508
509508,509509
510677,509509
509307,509511
509510,509511
508294,509512
509511,509512
507964,509513
509512,509513
507124,509514
509513,509514
507966,509515
509514,509515
507610,509516
509515,509516
506739,509517
509516,509517
505502,509518
509517,509518
506523,509519
509518,509519
505166,509520
509519,509520
503605,509521
509520,509521
503286,509522
503467,509522
509521,509522
502496,509523
509522,509523
501281,509524
502128,509524
509523,509524
501453,509525
509524,509525
500108,509526
509525,509526
500583,509527
509526,509527
500109,509528
509527,509528
499061,509529
509528,509529
499234,509530
509529,509530
498212,509531
509530,509531
494855,509532
509531,509532
496751,509533
509532,509533
498038,509534
509533,509534
498672,509535
499060,509535
509534,509535
508811,509536
509535,509536
498671,509537
509536,509537
498348,509538
509537,509538
496914,509539
509538,509539
496269,509540
509539,509540
496129,509541
509540,509541
495046,509542
509541,509542
494673,509543
509542,509543
494307,509544
509543,509544
494306,509545
509544,509545
493305,509546
509545,509546
493654,509547
509546,509547
492291,509548
492762,509548
509547,509548
495788,509549
509548,509549
491415,509550
509549,509550
491414,509551
509550,509551
489556,509552
509551,509552
491257,509553
509552,509553
490681,509554
509553,509554
489857,509555
509554,509555
488855,509556
509555,509556
488200,509557
509556,509557
488856,509558
509557,509558
487841,509559
509558,509559
485611,509560
509559,509560
490844,509561
509560,509561
486026,509562
509561,509562
485128,509563
509562,509563
484065,509564
509563,509564
487673,509565
509564,509565
482575,509566
509565,509566
488024,509567
509566,509567
480751,509568
480937,509568
509567,509568
481456,509569
509568,509569
479689,509570
509569,509570
483310,509571
509570,509571
479975,509572
509571,509572
479207,509573
509572,509573
478344,509574
509573,509574
477772,509575
509574,509575
477394,509576
509575,509576
478725,509577
509576,509577
477999,509578
509577,509578
477112,509579
509578,509579
476330,509580
509579,509580
481467,509581
509580,509581
475513,509582
509581,509582
475855,509583
509582,509583
473989,509584
509583,509584
483530,509585
509584,509585
471393,509586
509585,509586
471230,509587
509586,509587
470215,509588
509587,509588
472356,509589
509588,509589
468690,509590
470617,509590
509589,509590
468353,509591
509590,509591
468020,509592
509591,509592
469616,509593
509592,509593
467789,509594
509593,509594
468866,509595
509594,509595
467152,509596
509595,509596
468519,509597
509596,509597
467790,509598
509597,509598
466967,509599
509598,509599
467487,509600
509599,509600
464181,509601
509600,509601
464308,509602
509601,509602
464791,509603
509602,509603
461861,509604
509603,509604
463877,509605
509604,509605
461283,509606
509605,509606
462478,509607
509606,509607
460812,509608
509607,509608
460359,509609
509608,509609
461553,509610
509609,509610
461154,509612
509611,509612
461415,509613
509612,509613
460204,509614
509613,509614
458798,509615
509614,509615
459099,509616
509615,509616
458042,509617
458354,509617
509616,509617
458650,509618
509617,509618
458041,509619
509618,509619
457031,509620
509619,509620
456594,509621
509620,509621
456111,509622
509621,509622
455639,509623
509622,509623
454507,509624
509623,509624
453792,509625
509624,509625
452004,509626
509625,509626
453624,509627
509626,509627
453473,509628
509627,509628
454331,509629
455113,509629
509628,509629
449804,509630
509629,509630
452008,509631
509630,509631
450894,509632
509631,509632
449218,509633
509632,509633
447244,509634
509633,509634
446759,509635
509634,509635
451043,509636
509635,509636
446459,509637
509636,509637
447105,509638
509637,509638
451496,509639
509638,509639
446615,509640
509639,509640
447365,509641
509640,509641
446310,509642
447245,509642
509641,509642
445232,509643
509642,509643
446026,509644
509643,509644
443309,509645
509644,509645
443657,509646
509645,509646
443310,509647
509646,509647
446027,509648
509647,509648
444913,509649
509648,509649
444388,509650
509649,509650
445369,509651
509650,509651
444389,509652
509651,509652
442696,509653
509652,509653
443660,509654
509653,509654
442969,509655
509654,509655
442518,509656
509655,509656
442072,509657
509656,509657
440669,509658
509657,509658
441879,509659
509658,509659
442387,509660
509659,509660
441726,509661
509660,509661
440670,509662
509661,509662
439209,509663
509662,509663
438453,509664
509663,509664
378592,378593
373307,378593
439012,509666
509665,509666
378594,378595
373980,378595
375660,378596
378595,378596
378596,378597
376032,378597
373308,378598
378597,378598
435583,509671
509670,509671
509671,509672
445241,509672
378600,378601
375262,378601
437053,509674
509673,509674
435391,509675
509674,509675
378603,378604
377112,378604
378604,378605
376797,378605
378605,378606
379744,378606
433300,509679
509678,509679
432150,509680
509679,509680
379921,378609
380650,378609
378609,378610
379601,378610
378610,378611
379316,378611
378611,378612
379317,378612
377312,378613
378612,378613
378613,378614
376954,378614
429004,509687
509686,509687
429173,509688
509687,509688
428320,509689
509688,509689
427825,509690
509689,509690
427352,509691
509690,509691
427826,509692
509691,509692
509692,509693
425703,509693
425110,509695
509694,509695
428642,509696
509695,509696
423896,509697
509696,509697
422349,509698
509697,509698
422109,509699
509698,509699
419971,509700
509699,509700
420128,509701
509700,509701
419151,509702
509701,509702
418492,509703
509702,509703
509309,509704
517795,509704
508767,509870
509492,509870
510507,509870
508768,509871
509870,509871
509871,509872
510508,509872
509872,509873
511028,509873
376616,378804
378120,378804
509878,509877
510676,509877
509869,510100
512965,510100
509503,510111
511035,510111
510111,510112
510803,510112
510110,510113
510112,510113
377454,379052
377977,379052
379051,379053
379052,379053
379053,379054
379308,379054
380262,379056
380649,379056
378616,379058
379473,379058
377465,379059
379058,379059
510667,510322
512313,510322
508762,510323
510322,510323
510672,510327
512634,510327
510106,510328
510327,510328
508968,510329
510328,510329
507302,510330
510329,510330
506199,510331
510330,510331
510113,510334
511994,510334
509502,510335
510334,510335
506916,510336
510335,510336
507784,510337
510336,510337
510337,510338
510513,510338
510338,510339
511201,510339
509300,510340
510339,510340
513281,510340
510109,510341
510340,510341
510341,510342
511034,510342
513099,510343
510342,510343
510343,510344
513495,510344
510344,510345
514012,510345
510345,510346
513796,510346
510346,510347
511989,510347
377446,379294
379293,379294
378115,379295
379294,379295
377791,379296
379295,379296
379736,379297
380090,379297
377972,379298
379297,379298
378581,379299
377975,379299
378583,379301
376464,379301
378803,379302
379301,379302
379302,379303
379738,379303
379303,379304
380646,379304
377804,379305
378805,379305
377976,379306
379305,379306
378607,379309
376950,379309
379309,379310
379468,379310
377981,379312
379311,379312
377644,379313
379312,379313
378806,379314
379313,379314
379314,379315
379745,379315
378615,379318
379057,379318
379604,379324
380098,379324
378129,379326
379330,379326
380271,379327
379326,379327
379327,379328
379946,379328
378813,379329
379331,379329
380109,379330
379329,379330
379915,379465
380088,379465
377643,379470
379469,379470
347569,347235
348382,347235
378812,379478
379060,379478
379758,379480
379944,379480
346523,347236
347235,347236
379605,379482
380100,379482
478309,478310
479679,478310
478311,478312
480284,478312
478563,478314
478885,478314
510794,510659
511025,510659
510659,510660
511764,510660
510098,510661
510660,510661
507950,510662
510661,510662
507764,510663
510662,510663
376795,379594
379593,379594
511029,510672
511199,510672
511788,510672
511498,510678
511998,510678
492949,492739
493881,492739
510658,510794
511765,510794
509147,510797
509873,510797
510797,510798
510799,510798
511202,510805
511496,510805
378804,379739
378585,379739
379739,379740
380093,379740
380424,379753
380658,379753
379479,379754
379753,379754
377812,379755
379754,379755
378124,379756
379755,379756
376810,379757
379756,379757
380425,379762
379761,379762
379762,379763
379945,379763
380920,379916
379918,379916
379916,379917
381694,379917
379318,379922
382871,379922
378809,379923
379472,379923
379922,379923
379923,379924
380794,379924
379924,379925
382040,379925
378810,379926
379925,379926
380795,379926
379319,379927
379926,379927
381707,379927
379927,379928
379935,379928
377808,379929
379928,379929
376806,379930
379929,379930
377463,379931
379930,379931
375896,379932
379931,379932
380420,379933
379936,379933
379320,379934
379933,379934
380419,379935
379934,379935
380421,379937
379749,379937
379321,379938
379937,379938
379750,379939
379938,379939
377986,379940
379939,379940
380426,379946
381081,379946
511026,511025
511985,511025
510673,511030
511033,511030
510107,511031
511030,511031
509297,511032
511031,511032
508788,511037
512643,511037
511037,511038
512147,511038
510115,511039
511038,511039
508456,511040
511039,511040
508291,511041
511040,511041
507963,511042
511041,511042
509156,511043
511042,511043
507787,511044
511043,511044
507444,511045
511044,511045
506738,511046
511045,511046
505998,511047
511046,511047
510675,511048
511799,511048
511048,511049
512325,511049
511049,511050
512978,511050
511050,511051
513664,511051
379050,380092
379741,380092
379597,380093
380092,380093
379474,380095
379475,380095
379602,380095
381564,380102
382388,380102
379062,380103
380102,380103
380101,380104
380103,380104
378621,380105
379482,380105
380104,380105
377654,380106
380105,380106
376813,380107
380106,380107
376631,380108
380107,380108
511772,511183
511773,511183
510101,511184
511183,511184
508967,511185
511184,511185
510325,511186
511185,511186
509491,511188
511187,511188
511775,511190
514760,511190
511190,511191
511987,511191
511783,511193
512974,511193
509294,511194
511193,511194
512628,511195
512825,511195
510511,511196
511195,511196
511196,511197
511492,511197
510669,511198
511197,511198
511790,511201
511990,511201
510515,511208
512494,511208
455736,456579
455737,456579
456578,456579
455738,456582
455929,456582
456264,456582
339757,339999
339998,339999
325004,325512
324676,325512
325512,325513
325514,325513
324507,325516
326240,325516
324837,325518
325517,325518
380087,380249
381544,380249
379464,380250
380249,380250
325007,325519
325518,325519
379598,380252
379742,380252
380922,380253
380252,380253
380923,380254
380253,380254
325008,325520
325519,325520
380256,380258
380257,380258
369379,369211
371598,369211
325520,325521
327557,325521
380263,380264
380417,380264
456593,456594
457030,456594
324510,325523
325522,325523
383646,383647
384340,383647
379914,380408
381693,380408
380408,380409
380640,380409
380919,380410
380409,380410
380410,380411
380780,380411
381224,380643
381392,380643
379476,380655
380096,380655
379477,380656
380655,380656
379603,380657
379941,380657
511761,511762
512962,511762
510657,511763
511762,511763
510097,511764
511763,511764
512808,511764
512309,511767
512485,511767
512140,511768
511767,511768
510099,511769
511768,511769
511770,511771
512314,511771
510796,511772
511771,511772
512966,511773
512967,511773
511491,511776
512822,511776
510668,511777
511776,511777
511777,511778
512973,511778
510509,511779
511778,511779
510103,511780
511779,511780
509493,511781
511780,511781
511781,511782
513090,511782
511198,511784
511988,511784
510512,511785
511784,511785
510105,511786
511785,511786
512146,511792
512491,511792
511792,511793
511797,511793
510804,511794
511793,511794
511036,511795
511794,511795
510114,511796
511795,511796
510674,511798
510348,511798
511997,511800
512646,511800
516871,511800
511206,511801
511800,511801
381222,380781
381387,380781
381056,380783
381225,380783
379743,380787
380255,380787
512316,511988
512629,511988
511200,511989
511789,511989
380267,380927
381066,380927
381702,381058
382200,381058
381058,381059
381064,381059
380418,381060
380793,381060
381059,381060
379471,381061
381060,381061
380265,381062
381061,381062
378808,381063
381062,381063
380095,381067
380927,381067
381552,381070
381069,381070
381236,381072
381710,381072
381072,381073
381888,381073
381073,381074
381237,381074
381074,381075
380659,381075
381075,381076
379061,381076
382389,381080
381403,381080
381546,381224
381695,381224
379919,381226
380786,381226
380785,381227
381226,381227
511986,512310
513437,512310
512310,512311
513268,512311
512812,512312
512813,512312
512317,512318
513494,512318
512144,512319
523648,512319
512319,512320
513095,512320
512320,512321
512489,512321
510670,512322
512321,512322
511787,512323
512322,512323
509155,512324
512323,512324
382195,381390
381389,381390
381390,381391
382853,381391
380921,381392
381391,381392
380924,381396
381395,381396
380799,381401
380929,381401
513096,512488
513794,512488
512488,512489
513097,512489
511027,512313
512312,512313
381055,381545
381386,381545
381709,381553
383095,381553
381553,381554
382881,381554
381554,381555
380797,381555
381555,381556
380423,381556
381556,381557
379323,381557
381557,381558
378620,381558
381890,381561
381402,381561
381560,381562
381561,381562
381562,381563
381079,381563
381563,381564
379760,381564
511051,512640
511798,512640
512640,512641
513500,512641
512641,512642
513282,512642
512148,512643
512642,512643
512647,512646
516014,512646
512493,512647
512979,512647
523129,522349
523324,522349
523835,522349
520604,522355
522354,522355
517097,522361
522360,522361
514492,522367
522366,522367
382376,381701
383929,381701
382201,381704
382529,381704
381551,381705
381704,381705
381398,381706
381705,381706
380652,381707
381706,381707
382383,381709
381235,381709
381887,381709
381889,381712
381400,381712
510349,522373
522372,522373
513266,512809
513435,512809
512143,512816
512625,512816
512626,512821
512972,512821
512315,512824
512627,512824
390461,391313
390596,391313
381394,381878
381877,381878
381065,381885
381233,381885
381566,381891
382536,381891
512816,512968
513790,512968
514282,512968
512817,512969
512968,512969
511774,512970
512969,512970
512487,512971
512818,512971
387455,388066
388065,388066
513659,513095
514297,513095
513286,513103
514302,513103
513103,513104
513669,513104
381397,382034
381881,382034
382671,382036
382672,382036
381884,382037
382036,382037
382037,382038
382379,382038
381231,382039
382038,382039
381232,382040
382039,382040
513439,513270
512814,513270
382203,382204
381711,382204
381715,382206
382535,382206
513279,513280
513797,513280
512490,513281
513280,513281
512828,513283
513285,513283
511995,513284
512326,513284
513283,513284
515872,513440
513997,513440
515071,513440
513440,513441
512142,513441
513472,513441
513441,513442
513271,513442
512141,513443
513442,513443
513443,513444
510323,513444
508278,513445
513444,513445
513445,513446
508763,513446
513446,513447
511182,513447
513447,513448
510795,513448
513448,513449
510324,513449
513449,513450
508279,513450
513450,513451
507118,513451
513451,513452
508436,513452
513452,513453
505330,513453
513453,513454
505643,513454
382207,382386
382678,382386
382386,382387
381716,382387
381078,382388
382387,382388
506330,513463
513462,513463
504991,513464
513463,513464
505835,513465
504992,513465
513464,513465
504571,513466
513465,513466
504572,513467
513466,513467
501950,513468
513467,513468
512815,513469
513473,513469
513469,513470
514279,513470
512486,513471
513470,513471
511490,513472
513471,513472
516319,513477
517626,513477
512821,513478
513477,513478
513476,513479
513478,513479
512824,513480
513492,513480
513480,513481
514482,513481
513481,513482
513793,513482
513482,513483
515078,513483
418633,418634
418637,418634
513484,513485
515077,513485
515743,513485
513485,513486
516320,513486
513486,513487
517090,513487
513487,513488
517628,513488
515873,513489
513488,513489
513489,513490
514003,513490
513490,513491
515076,513491
513656,513492
514295,513492
512638,513497
512639,513497
512492,513498
513100,513498
382650,382514
383068,382514
382514,382515
383069,382515
382861,382519
383460,382519
382527,382522
383290,382522
382522,382523
383089,382523
381882,382524
382523,382524
382524,382525
382669,382525
381230,382526
382525,382526
418646,418638
419471,418638
382884,382534
383097,382534
523511,522508
523323,522508
391592,391439
392125,391439
390458,391440
391439,391440
392656,391440
523513,522513
522512,522513
513995,513653
514473,513653
513436,513654
513653,513654
522515,522516
521659,522516
512827,513663
513499,513663
513284,513665
513802,513665
513665,513666
514490,513666
513102,513667
513666,513667
383461,382654
384631,382654
382520,382655
382654,382655
382030,382656
382655,382656
383088,382658
383462,382658
382658,382659
383087,382659
382032,382660
382659,382660
382033,382661
382660,382661
380261,382662
382661,382662
380648,382663
382662,382663
380790,382664
382663,382664
382377,382665
383931,382665
382034,382666
382665,382666
382035,382667
382666,382667
382667,382668
384121,382668
382532,382675
384358,382675
514480,513791
515074,513791
512823,513793
513092,513793
514491,513802
514623,513802
382369,382851
382652,382851
382851,382852
383281,382852
382517,382856
382855,382856
383465,382864
383466,382864
382528,382865
382864,382865
382670,382866
382865,382866
382378,382867
382866,382867
381703,382868
382867,382868
381883,382869
382868,382869
380651,382870
382869,382870
380266,382871
382870,382871
382041,382876
382875,382876
382382,382877
382876,382877
382877,382878
383293,382878
383295,382879
383467,382879
387272,382879
513788,513993
514900,513993
513993,513994
514472,513994
512964,513995
513994,513995
514479,514000
514612,514000
512819,514001
512971,514001
513089,514001
514000,514001
513272,514003
513091,514003
514483,514012
514621,514012
383285,383070
383786,383070
383070,383071
384115,383071
383071,383072
383916,383072
382197,383073
383072,383073
384347,383074
384795,383074
383074,383075
384626,383075
383075,383076
384483,383076
382518,383080
383079,383080
383080,383081
383793,383081
383081,383082
383923,383082
382653,383083
383082,383083
383083,383084
383459,383084
382199,383085
383084,383085
381700,383086
383085,383086
383934,383090
384801,383090
383091,383092
383468,383092
382674,383093
383092,383093
383469,383094
383800,383094
383094,383095
383296,383095
512961,514275
513992,514275
515242,514275
513787,514276
514275,514276
513652,514277
514276,514277
514277,514278
515380,514278
513088,514281
514759,514281
513999,514282
514281,514282
514001,514283
516861,514283
514283,514284
515996,514284
513791,514285
514284,514285
513474,514286
514285,514286
511188,514287
514286,514287
510798,514288
514287,514288
514288,514289
514907,514289
513792,514290
514289,514290
511189,514291
514290,514291
510102,514292
514291,514292
507768,514293
514292,514293
514010,514298
515254,514298
513278,514299
514298,514299
513098,514300
514299,514300
513661,514301
513799,514301
383280,383276
383913,383276
384477,383276
382515,383277
383276,383277
381388,383278
383277,383278
381223,383279
383278,383279
382651,383280
382850,383280
382857,383283
383785,383283
382373,383284
383283,383284
383284,383285
383915,383285
382860,383286
383919,383286
382384,383297
382385,383297
382882,383298
383297,383298
382888,383301
383478,383301
384495,383302
383301,383302
383302,383303
383664,383303
514474,514473
516638,514473
513438,514476
514475,514476
513269,514477
514476,514477
513667,514484
515258,514484
513101,514485
514484,514485
513501,514486
514485,514486
516006,514487
514486,514487
514487,514488
514769,514488
515876,514488
514016,514489
514488,514489
382511,383451
382649,383451
382512,383452
383451,383452
382863,383463
383658,383463
384122,383463
383936,383467
384949,383467
384158,383471
384951,383471
382677,383472
383471,383472
382533,383473
383472,383473
382205,383474
383473,383474
381712,383475
382043,383475
383474,383475
380798,383476
383475,383476
382886,383477
383663,383477
389371,391600
391599,391600
388791,391601
391600,391601
389370,391602
391601,391602
516000,514614
514004,514614
513657,514615
514614,514615
514005,514616
514615,514616
514616,514617
515251,514617
514006,514618
514617,514618
391125,391606
391605,391606
526973,522679
522678,522679
522682,522683
524181,522683
391611,391612
392298,391612
521977,522685
522337,522685
391131,391614
391613,391614
521643,522689
522342,522689
522145,522690
522689,522690
391624,391619
392140,391619
391619,391620
390105,391620
390957,391620
381545,383643
382368,383643
384615,383643
383643,383644
384109,383644
383450,383645
383644,383645
383645,383646
384108,383646
391620,391621
389750,391621
382367,383648
383647,383648
381385,383649
383648,383649
380250,383650
383649,383650
379913,383651
383650,383651
379292,383652
383651,383652
379046,383653
383652,383653
377790,383654
383653,383654
382516,383655
383455,383655
383795,383657
384945,383657
518966,522696
522695,522696
526473,522697
522696,522697
456280,457164
456755,457164
514622,514768
514767,514768
325504,326095
326094,326095
513660,522707
513795,522707
522706,522707
510802,522709
522708,522709
382852,383774
383655,383774
383774,383775
384346,383775
383775,383776
384478,383776
384927,383777
383776,383777
383777,383778
385661,383778
508096,522715
522714,522715
383779,383780
385096,383780
383780,383781
386472,383781
383781,383782
385662,383782
384481,383786
384482,383786
383078,383790
383789,383790
382198,383791
383790,383791
382872,383799
383291,383799
503463,522721
522720,522721
282588,282423
282898,282423
514280,514901
515247,514901
513998,514902
514901,514902
514758,514904
514903,514904
514904,514905
515381,514905
514481,514906
515250,514906
515563,514906
515997,514907
514906,514907
514761,514908
516001,514908
516480,514908
514909,514910
517769,514910
514762,514911
514910,514911
513493,514912
514911,514912
512826,514913
514912,514913
512630,514914
514913,514914
511786,514915
514914,514915
511493,514916
514915,514916
509500,514917
514916,514917
509501,514918
514917,514918
511494,514919
514918,514919
511495,514920
514919,514920
509295,514921
514920,514921
513496,514924
513798,514924
514923,514925
514924,514925
514925,514926
515257,514926
514766,514927
514926,514927
515260,514929
516011,514929
383453,383912
383911,383912
384344,383913
384793,383913
383282,383914
383456,383914
384353,383926
384487,383926
383925,383927
383926,383927
383289,383928
383927,383928
382521,383929
383928,383929
384649,383938
385343,383938
383660,383939
383938,383939
382880,383940
383939,383940
383659,383941
383940,383941
383801,383943
384955,383943
383300,383944
383943,383944
515988,515052
516312,515052
516639,515052
513789,515053
515052,515053
515053,515054
515243,515054
513267,515055
515054,515055
513654,515056
515055,515056
512811,515057
515056,515057
512623,515058
515057,515058
511489,515059
515058,515059
510664,515060
515059,515060
511769,515061
515060,515061
510665,515062
515061,515062
509490,515063
515062,515063
508966,515064
515063,515064
508433,515065
515064,515065
507765,515066
515065,515066
507423,515067
515066,515067
504985,515068
515067,515068
503453,515069
515068,515069
514477,515070
515246,515070
514478,515071
515070,515071
513273,515077
514294,515077
479064,479065
479954,479065
478714,479071
479070,479071
383464,384123
383932,384123
383933,384124
384123,384124
384124,384125
384127,384125
384125,384126
384640,384126
385671,384128
386947,384128
390272,384128
384128,384129
384948,384129
382673,384130
384129,384130
384131,384132
384354,384132
381885,384133
384132,384133
381234,384134
384133,384134
383090,384135
384134,384135
380925,384136
384135,384136
382530,384137
384136,384137
380926,384138
384137,384138
380653,384139
384138,384139
382531,384140
384139,384140
382381,384141
384140,384141
381399,384142
384141,384142
380654,384143
384142,384143
379752,384144
384143,384144
379751,384145
384144,384145
379059,384146
384145,384146
379940,384147
384146,384147
376630,384148
384147,384148
375899,384149
384148,384149
376474,384150
384149,384150
379932,384151
384150,384151
375093,384152
384151,384152
374193,384153
374194,384153
384152,384153
383096,384155
383942,384155
384159,384157
384953,384157
383661,384158
384157,384158
515245,515246
515989,515246
515259,515258
516160,515258
514928,515259
515568,515259
504296,505985
505984,505985
383778,383779
385985,383779
515874,515383
516322,515383
515383,515384
515747,515384
383454,384342
384343,384342
382878,384355
384647,384355
383294,384356
384355,384356
383782,383783
387875,383783
383910,384473
384341,384473
384473,384474
384476,384474
384474,384475
385470,384475
384925,384477
385095,384477
384926,384478
384345,384478
514278,515557
516144,515557
516470,515557
515557,515558
515868,515558
383298,384491
384651,384491
384957,384493
384958,384493
384493,384494
384956,384494
515082,515569
515388,515569
516009,515570
515569,515570
515570,515571
516495,515571
515081,515572
515571,515572
347599,348077
349047,348077
350185,348077
390591,391779
391579,391779
391314,391781
391607,391781
384791,384614
385321,384614
382648,384615
383275,384615
384614,384615
384924,384616
384342,384616
384923,384617
384616,384617
384110,384618
384617,384618
384111,384619
384112,384619
383914,384620
385324,384620
384114,384621
384620,384621
384621,384622
385474,384622
384940,384623
384622,384623
384623,384624
384625,384624
385335,384632
385336,384632
383924,384633
384632,384633
382657,384634
384633,384634
384486,384635
384946,384635
384800,384639
385992,384639
384154,384641
385339,384641
384641,384642
385124,384642
383292,384643
384642,384643
383935,384644
384643,384644
384644,384645
384802,384645
384645,384646
386778,384646
384646,384647
385340,384647
384490,384650
384950,384650
383470,384651
384650,384651
515072,515740
515248,515740
515740,515741
515992,515741
516862,515743
517629,515743
391791,391792
392141,391792
516003,515749
516323,515749
391792,391793
392142,391793
392667,391793
391793,391794
391135,391794
391794,391795
391986,391795
391625,391796
391795,391796
413953,413657
414406,413657
384120,384798
384797,384798
514757,515871
515870,515871
515561,515872
515871,515872
515990,515872
384491,384803
387279,384803
384654,384805
385131,384805
383945,384806
384805,384806
442374,442504
442503,442504
516145,515988
516310,515988
516317,515993
516475,515993
515993,515994
517088,515994
515994,515995
515073,515995
384792,384924
385658,384924
384113,384929
384928,384929
384929,384930
382856,384930
384930,384931
384939,384931
384931,384932
382371,384932
516007,516005
516492,516005
382372,384934
384933,384934
381875,384936
384935,384936
384936,384937
383656,384937
382196,384938
384937,384938
384484,384942
384627,384942
384942,384943
386116,384943
384952,384951
385999,384951
516146,516145
517755,516145
515382,516152
515745,516152
516152,516153
516646,516153
515746,516154
516153,516154
516650,516156
516651,516156
516325,516158
517096,516158
516158,516159
516865,516159
516159,516160
516493,516160
384479,385098
385097,385098
384349,385103
384629,385103
385103,385104
385664,385104
384350,385105
385104,385105
384485,385107
385106,385107
384351,385108
385107,385108
387890,385111
387467,385111
385111,385112
385670,385112
385112,385113
386257,385113
384947,385114
385113,385114
384488,385115
385114,385115
384639,385116
385115,385116
382668,385117
385116,385117
383463,385118
385117,385118
381229,385119
385118,385119
382526,385120
385119,385120
379748,385121
385120,385121
378807,385122
385121,385122
385993,385123
386121,385123
385344,385127
385836,385127
384156,385128
385127,385128
383299,385129
385128,385129
382676,385130
385129,385130
335186,335801
335800,335801
516853,516310
516854,516310
516314,516311
517079,516311
517758,516311
513996,516312
516311,516312
516147,516313
517444,516313
515244,516314
516313,516314
516478,516318
517627,516318
515566,516319
516318,516319
371111,370053
370052,370053
384920,385319
384921,385319
385319,385320
385469,385320
385472,385322
385823,385322
385322,385323
385473,385323
385323,385324
384480,385324
383917,385327
385476,385327
385327,385328
386115,385328
384941,385329
385328,385329
385329,385330
386927,385330
385667,385337
386478,385337
516309,516468
518250,516468
516468,516469
516852,516469
515379,516470
516469,516470
515562,516471
516148,516471
516471,516472
517086,516472
516316,516473
516472,516473
516473,516474
517766,516474
515742,516477
515998,516477
516645,516479
517237,516479
516321,516480
516479,516480
521512,516481
521658,516481
516481,516482
524032,516482
515255,516483
516482,516483
514619,516484
516483,516484
514765,516485
516484,516485
514300,516486
516485,516486
512636,516487
516486,516487
516008,516494
516653,516494
517776,516494
385485,385484
385837,385484
517094,516645
517768,516645
515875,516648
515750,516648
515256,516649
516648,516649
386111,385624
386471,385624
385471,385625
385624,385625
383452,385626
385625,385626
384922,385627
385626,385627
383912,385628
385627,385628
384618,385629
385628,385629
382513,385630
385629,385630
381874,385631
385630,385631
381221,385632
385631,385632
380413,385633
385632,385633
379594,385634
385633,385634
380641,385635
380781,385635
385634,385635
377793,385636
385635,385636
379734,385637
385636,385637
377639,385638
385637,385638
379735,385640
385639,385640
380782,385641
385640,385641
377106,385642
385641,385642
377447,385643
385642,385643
380642,385644
385643,385644
376944,385645
385644,385645
379465,385646
385645,385646
380089,385647
385646,385647
380414,385648
385647,385648
376462,385649
385648,385649
376463,385650
385649,385650
377971,385651
379917,385651
385650,385651
375633,385652
385651,385652
375881,385653
385652,385653
375882,385654
385653,385654
379298,385655
385654,385655
377795,385656
385655,385656
376945,385657
385656,385657
385110,385669
385668,385669
386260,385673
386486,385673
385673,385674
386261,385674
384648,385675
385674,385675
386125,385677
386126,385677
385126,385678
385677,385678
385676,385679
385678,385679
383937,385680
385679,385680
517083,516855
517618,516855
516855,516856
517619,516856
516474,516857
517087,516857
515741,516858
516857,516858
516858,516859
517228,516859
516859,516860
517229,516860
515249,516861
516860,516861
518420,516866
521276,516866
516010,516867
516866,516867
516867,516868
519307,516868
514929,516869
516868,516869
514303,516870
516869,516870
513105,516871
516870,516871
384794,385825
385663,385825
385102,385828
385332,385828
385827,385829
385828,385829
386485,385832
386948,385832
385334,385989
385831,385989
385989,385990
386772,385990
385333,385991
385990,385991
385482,385998
385835,385998
515560,517077
515987,517077
515869,517078
517077,517078
516315,517084
516641,517084
517084,517085
517762,517085
518600,517087
518791,517087
515744,517091
517630,517091
517091,517092
518098,517092
517092,517093
517233,517093
384790,386109
386924,386109
386253,386111
386764,386111
386932,386120
387118,386120
385480,386127
385996,386127
436366,435728
438259,435728
517232,517230
517767,517230
516643,517231
517230,517231
516644,517234
517631,517234
305902,304659
306705,304659
518963,517236
519439,517236
517236,517237
517632,517237
305702,304661
304660,304661
386112,386253
386765,386253
386774,386257
386933,386257
386000,386264
387285,386264
385682,386265
386264,386265
386265,386266
387284,386266
385681,386267
386266,386267
339028,340203
340202,340203
457463,457605
457604,457605
455460,457611
457610,457611
518260,517446
518413,517446
517446,517447
518414,517447
386109,386457
387093,386457
386457,386458
387094,386458
385468,386459
386458,386459
385821,386460
386459,386460
386460,386461
387255,386461
385320,386462
386461,386462
386462,386463
387633,386463
385980,386464
386463,386464
385822,386465
386464,386465
386465,386466
387256,386466
388419,386466
386466,386467
387257,386467
385981,386468
386467,386468
386468,386469
387095,386469
384475,386470
386469,386470
386110,386471
386470,386471
385672,386481
386124,386481
386481,386482
387121,386482
385995,386483
386482,386483
386483,386484
388454,386484
389376,386484
507422,507109
508087,507109
518256,517622
518257,517622
517621,517623
517622,517623
515999,517624
517623,517624
515565,517625
516149,517625
517624,517625
515564,517626
517625,517626
517098,517636
517644,517636
517636,517637
518281,517637
517637,517638
518605,517638
519146,517639
517638,517639
517635,517640
517639,517640
516497,517641
517640,517641
515390,517642
517641,517642
515391,517643
517642,517643
283302,282891
283660,282891
282419,282891
415459,413964
413963,413964
518252,517756
519298,517756
517756,517757
517759,517757
517080,517758
517757,517758
517082,517760
517761,517760
516642,517763
517765,517763
517763,517764
518789,517764
518280,517777
518421,517777
519451,517777
517777,517778
518101,517778
517245,517779
517778,517779
516496,517780
517779,517780
516162,517781
517780,517781
517643,517782
517781,517782
515573,517783
517782,517783
513804,517784
517783,517784
512980,517785
517784,517785
512648,517786
517785,517786
512981,517787
513107,517787
517786,517787
512327,517788
517787,517788
511208,517789
517788,517789
510514,517790
517789,517790
511802,517791
517790,517791
510678,517792
517791,517792
509161,517793
517792,517793
509310,517794
517793,517794
511207,517795
517794,517795
388060,386764
388611,386764
385826,386770
386117,386770
492976,492977
492980,492977
385659,386925
385983,386925
387892,386934
390098,386934
386934,386935
387267,386935
385478,386936
386935,386936
386936,386937
387268,386937
384126,386938
386937,386938
384489,386939
386258,386939
386938,386939
383797,386940
386939,386940
385338,386941
386940,386941
385123,386942
386941,386942
383798,386943
386942,386943
383799,386944
386943,386944
385479,386945
386944,386945
382873,386946
386945,386946
382874,386947
386946,386947
393223,386952
387281,386952
386487,386953
386952,386953
385998,386954
386951,386954
386953,386954
384804,386955
386954,386955
385834,386956
386955,386956
385833,386957
386956,386957
518957,518094
517443,518094
517754,518094
518094,518095
519297,518095
386763,387093
387870,387093
385829,387098
387881,387098
384944,387099
387098,387099
386928,387100
387099,387100
385105,387101
387100,387101
386255,387102
387101,387102
387102,387103
387113,387103
387103,387104
387261,387104
386771,387105
387104,387105
384118,387106
384796,387106
387105,387106
385988,387107
387106,387107
385477,387108
387107,387108
383791,387109
387108,387109
383921,387110
387109,387110
383792,387111
387110,387111
383287,387112
387111,387112
386931,387116
387644,387116
387116,387117
387643,387117
387649,387125
389012,387125
387125,387126
387282,387126
386780,387127
387126,387127
385484,387128
387127,387128
517226,518253
517227,518253
518960,518254
518792,518254
517089,518255
518254,518255
517775,518262
518798,518262
517243,518263
518262,518263
517242,518264
518263,518264
518264,518265
518968,518265
517241,518266
518265,518266
517633,518267
518266,518267
518267,518268
518419,518268
519446,518268
518800,518272
518801,518272
518272,518273
518799,518273
518273,518274
518279,518274
517095,518275
518274,518275
519142,518276
518271,518276
518275,518276
518270,518277
518276,518277
517244,518278
518277,518278
388209,387256
388210,387256
386473,387260
386769,387260
387895,387269
388078,387269
386779,387270
387269,387270
385341,387271
387270,387271
384357,387272
387271,387272
386950,387273
388080,387273
387273,387274
388621,387274
386127,387275
387274,387275
385997,387276
386263,387276
387275,387276
387276,387277
387474,387277
387277,387278
387280,387278
385481,387279
387278,387279
387475,387281
387898,387281
518804,518420
519448,518420
519145,518421
518604,518421
385660,387448
385984,387448
387448,387449
387873,387449
387887,387456
388073,387456
387456,387457
391603,387457
386479,387458
387457,387458
387458,387459
389374,387459
385669,387460
387459,387460
384799,387461
387460,387461
386480,387462
387461,387462
384636,387463
387462,387463
386119,387464
387463,387464
386773,387465
387464,387465
384637,387466
387465,387466
384638,387467
387466,387467
386488,387476
388457,387476
518096,518576
519907,518576
517445,518577
518576,518577
518577,518578
520306,518578
518578,518579
519779,518579
518579,518580
521090,518580
517760,518581
518597,518581
518581,518582
518788,518582
518580,518583
518582,518583
518583,518584
520774,518584
518584,518585
521254,518585
522683,518586
518585,518586
518586,518587
522142,518587
518587,518588
521255,518588
518588,518589
520307,518589
518589,518590
519780,518590
518590,518591
520308,518591
518591,518592
523311,518592
518592,518593
522336,518593
518593,518594
521091,518594
519136,518595
518594,518595
518595,518596
521490,518596
518959,518597
519436,518597
517085,518598
518253,518598
517764,518599
518598,518599
413492,414131
414130,414131
387259,387638
387876,387638
283059,283060
284026,283060
386949,387646
387473,387646
387646,387647
388079,387647
388081,387649
388625,387649
479672,479673
481602,479673
283855,283066
283065,283066
518958,518788
517081,518788
385987,387880
387640,387880
387880,387881
388788,387881
517225,518956
518251,518956
520776,518961
521093,518961
386120,387890
387889,387890
520045,518965
519443,518965
518965,518966
519442,518966
388461,387899
388628,387899
387899,387900
388460,387900
519296,519119
519906,519119
517442,519120
519119,519120
517753,519121
519120,519121
517617,519122
519121,519122
517078,519123
519122,519123
515559,519124
519123,519124
515558,519125
519124,519125
514611,519126
519125,519126
512963,519127
519126,519127
512809,519128
519127,519128
512810,519129
519128,519129
511766,519130
519129,519130
510663,519131
519130,519131
506328,519132
519131,519132
519132,519133
504753,519133
518406,519134
519781,519134
519134,519135
518097,519135
387641,388064
387262,388064
518258,519138
518408,519138
385991,388067
388066,388067
387454,388069
388068,388069
388069,388070
386118,388070
388074,388075
388795,388075
387894,388076
388075,388076
501125,501587
501586,501587
500099,501605
501604,501605
389001,388217
390261,388217
388616,388220
389003,388220
388220,388221
389910,388221
518956,519296
518095,519296
389747,388225
389748,388225
388225,388226
387897,388226
518603,519303
519441,519303
520067,519304
519449,519304
519304,519305
519617,519305
516872,519306
517634,519306
519305,519306
516326,519307
519306,519307
501622,501623
502712,501623
543363,545320
545319,545320
413949,414249
414642,414249
547016,545323
548455,545323
414949,414254
416001,414254
519916,519450
520068,519450
414258,414255
414951,414255
414255,414256
414795,414256
540579,545329
545328,545329
540162,545331
545330,545331
387871,388416
387872,388416
388416,388417
388420,388417
388417,388418
389352,388418
388418,388419
389351,388419
387258,388421
388427,388421
388421,388422
390089,388422
388422,388423
390090,388423
388423,388424
388968,388424
388424,388425
389724,388425
388425,388426
390592,388426
386766,388429
388428,388429
387634,388430
387635,388430
388429,388430
388430,388431
389353,388431
388431,388432
389541,388432
386767,388433
388432,388433
386114,388436
387636,388436
387096,388438
387450,388438
388437,388438
387637,388439
388438,388439
388212,388442
388997,388442
369875,370575
370574,370575
388446,388445
389358,388445
387886,388449
388216,388449
387896,388455
388622,388455
370050,370581
370580,370581
517093,523501
523500,523501
520487,523503
523502,523503
391117,392432
392655,392432
523504,523505
519786,523505
392433,392434
392435,392434
520304,519599
520480,519599
518787,519600
519599,519600
519600,519601
521488,519601
518962,523507
523506,523507
519603,519604
521258,519604
518790,519605
519604,519605
519783,519605
519605,519606
520915,519606
519606,519607
521492,519607
522686,519608
519607,519608
522685,519609
519608,519609
370066,370593
370592,370593
391974,392439
392296,392439
392439,392440
393204,392440
392440,392441
392660,392441
391606,392442
391976,392442
392129,392442
392441,392443
392442,392443
391982,392444
392130,392444
370075,370599
370805,370599
389223,388613
389575,388613
388619,388620
389231,388620
389232,388621
388620,388621
389235,388623
388799,388623
388227,388624
388623,388624
388459,388626
389380,388626
389237,388627
388626,388627
519137,519785
519438,519785
518794,519787
519139,519787
518259,519789
518601,519789
519789,519790
519910,519790
519788,519791
519790,519791
519614,519792
519791,519792
519911,519794
520597,519794
519302,519795
519794,519795
518964,519796
519795,519796
520043,519797
519796,519797
519913,519798
520489,519798
265736,267077
267076,267077
386925,388778
388433,388778
386926,388779
388778,388779
387449,388780
388779,388780
387874,388781
388780,388781
388781,388782
389725,388782
386768,388783
388782,388783
388783,388784
389542,388784
387882,388789
388063,388789
388801,388802
389379,388802
519601,519906
520305,519906
520757,519906
519301,519908
519909,519908
519787,520031
520036,520031
520031,520032
521095,520032
520032,520033
521260,520033
520033,520034
521498,520034
518410,520035
518795,520035
519613,520036
520035,520036
519793,520039
520311,520039
520038,520040
520039,520040
520040,520041
521645,520041
520041,520042
522146,520042
520777,520044
521514,520044
520063,520049
520922,520049
520049,520050
522520,520050
520050,520051
519914,520051
520051,520052
522992,520052
520052,520053
520316,520053
520053,520054
518268,520054
520054,520055
519800,520055
520048,520056
520055,520056
520056,520057
519445,520057
520057,520058
518418,520058
520058,520059
517774,520059
520059,520060
517240,520060
520060,520061
518797,520061
520061,520062
518417,520062
519615,520063
520601,520063
519801,520064
520603,520064
520064,520065
519616,520065
388214,388996
388995,388996
388213,388998
388787,388998
388076,389004
389375,389004
389004,389005
390464,389005
388453,389006
389005,389006
389378,389010
390299,389010
389236,389011
389010,389011
388800,389012
389011,389012
387632,389213
388966,389213
389213,389214
390087,389214
388610,389215
389214,389215
388967,389216
389215,389216
389216,389217
389897,389217
389217,389218
389899,389218
389218,389219
390940,389219
389219,389220
390939,389220
388450,389227
388451,389227
348381,348877
348876,348877
479953,479950
479949,479950
480604,479951
479950,479951
388444,389354
389222,389354
390256,389355
390745,389355
389365,389359
389730,389359
388448,389360
389359,389360
389360,389361
389906,389361
389361,389362
389729,389362
387453,389363
389362,389363
387115,389364
389363,389364
389907,389366
390460,389366
389225,389367
389366,389367
389224,389368
389367,389368
390259,389372
390260,389372
389228,389373
389372,389373
387265,389374
389373,389374
480739,479961
481276,479961
348897,348890
349518,348890
519602,520482
520481,520482
348696,348891
348890,348891
519437,520484
519784,520484
477599,479964
479963,479964
345788,348893
346909,348893
348892,348893
479080,479966
479965,479966
358353,357767
358546,357767
520312,520596
520919,520596
520924,520602
522157,520602
520066,520604
520926,520604
408656,389545
389903,389545
392643,389545
392651,389545
388996,389546
389545,389546
389546,389547
389728,389547
387097,389548
389547,389548
385330,389549
389548,389549
388062,389550
389549,389550
388443,389551
389550,389551
389551,389552
390944,389552
388999,389553
389552,389553
394982,389554
389553,389554
389554,389555
392124,389555
389555,389556
391591,389556
389556,389557
392821,389557
389557,389558
391969,389558
389354,389559
389558,389559
389000,389560
389559,389560
389560,389561
391970,389561
388789,389562
389561,389562
389562,389563
391438,389563
387883,389564
389563,389564
389355,389565
389564,389565
388064,389566
389565,389566
389356,389567
389566,389567
386474,389569
389568,389569
386929,389570
389569,389570
389570,389571
390456,389571
386475,389572
389571,389572
385665,389573
389572,389573
385108,389574
389573,389574
389583,389580
389917,389580
388223,389581
389580,389581
387123,389582
389581,389582
388796,389583
389230,389583
390953,389583
389233,389585
390103,389585
356473,357770
357027,357770
546373,545543
545869,545543
520482,520758
521974,520758
520483,520759
520758,520759
520759,520760
521252,520760
520760,520761
521804,520761
520761,520762
524180,520762
525474,520763
520762,520763
523628,520763
520763,520764
521975,520764
520764,520765
522335,520765
520765,520766
523824,520766
524500,520767
520766,520767
520767,520768
523826,520768
525628,520769
520768,520769
525630,520770
520769,520770
527674,520771
520770,520771
527337,520772
520771,520772
527675,520773
520772,520773
521496,520776
521640,520776
521983,520779
520783,520779
520047,520780
520600,520780
520779,520780
518967,520781
520780,520781
520046,520782
520781,520782
388786,389727
389221,389727
390598,389731
390599,389731
388792,389732
389731,389732
387468,389733
389732,389733
389733,389734
389736,389734
389734,389735
390774,389735
389576,389737
390099,389737
389002,389738
389737,389738
388218,389739
389738,389739
387645,389740
389739,389740
388219,389741
389740,389741
386775,389742
389741,389742
386776,389743
389742,389743
387893,389744
389743,389744
386777,389745
389744,389745
390273,389746
390601,389746
494672,495783
495782,495783
369212,369213
370422,369213
520309,520914
520484,520914
520592,520914
520914,520915
522143,520915
521641,520917
521642,520917
520315,520920
520778,520920
521516,520922
521517,520922
520490,520928
520491,520928
520784,520929
520928,520929
390088,389898
391432,389898
389350,389899
389898,389899
389229,389912
389911,389912
389577,389913
389912,389913
389913,389914
390602,389914
390603,389917
391133,389917
520916,521092
521495,521092
520485,521093
521092,521093
520599,521102
520921,521102
521817,521104
521985,521104
389349,390084
391964,390084
389723,390085
390084,390085
513093,514909
514908,514909
390086,390087
391115,390087
390775,390093
390950,390093
390093,390094
390600,390094
390094,390095
390462,390095
388614,390096
390095,390096
388615,390097
390096,390097
387266,390098
390097,390098
390296,390102
390604,390102
389751,390106
390469,390106
389753,390107
390300,390107
521253,521254
521976,521254
521491,521256
521978,521256
521256,521257
521805,521257
520775,521258
521257,521258
523512,521261
521981,521261
521101,521262
521261,521262
520598,521263
521262,521263
518796,521264
521263,521264
517772,521265
521264,521265
521662,521267
522158,521267
520925,521268
521267,521268
521268,521269
521518,521269
520605,521270
521277,521270
521270,521271
522159,521271
521271,521272
523134,521272
521272,521273
523133,521273
520927,521274
521273,521274
520318,521275
521274,521275
518803,521276
521275,521276
520492,521279
520606,521279
520930,521280
521279,521280
390463,390262
390776,390262
388794,390263
390262,390263
389746,390264
390263,390264
389745,390265
390264,390265
388221,390266
390265,390266
386122,390267
390266,390267
388222,390268
390267,390268
386123,390269
390268,390269
387119,390270
390269,390270
386259,390271
390270,390271
385994,390272
390271,390272
391788,390275
390101,390275
392134,390277
392300,390277
389584,390278
390277,390278
390102,390279
390278,390279
388618,390280
390279,390280
387647,390281
390280,390281
389008,390282
390281,390282
388224,390283
390282,390283
390283,390284
387472,390284
386262,390285
390284,390285
387471,390286
390285,390286
385342,390287
390286,390287
385125,390288
390287,390288
384359,390289
390288,390289
385680,390290
390289,390290
383941,390291
390290,390291
382675,390292
390291,390292
382202,390293
390292,390293
380097,390294
390293,390294
380796,390295
390294,390295
328058,327720
328835,327720
520488,521500
521096,521500
521499,521501
521500,521501
520037,521502
520595,521502
522507,521503
521098,521503
524929,521504
521513,521504
522351,521504
521099,521505
521504,521505
520314,521506
521505,521506
520044,521507
521506,521507
519303,521508
521507,521508
518415,521509
521508,521509
518261,521510
521509,521510
521100,521511
521510,521511
517448,521512
521511,521512
390946,390455
390947,390455
389357,390456
390455,390456
391129,390463
391784,390463
521094,521643
521497,521643
521503,521647
523322,521647
521647,521648
522508,521648
521648,521649
522148,521649
519797,521650
521649,521650
520313,521651
521650,521651
518602,521652
521651,521652
517770,521653
521652,521653
516647,521654
517447,521654
521653,521654
515385,521655
521654,521655
517771,521656
521655,521656
516002,521657
517239,521657
521656,521657
516863,521658
521657,521658
521515,521659
522352,521659
390107,390607
391452,390607
523508,521807
523832,521807
521807,521808
523316,521808
527346,521809
521808,521809
520593,521810
521809,521810
520917,521811
521810,521811
520486,521812
521811,521812
519610,521813
521812,521813
519611,521814
521813,521814
390254,390743
391435,390743
517231,521816
521815,521816
390949,390746
391442,390746
390459,390747
390746,390747
395216,390749
396874,390749
391120,390749
390258,390750
390749,390750
390750,390751
390772,390751
391443,390751
390751,390752
391123,390752
389227,390753
390752,390753
389369,390754
390753,390754
388449,390755
390754,390755
387264,390756
387885,390756
390755,390756
386477,390757
390756,390757
387117,390758
390757,390758
385109,390759
390758,390759
386256,390760
390759,390760
384798,390761
390760,390761
383288,390762
390761,390762
383796,390763
390762,390763
382862,390764
390763,390764
381396,390765
390764,390765
381701,390766
390765,390766
382664,390767
390766,390767
377983,390768
390767,390768
379056,390769
379747,390769
380791,390769
390768,390769
380264,390770
390769,390770
377645,390771
390770,390771
390951,390776
391316,390776
390100,390777
391132,390777
400120,390782
392139,390782
390782,390783
390956,390783
391623,390784
390104,390784
390783,390784
389234,390785
390784,390785
389009,390786
390785,390786
388458,390787
390786,390787
387476,390788
390787,390788
388624,390789
390788,390789
385483,390790
390789,390790
384954,390791
390790,390791
387128,390792
390791,390792
384653,390793
390792,390793
384361,390794
390793,390794
383944,390795
390794,390795
382885,390796
390795,390796
383662,390797
390796,390797
382206,390798
390797,390798
382534,390799
390798,390799
381714,390800
390799,390800
381401,390801
390800,390801
381713,390802
390801,390802
381077,390803
390802,390803
380270,390804
390803,390804
379759,390805
390804,390805
377990,390806
390805,390806
377124,390807
390806,390807
521803,521973
522334,521973
521251,521974
521973,521974
521280,521986
523842,521986
521986,521987
523334,521987
520929,521988
521987,521988
521278,521989
521988,521989
521663,521990
521989,521990
521990,521991
522160,521991
524392,521992
524800,521992
521991,521992
391587,390942
391589,390942
389905,390943
390942,390943
390943,390944
390945,390944
522684,522142
523126,522142
522518,522151
523131,522151
521982,522152
522151,522152
521266,522153
522152,522153
390457,391118
390948,391118
391124,391121
391972,391121
390091,391122
391121,391122
391444,391123
391122,391123
391319,391134
390297,391134
480725,480270
480726,480270
521494,522338
521980,522338
522338,522339
523314,522339
522339,522340
523313,522340
521493,522341
522340,522341
523127,522341
521644,522342
522506,522342
520042,522343
523128,522343
521502,522344
522343,522344
523509,522345
522344,522345
519792,522346
522345,522346
521097,522347
522346,522347
521501,522348
522347,522348
522349,522350
524190,522350
522509,522351
522350,522351
523132,522353
523333,522353
521104,522354
522353,522354
480274,480275
479496,480275
521269,522356
522355,522356
520317,522357
522356,522357
519802,522358
522357,522358
519143,522359
518802,522359
522358,522359
518099,522360
522359,522360
516494,522362
522361,522362
515387,522363
515572,522363
522362,522363
514624,522364
522363,522364
514770,522365
522364,522365
513668,522366
522365,522366
480276,480277
479331,480277
512644,522368
522367,522368
512645,522369
522368,522369
512149,522370
512150,522370
522369,522370
511204,522371
522370,522371
511205,522372
522371,522372
478710,480278
480277,480278
390253,391308
391116,391308
390590,391309
391308,391309
479497,480280
480279,480280
350595,349209
350953,349209
391790,391322
391321,391322
521806,522504
521979,522504
522504,522505
524183,522505
522153,522510
523130,522510
522510,522511
521102,522511
522511,522512
523326,522512
391440,391441
391311,391441
524385,522514
522513,522514
522514,522515
523836,522515
520920,522517
522516,522517
522156,522519
523330,522519
523652,522519
522519,522520
521103,522520
391453,391452
392309,391452
390937,391577
391114,391577
393912,391580
392646,391580
392119,391583
392120,391583
391582,391584
391583,391584
391968,391586
392123,391586
389904,391587
390594,391587
391586,391587
391588,391589
392652,391589
392437,391593
392438,391593
391593,391594
391973,391594
391445,391595
391594,391595
390773,391596
391595,391596
390092,391597
391596,391597
390597,391598
391597,391598
389908,391599
391598,391599
523125,522672
523490,522672
521802,522673
522672,522673
522673,522674
524179,522674
526101,522675
522674,522675
526252,522676
522675,522676
524917,522677
522676,522677
524918,522678
522677,522678
526253,522680
522679,522680
526766,522681
522680,522681
536127,522692
538343,522692
522517,522693
522692,522693
391621,391622
390808,391622
391622,391623
390606,391623
519140,522698
516864,522698
522697,522698
515080,522699
522698,522699
515386,522700
522699,522700
515749,522701
522700,522701
514620,522702
522701,522702
515748,522704
522703,522704
514011,522705
522704,522705
516487,522706
522705,522706
510347,522708
522707,522708
414797,414798
416401,414798
511032,522710
522709,522710
508970,522711
522710,522711
508969,522712
522711,522712
510332,522713
522712,522713
508097,522714
522713,522714
414798,414799
414955,414799
510331,522716
522715,522716
507303,522717
522716,522717
505995,522718
522717,522718
504434,522719
522718,522719
506911,522720
522719,522720
413021,414800
414799,414800
503280,522722
522721,522722
503058,522723
522722,522723
501618,522724
522723,522724
508451,522725
522724,522725
501274,522726
522725,522726
497397,522727
522726,522727
498340,522728
522727,522728
501276,522729
522728,522729
496909,522730
522729,522730
498037,522731
522730,522731
496121,522732
522731,522732
496603,522733
522732,522733
495616,522734
522733,522734
504603,522735
522734,522735
495244,522736
492757,522736
522735,522736
491918,522737
522736,522737
490036,522738
522737,522738
490472,522739
522738,522739
491244,522740
522739,522740
491561,522741
522740,522741
490473,522742
522741,522742
489400,522743
522742,522743
489401,522744
522743,522744
488194,522745
489214,522745
522744,522745
489553,522746
522745,522746
488689,522747
522746,522747
486415,522748
522747,522748
485787,522749
522748,522749
485609,522750
522749,522750
484516,522751
522750,522751
484673,522752
522751,522752
483845,522753
522752,522753
482784,522754
522753,522754
502492,522755
522754,522755
485288,522756
522755,522756
481614,522757
522756,522757
481613,522758
522757,522758
479514,522759
480925,522759
522758,522759
480615,522760
522759,522760
479515,522761
522760,522761
477996,522762
522761,522762
475348,522763
522762,522763
479343,522764
522763,522764
479083,522765
522764,522765
477765,522766
479206,522766
522765,522766
477766,522767
522766,522767
477107,522768
522767,522768
476325,522769
522768,522769
475507,522770
522769,522770
476326,522771
522770,522771
474431,522772
522771,522772
472863,522773
522772,522773
475007,522774
522773,522774
473798,522775
522774,522775
475847,522776
522775,522776
475008,522777
522776,522777
474277,522778
522777,522778
475009,522779
474545,522779
522778,522779
474136,522780
522779,522780
473434,522781
522780,522781
472525,522782
522781,522782
471694,522783
522782,522783
473026,522784
522783,522784
471224,522785
522784,522785
470792,522786
522785,522786
471075,522787
522786,522787
470444,522788
522787,522788
469610,522789
522788,522789
469611,522790
522789,522790
469366,522791
522790,522791
468858,522792
522791,522792
468352,522793
522792,522793
467313,522794
522793,522794
466819,522795
522794,522795
466156,522796
522795,522796
467782,522797
522796,522797
466157,522798
522797,522798
465656,522799
522798,522799
470616,522800
522799,522800
465842,522801
522800,522801
464921,522802
522801,522802
466633,522803
522802,522803
464613,522804
522803,522804
463874,522805
522804,522805
463437,522806
462331,522806
522805,522806
462475,522807
522806,522807
460956,522808
522807,522808
460352,522809
522808,522809
466329,522810
522809,522810
459449,522811
522810,522811
465840,522812
522811,522812
458181,522813
459331,522813
522812,522813
457165,522814
522813,522814
458503,522815
522814,522815
457167,522816
522815,522816
457029,522817
522816,522817
455960,522818
522817,522818
455474,522819
522818,522819
456875,522820
522819,522820
454505,522821
522820,522821
453110,522822
522821,522822
455109,522823
522822,522823
453111,522824
522823,522824
454114,522825
522824,522825
451672,522826
522825,522826
452172,522827
522826,522827
448470,522828
522827,522828
451479,522829
522828,522829
450360,522830
522829,522830
448914,522831
522830,522831
447363,522832
522831,522832
448628,522833
522832,522833
447788,522834
522833,522834
447242,522835
522834,522835
446143,522836
522835,522836
447364,522837
522836,522837
446144,522838
522837,522838
447645,522839
522838,522839
451489,522840
522839,522840
445364,522841
446946,522841
522840,522841
449997,522842
522841,522842
442693,522843
522842,522843
443823,522844
522843,522844
441266,522845
522844,522845
441877,522846
522845,522846
438448,522847
439206,522847
522846,522847
438449,522848
522847,522848
442386,522849
442834,522849
522848,522849
441119,522850
522849,522850
442968,522851
522850,522851
437633,522852
522851,522852
443650,522853
522852,522853
437328,522854
438107,522854
522853,522854
434909,522855
435912,522855
522854,522855
437495,522856
522855,522856
436243,522857
522856,522857
433853,522858
522857,522858
436906,522859
522858,522859
435732,522860
522859,522860
435388,522861
522860,522861
434910,522862
522861,522862
433454,522863
522862,522863
432496,522864
522863,522864
433296,522865
522864,522865
431369,522866
522865,522866
432649,522867
522866,522867
428317,522868
522867,522868
431693,522869
522868,522869
429169,522870
522869,522870
429476,522871
522870,522871
428318,522872
522871,522872
431694,522873
522872,522873
430153,522874
522873,522874
429171,522875
522874,522875
428319,522876
522875,522876
429618,522877
522876,522877
428154,522878
522877,522878
427161,522879
522878,522879
425270,522880
522879,522880
425590,522881
522880,522881
427024,522882
522881,522882
424285,522883
522882,522883
423132,522884
522883,522884
425701,522885
522884,522885
423133,522886
522885,522886
430674,522887
522886,522887
423715,522888
522887,522888
422984,522889
522888,522889
422104,522890
522889,522890
422348,522891
522890,522891
420668,522892
522891,522892
421213,522893
522892,522893
509703,522894
522893,522894
419829,522895
522894,522895
419150,522896
522895,522896
417830,522897
522896,522897
417377,522898
418329,522898
522897,522898
416400,522899
522898,522899
417240,522900
522899,522900
416004,522901
522900,522901
417827,522902
522901,522902
415249,522903
415634,522903
522902,522903
414796,522904
522903,522904
414413,522905
522904,522905
414802,522906
522905,522906
412278,522907
522906,522907
412137,522908
414259,522908
522907,522908
415776,522909
522908,522909
410496,522910
522909,522910
409269,522911
522910,522911
411675,522912
522911,522912
409652,522913
522912,522913
408815,522914
522913,522914
408219,522915
522914,522915
408681,522916
522915,522916
406418,522917
522916,522917
405508,522918
522917,522918
408961,522919
522918,522919
406890,522920
522919,522920
406181,522921
522920,522921
404666,522922
522921,522922
404810,522923
522922,522923
404667,522924
522923,522924
403356,522925
404153,522925
522924,522925
402546,522926
522925,522926
402547,522927
522926,522927
402854,522928
522927,522928
400885,522929
522928,522929
402379,522930
522929,522930
401180,522931
522930,522931
401037,522932
522931,522932
399116,522933
400451,522933
522932,522933
401481,522934
522933,522934
397998,522935
522934,522935
397338,522936
522935,522936
397543,522937
522936,522937
397539,522938
522937,522938
395939,522939
522938,522939
394662,522940
522939,522940
394524,522941
522940,522941
522941,522942
393053,522942
394143,522943
522942,522943
522943,522944
392302,522944
393210,522944
393441,522945
522944,522945
390466,522946
391134,522946
522945,522946
396913,522947
522946,522947
389585,522948
522947,522948
522948,522949
392308,522949
388455,522950
522949,522950
388797,522951
522950,522951
388226,522952
522951,522952
387124,522953
522952,522953
384803,522954
522953,522954
386957,522955
522954,522955
384155,522956
522955,522956
382883,522957
522956,522957
384360,522958
522957,522958
384652,522959
522958,522959
384492,522960
522959,522960
382204,522961
522960,522961
381559,522962
522961,522962
385130,522963
522962,522963
380928,522964
522963,522964
380268,522965
522964,522965
382042,522966
522965,522966
380269,522967
383476,522967
522966,522967
380099,522968
522967,522968
373369,522969
522968,522969
377653,522970
379481,522970
522969,522970
376812,522971
522970,522971
378126,522972
522971,522972
376043,522973
522972,522973
376475,522974
522973,522974
376811,522975
522974,522975
379324,522976
522975,522976
376041,522977
522976,522977
377123,522978
377652,522978
522977,522978
377316,522979
522978,522979
375099,522980
522979,522980
373163,522981
522980,522981
371819,522982
522981,522982
370962,522983
522982,522983
369403,522984
522983,522984
371307,522985
522984,522985
366595,522986
522985,522986
369893,522987
522986,522987
523329,522988
523838,522988
521984,522989
522988,522989
522989,522990
523328,522990
522155,522991
522990,522991
521660,522992
522154,522992
522991,522992
391431,391965
392291,391965
392428,391967
393192,391967
391604,391976
391975,391976
391128,391977
391609,391977
391783,391978
391977,391978
391978,391979
391981,391979
391782,391980
391979,391980
525291,523128
523510,523128
523650,523130
523651,523130
523331,523132
523840,523132
391577,392117
391965,392117
392127,392126
393048,392126
391984,392132
393052,392132
390780,392133
392132,392133
390276,392134
392133,392134
393447,392138
395377,392138
391618,392139
392138,392139
524378,523311
523310,523311
522687,523315
522144,523315
524184,523317
524185,523317
523317,523318
523492,523318
523649,523320
524188,523320
523320,523321
523834,523321
522147,523322
523321,523322
524389,523332
523516,523332
522995,523333
523332,523333
391127,392297
391315,392297
393589,392299
392666,392299
391789,392300
392299,392300
391449,392301
392450,392301
390954,392302
392301,392302
393442,392303
392136,392303
390955,392304
392303,392304
391985,392305
392304,392305
390605,392306
392305,392306
390298,392307
392306,392307
389918,392308
392307,392308
522348,523493
524025,523493
524786,523494
523493,523494
525478,523495
523494,523495
523318,523496
523495,523496
520594,523497
523496,523497
520034,523498
523497,523498
519908,523499
523498,523499
523499,523500
520030,523500
393916,392429
393199,392429
523501,523502
519612,523502
518409,523504
523503,523504
393920,392433
393202,392433
519138,523506
523505,523506
523507,523508
520918,523508
327057,327551
327550,327551
391787,392446
392663,392446
392446,392447
393207,392447
391318,392448
392447,392448
327551,327552
325510,327552
326428,327553
327222,327553
328219,327554
327553,327554
328628,327555
327554,327555
327855,327556
328224,327556
459725,458635
458634,458635
524380,523629
523828,523629
525085,523632
524187,523632
523319,523633
523632,523633
521646,523634
523633,523634
520596,523635
523634,523635
519440,523636
523635,523636
518411,523637
523636,523637
517238,523638
523637,523638
518412,523639
523638,523639
516154,523640
523639,523640
515252,523641
523640,523641
515253,523642
523641,523642
515384,523643
523642,523643
514763,523644
523643,523644
514922,523645
523644,523645
514296,523646
523645,523646
513276,523647
523646,523647
513094,523648
523647,523648
458646,458647
459602,458647
393907,392595
392117,392595
391578,392596
392595,392596
391778,392597
392596,392597
391966,392598
392597,392598
396339,392599
392598,392599
393428,392600
392599,392600
394653,392601
392600,392601
393744,392602
392601,392602
389220,392603
392602,392603
392118,392604
392603,392604
393429,392605
392604,392605
394132,392606
391309,392606
392605,392606
392606,392607
393044,392607
391779,392608
392607,392608
392818,392608
391433,392609
392608,392609
393430,392610
392609,392610
394296,392611
392610,392611
388426,392612
392611,392612
390941,392613
392612,392613
393577,392614
392613,392614
392614,392615
392644,392615
392292,392616
392615,392616
391580,392617
392616,392617
390451,392618
392617,392618
391434,392619
392618,392619
390593,392620
392619,392620
392294,392621
392620,392621
390452,392622
392621,392622
392622,392623
393188,392623
393579,392624
392623,392624
394299,392625
392624,392625
390453,392626
392625,392626
394506,392627
392626,392627
391581,392628
392627,392628
392628,392629
393190,392629
390744,392630
392629,392630
389900,392631
392630,392631
392427,392632
392631,392632
389901,392633
392632,392633
389543,392634
392633,392634
391584,392635
392634,392635
388441,392636
389902,392636
392635,392636
391310,392637
392636,392637
390255,392638
392637,392638
389544,392639
392638,392639
390454,392640
392639,392640
389727,392641
392640,392641
388998,392642
392641,392642
387879,392643
392642,392643
393578,392645
393747,392645
392293,392646
392645,392646
393194,392649
393197,392649
392295,392650
392649,392650
391585,392651
392650,392651
391971,392657
392824,392657
274945,274946
275720,274946
394138,392662
393049,392662
393587,392663
394317,392663
393051,392664
393209,392664
391616,392665
392664,392665
522502,523824
523825,523824
524637,523830
524023,523830
526612,523831
522690,523831
522688,523832
523630,523832
523831,523832
524394,523841
525490,523841
523517,523842
523841,523842
392449,392828
393050,392828
524921,524024
525636,524024
524024,524025
524186,524025
525293,524026
526260,524026
523325,524027
524026,524027
524645,524028
524027,524028
524033,524028
524034,524029
524028,524029
519912,524030
524029,524030
518416,524031
524030,524031
521265,524032
524031,524032
435890,436873
436872,436873
393745,393044
393746,393044
392430,393047
392431,393047
524382,524187
524922,524187
523514,524191
524037,524191
524934,524192
524191,524192
393905,393187
392817,393187
393580,393189
394301,393189
393748,393190
393189,393190
394304,393194
393193,393194
393752,393195
393046,393195
393751,393196
393195,393196
393584,393197
393196,393197
394144,393212
393443,393212
393590,393213
393212,393213
392829,393214
393213,393214
392137,393215
393214,393215
